symbol,timestamp,open,high,low,close,volume
NVDA,2025-01-02 00:00:00+00:00,99.73385356836727,101.53138539965803,97.81481987288112,100.04222318752292,66992387
NVDA,2025-01-03 00:00:00+00:00,100.85413606847892,101.48901123207538,99.57874702575528,100.62188194973345,62021218
NVDA,2025-01-06 00:00:00+00:00,100.77743795724075,101.77678960691543,99.18076535978058,100.16664680562258,72841736
NVDA,2025-01-07 00:00:00+00:00,98.48945055569781,100.32289187859523,96.78236074126424,98.61314941557754,86781669
NVDA,2025-01-08 00:00:00+00:00,97.61306381088575,98.77938633152662,96.9779035939095,97.84851718786861,70221054
NVDA,2025-01-09 00:00:00+00:00,96.22953602372677,96.85234559839832,94.5925070053853,96.15590665397042,21089894
NVDA,2025-01-10 00:00:00+00:00,96.29779010462552,96.95381904258838,95.67581764536818,96.29857167446808,10609341
NVDA,2025-01-13 00:00:00+00:00,98.29714436290158,98.9324862198254,96.85420803501161,98.68938189554262,87230826
NVDA,2025-01-14 00:00:00+00:00,98.03843777001616,98.54535590586634,97.13913302963908,97.85801912602243,74553297
NVDA,2025-01-15 00:00:00+00:00,97.59037140713605,98.19065157310705,95.60465586374579,96.80988390654116,63258681
NVDA,2025-01-16 00:00:00+00:00,97.60544405575992,98.1251304065684,95.79081276669802,97.70632074935467,30236130
NVDA,2025-01-17 00:00:00+00:00,98.29551341585237,98.59159894261346,98.09576013169324,98.37534547936197,73669640
NVDA,2025-01-20 00:00:00+00:00,98.18949042655464,99.5728437399987,96.5852864460064,98.601618381043,18728472
NVDA,2025-01-21 00:00:00+00:00,97.12655221965342,97.61932635530562,95.90709004071662,97.0027424001262,60809744
NVDA,2025-01-22 00:00:00+00:00,96.50668991140145,98.44887988753773,95.71511453852284,96.99046914760265,40122732
NVDA,2025-01-23 00:00:00+00:00,97.81624029752948,100.07167204081179,97.06743411982755,98.25126981247891,79625359
NVDA,2025-01-24 00:00:00+00:00,96.43198356878678,97.0285802178428,95.71842340759444,95.94089388106264,64548088
NVDA,2025-01-27 00:00:00+00:00,94.84716840515885,96.32212268635107,94.28669796799491,95.19193572287877,36099098
NVDA,2025-01-28 00:00:00+00:00,92.42424376037769,93.40650899511587,90.84461108804518,92.02619088800378,73233465
NVDA,2025-01-29 00:00:00+00:00,90.49915002573677,90.71879709515466,89.69394379210094,89.95068185839054,66643812
NVDA,2025-01-30 00:00:00+00:00,87.14270640250383,87.43660505006987,85.85815714996383,87.05240643380263,30138545
NVDA,2025-01-31 00:00:00+00:00,86.91145041650167,88.45941372063047,85.04729536364692,86.71949113309107,31129042
NVDA,2025-02-03 00:00:00+00:00,85.45956194814701,86.31491719364537,83.13240390292677,84.79737889625747,40933206
NVDA,2025-02-04 00:00:00+00:00,85.17944664307352,86.63498865278379,83.65511077459807,85.246528296247,50692578
NVDA,2025-02-05 00:00:00+00:00,85.3187352770022,85.71530381429386,83.92585520074832,85.52159448216867,32140467
NVDA,2025-02-06 00:00:00+00:00,84.80686772804859,86.31734438411775,84.43531926475518,85.26841922299857,64519236
NVDA,2025-02-07 00:00:00+00:00,81.538010147708,82.9601086411191,79.94014872277974,81.52440956730794,51949760
NVDA,2025-02-10 00:00:00+00:00,81.24791422544621,82.667661064924,80.3781568594135,80.77003212372026,26089943
NVDA,2025-02-11 00:00:00+00:00,81.04171514470532,81.13156821418313,79.3180640633414,80.73183555856924,66204809
NVDA,2025-02-12 00:00:00+00:00,80.62405618076114,81.81217901540825,79.19865514151405,80.92902628813127,14892753
NVDA,2025-02-13 00:00:00+00:00,78.49247339450721,79.39292670235163,77.48649360420347,78.76195755320111,84339724
NVDA,2025-02-14 00:00:00+00:00,77.96124373323207,79.32500112598969,77.1110897863961,78.11878470811571,73275848
NVDA,2025-02-17 00:00:00+00:00,76.87537431459435,77.05919570686052,76.41641516054841,76.78560638682667,17247206
NVDA,2025-02-18 00:00:00+00:00,75.64388107718078,76.16283475334345,74.82163972676676,75.70605434941625,74715703
NVDA,2025-02-19 00:00:00+00:00,77.26273516768164,78.53295098470653,76.69305624639307,77.19651477900639,36594913
NVDA,2025-02-20 00:00:00+00:00,76.2033130535934,76.95936942326951,75.85481528353971,76.11297019184971,63253188
NVDA,2025-02-21 00:00:00+00:00,76.00791554536231,76.83015996668158,75.74678028633343,76.09886086377196,28879175
NVDA,2025-02-24 00:00:00+00:00,77.33847785328985,78.85171764786884,76.08387386246292,77.3509078167041,35714529
NVDA,2025-02-25 00:00:00+00:00,76.63650531341969,77.17893256514795,75.15465763144488,76.57322753299111,11181348
NVDA,2025-02-26 00:00:00+00:00,76.42431733956768,76.58704864113224,76.14189073966051,76.44999527332052,62653840
NVDA,2025-02-27 00:00:00+00:00,76.7871480491105,77.4361388838475,76.53686200087732,76.63280318771851,57162507
NVDA,2025-02-28 00:00:00+00:00,77.3258984517916,77.62855957073873,76.29032657895836,76.75152815343891,16710430
NVDA,2025-03-03 00:00:00+00:00,75.28548713466012,75.47791271923265,74.84068241449175,75.10764056829628,32077333
NVDA,2025-03-04 00:00:00+00:00,75.25753515794807,76.14477233764609,74.89584192896704,75.24073825109215,63000770
NVDA,2025-03-05 00:00:00+00:00,76.61434392173686,78.60923004653453,75.68859663169489,77.13457610282526,73853867
NVDA,2025-03-06 00:00:00+00:00,75.16259191299996,76.06520023098906,74.3689477842546,75.04613319639364,56095883
NVDA,2025-03-07 00:00:00+00:00,75.65282130329128,77.26024229097048,74.96019303336587,76.24653120839334,23150532
NVDA,2025-03-10 00:00:00+00:00,76.01025119025513,76.98755691932892,75.63729621658096,76.44108355952746,59376345
NVDA,2025-03-11 00:00:00+00:00,75.85218820581291,76.75113784427009,74.56363622627309,75.59376660508225,27873077
NVDA,2025-03-12 00:00:00+00:00,78.61812595019622,79.82040510060386,77.88702736010995,78.39666007043877,45758741
NVDA,2025-03-13 00:00:00+00:00,79.46383910877027,80.48128198086653,78.78173814620573,79.5115266234067,48333404
NVDA,2025-03-14 00:00:00+00:00,77.31216021087889,79.10981308229641,76.55412478052425,77.84462087588679,28012665
NVDA,2025-03-17 00:00:00+00:00,77.86445772649394,78.87386086877454,76.44856536513598,77.98028918543687,75111624
NVDA,2025-03-18 00:00:00+00:00,78.61148898668641,79.20107929205939,78.16491611736151,78.82549652646608,68070175
NVDA,2025-03-19 00:00:00+00:00,78.78972147399251,79.74085514153461,77.43782308328548,78.5895254259514,18768252
NVDA,2025-03-20 00:00:00+00:00,80.31217258174897,81.14161911944564,79.04592738215534,79.59337104579329,47130424
NVDA,2025-03-21 00:00:00+00:00,79.59894547805062,79.92950199815817,78.09886599679292,79.52993560709761,19154408
NVDA,2025-03-24 00:00:00+00:00,80.27207821822383,81.55089724639626,79.59076812216392,80.52308837355592,69630394
NVDA,2025-03-25 00:00:00+00:00,82.2813243299441,84.03426270528537,81.40930084785494,82.66839479407977,40804296
NVDA,2025-03-26 00:00:00+00:00,81.68341963513126,81.99315451321164,80.24031129899436,81.70175163911408,39134407
NVDA,2025-03-27 00:00:00+00:00,81.97583539877533,82.96525745828376,80.84600696630123,82.03384750227987,29704239
NVDA,2025-03-28 00:00:00+00:00,81.01024943002385,82.60101365372093,80.78400254870672,81.38511550926093,17023140
NVDA,2025-03-31 00:00:00+00:00,81.64238443430621,82.34918985164568,81.31063786746171,81.60440403564586,20744088
NVDA,2025-04-01 00:00:00+00:00,79.54313447240865,80.40094189659175,77.96627803636838,79.91101715298093,53396607
NVDA,2025-04-02 00:00:00+00:00,79.46565099766126,80.10720324722288,78.99085560865778,79.11371922787379,68043854
NVDA,2025-04-03 00:00:00+00:00,79.20158948869366,80.09595536877819,78.33664879347666,78.86635994799349,59820908
NVDA,2025-04-04 00:00:00+00:00,80.53260570311087,81.66381074148423,78.64361507409065,80.1846839536066,28078608
NVDA,2025-04-07 00:00:00+00:00,81.7322383002596,82.83940097367255,81.627047706888,81.88751355761539,83742168
NVDA,2025-04-08 00:00:00+00:00,80.15634072533268,80.39949303430726,79.66642013251679,79.99171120409466,62092538
NVDA,2025-04-09 00:00:00+00:00,78.84556290035376,80.1920196929222,78.44708361591393,78.88723729394388,81020379
NVDA,2025-04-10 00:00:00+00:00,79.71894484355201,81.32447684876308,79.5083732584283,79.8431207169711,10377898
NVDA,2025-04-11 00:00:00+00:00,76.95667942336368,77.2865898032052,76.18963173819911,77.06121933484962,14571932
NVDA,2025-04-14 00:00:00+00:00,76.05453756687764,76.8909018813326,75.12238877032503,76.45200089977146,14785614
NVDA,2025-04-15 00:00:00+00:00,75.907822536453,76.6770667465043,75.37281589771052,76.34877141353378,71747230
NVDA,2025-04-16 00:00:00+00:00,78.37542581324634,79.71830629408477,77.88778689772434,78.12719546553458,39333585
NVDA,2025-04-17 00:00:00+00:00,79.07385154726192,80.582171703929,77.77639470636736,79.13438473137403,57636457
NVDA,2025-04-18 00:00:00+00:00,78.76927133790117,78.91430142515568,77.41949518940862,78.70113980803507,65775870
NVDA,2025-04-21 00:00:00+00:00,78.52539751742817,79.09988688080318,77.29850600786484,78.21201436824977,40358557
NVDA,2025-04-22 00:00:00+00:00,77.35174088490271,78.25450037085852,77.07195189915706,77.89172762184012,41034359
NVDA,2025-04-23 00:00:00+00:00,79.83817988303471,80.88395833736253,78.93630266233946,80.08938185465696,35766268
NVDA,2025-04-24 00:00:00+00:00,79.56226548496895,81.03498037309187,78.47602422821112,79.50650444292513,40390880
NVDA,2025-04-25 00:00:00+00:00,79.22878967294294,79.4136535416801,78.38189977018882,79.10472347424344,49062698
NVDA,2025-04-28 00:00:00+00:00,79.52009483958896,79.97902962385812,78.13537927307159,79.64021600230454,36092063
NVDA,2025-04-29 00:00:00+00:00,79.8263451623395,80.64484909052811,78.83041424122861,79.49906999490929,52442492
NVDA,2025-04-30 00:00:00+00:00,79.31564779017732,80.18468231228066,78.4004464710566,79.24895347530233,61796491
NVDA,2025-05-01 00:00:00+00:00,77.3295108845156,78.8850469654105,77.08447501796518,77.7066623893603,65558659
NVDA,2025-05-02 00:00:00+00:00,77.43226927329253,78.44568860459451,76.5257336760772,77.72163118897896,10735600
NVDA,2025-05-05 00:00:00+00:00,77.38290227785951,77.66779503758211,75.93397937658082,77.13438422082373,61030675
NVDA,2025-05-06 00:00:00+00:00,78.94828809840223,79.55766037317596,77.62841354904903,78.80208455579707,35360778
NVDA,2025-05-07 00:00:00+00:00,79.1598954464257,81.3339936636476,78.69422660647133,79.76581612482724,64260440
NVDA,2025-05-08 00:00:00+00:00,80.19304808483356,81.41709237963573,78.18012304460215,79.76305746905464,86880336
NVDA,2025-05-09 00:00:00+00:00,80.95395759374244,81.21386376040662,79.57530205991108,80.7607691018431,40726146
NVDA,2025-05-12 00:00:00+00:00,80.73180823167975,82.05225562021658,79.57350271064358,80.30032471919462,18962844
NVDA,2025-05-13 00:00:00+00:00,81.7426548392927,82.43382035001392,81.0165134207028,81.86830660479825,64187230
NVDA,2025-05-14 00:00:00+00:00,81.7962355317052,83.19082246547418,80.50326756943483,81.89310072918445,36476067
NVDA,2025-05-15 00:00:00+00:00,82.41765052068514,82.89349298815453,82.06012567282454,82.79069116313383,37630986
NVDA,2025-05-16 00:00:00+00:00,81.74266875935112,83.17759043250477,79.85714608675187,80.92150017276028,59297897
NVDA,2025-05-19 00:00:00+00:00,81.40345596490562,81.79330314809398,80.21024816925372,81.46062640933694,58602659
NVDA,2025-05-20 00:00:00+00:00,79.55607933971014,80.32453229944787,78.19946451377713,79.05407546463232,12091737
NVDA,2025-05-21 00:00:00+00:00,76.04335737124778,77.27560061204123,74.70569618086164,76.24075763887855,46762637
NVDA,2025-05-22 00:00:00+00:00,75.90410468877067,76.71244710610877,75.10312414725928,75.85439239239759,40270587
NVDA,2025-05-23 00:00:00+00:00,74.16623989594153,74.97471451762452,73.43696606085963,74.66540876232426,55023885
NVDA,2025-05-26 00:00:00+00:00,74.80144656838083,75.18911684069796,74.32205060754248,74.91617834277523,60178186
NVDA,2025-05-27 00:00:00+00:00,78.34348269529433,78.84536306846645,76.59522675456792,78.03640789807976,11403054
NVDA,2025-05-28 00:00:00+00:00,76.5225077324916,77.06104681933391,75.98615181759332,76.907582093517,14935416
NVDA,2025-05-29 00:00:00+00:00,76.40538843260654,76.79615237487688,74.99799641252491,76.07909204028968,49902913
NVDA,2025-05-30 00:00:00+00:00,76.49449650742648,76.76008504048217,75.72090650938603,76.39144816690923,77202945
NVDA,2025-06-02 00:00:00+00:00,76.78124828985497,77.86122895061632,75.3398294238034,77.1032161852785,27597435
NVDA,2025-06-03 00:00:00+00:00,76.73525727528336,77.48724283269613,75.27642580575402,76.8895275842332,19313940
NVDA,2025-06-04 00:00:00+00:00,76.49497009891351,77.56680268710515,76.37482178818209,76.63569336465044,40865002
NVDA,2025-06-05 00:00:00+00:00,77.62652418188486,78.1338966109646,76.08205610421227,77.64190328447383,31335358
NVDA,2025-06-06 00:00:00+00:00,78.23512620714823,78.5321872346882,77.25767329712015,78.40326796326312,15901661
NVDA,2025-06-09 00:00:00+00:00,76.73399310020056,77.55009279941129,76.54958474015442,76.98876058070599,84224101
NVDA,2025-06-10 00:00:00+00:00,76.81616404755998,78.09031322020269,76.01392786613256,76.90986724662145,62552088
NVDA,2025-06-11 00:00:00+00:00,76.67328373433698,77.44075255966004,76.52454010520619,76.98952273785663,73458540
NVDA,2025-06-12 00:00:00+00:00,75.18240036122218,76.22866182512558,74.32314202307806,75.57220985225354,81481730
NVDA,2025-06-13 00:00:00+00:00,75.94223612931167,77.12239471902981,75.59870114967242,75.95687346925568,60747259
NVDA,2025-06-16 00:00:00+00:00,75.08702574247016,75.74230604104896,74.2248903783213,74.82278929386355,38367775
NVDA,2025-06-17 00:00:00+00:00,75.70796960628951,77.53407623495447,75.19396532059544,76.1739628199032,10047486
NVDA,2025-06-18 00:00:00+00:00,76.47035642006499,77.88072226797554,75.51785036988689,76.46928335675157,18405422
NVDA,2025-06-19 00:00:00+00:00,76.42374467052196,77.15165411514394,75.15320926621845,76.62295091697172,35143617
NVDA,2025-06-20 00:00:00+00:00,75.54601204050603,76.97881932172602,74.12618549071556,75.8424484502833,59621423
NVDA,2025-06-23 00:00:00+00:00,75.96943603806258,76.41075940846841,75.1622014916909,75.71097764188889,62759287
NVDA,2025-06-24 00:00:00+00:00,72.91460063459954,73.33280310435707,72.05245045291231,73.06604306988196,20162915
NVDA,2025-06-25 00:00:00+00:00,72.05096502473585,72.72246127001864,71.54207185665481,71.62172124280744,30819824
NVDA,2025-06-26 00:00:00+00:00,71.89489644142179,73.01753830538232,71.3146250332798,72.11986407719894,81329705
NVDA,2025-06-27 00:00:00+00:00,69.54403305167686,70.84980759920178,68.09979304519204,69.4366833854399,33422744
NVDA,2025-06-30 00:00:00+00:00,70.46701406721917,70.79718871640331,70.23743729429827,70.53113618196849,19796545
NVDA,2025-07-01 00:00:00+00:00,68.16995184243221,69.3700206844127,66.9751556566616,68.37618036731908,29636145
NVDA,2025-07-02 00:00:00+00:00,69.50465705974878,70.20205466655433,68.41264394018778,69.34165561807772,38949638
NVDA,2025-07-03 00:00:00+00:00,68.27930694350991,68.56095663597016,67.82975729415197,68.32166161116288,49729466
NVDA,2025-07-04 00:00:00+00:00,69.48136907721772,70.83490108893176,68.21999754053108,69.31412502279109,49572783
NVDA,2025-07-07 00:00:00+00:00,69.4923481204251,70.49383724937164,69.04090178265332,69.50549619912559,18507643
NVDA,2025-07-08 00:00:00+00:00,67.34240168292921,67.86939425204612,66.13013837459437,67.63616346587911,19429824
NVDA,2025-07-09 00:00:00+00:00,69.17358842928739,70.46196271291025,68.99564463135589,69.20184194782696,26472133
NVDA,2025-07-10 00:00:00+00:00,71.06436444774715,71.27462891115536,70.81791550517951,71.04959887193338,35499807
NVDA,2025-07-11 00:00:00+00:00,71.26606317715715,71.4627949589416,69.91121000077337,70.99388314935385,87302603
NVDA,2025-07-14 00:00:00+00:00,70.41677845290867,71.18884852669481,69.74539758312272,70.67297335453844,32022325
NVDA,2025-07-15 00:00:00+00:00,70.4869996318077,71.82495070314293,70.21902191317501,70.49809035000406,38312851
NVDA,2025-07-16 00:00:00+00:00,68.82186757377993,69.41194859633097,68.08167139813946,69.29916661786781,67064032
NVDA,2025-07-17 00:00:00+00:00,70.89571714035456,72.20345511345202,70.24175043059522,70.71144507733564,37105715
NVDA,2025-07-18 00:00:00+00:00,69.74878990350675,70.93592686478294,68.95107366395553,70.05182934663,88901871
NVDA,2025-07-21 00:00:00+00:00,69.50942062156247,70.17452542053954,68.45770384634521,70.01531192281614,49011570
NVDA,2025-07-22 00:00:00+00:00,69.03390282600725,69.86527554310399,67.84100058659735,69.05025857688234,39026989
NVDA,2025-07-23 00:00:00+00:00,68.6058835502977,69.27252854862587,68.15892107769514,68.3037936413025,71720481
NVDA,2025-07-24 00:00:00+00:00,66.37030886791572,67.55984954804124,65.55695793746541,66.77750391613235,73257558
NVDA,2025-07-25 00:00:00+00:00,68.0356520930094,69.35851221205768,66.69605386092215,68.33304724123538,62953705
NVDA,2025-07-28 00:00:00+00:00,67.96836656916086,69.11819822034468,67.30661627794699,68.17104587594659,21227281
NVDA,2025-07-29 00:00:00+00:00,69.08090079227615,70.77865688439424,68.00173535443832,69.39442386841299,33537189
NVDA,2025-07-30 00:00:00+00:00,69.5442277241584,69.82078510361758,69.24108107272521,69.43883959505459,56393100
NVDA,2025-07-31 00:00:00+00:00,68.38218927748389,69.73188029579883,67.17889184873857,68.60374299228457,39584112
NVDA,2025-08-01 00:00:00+00:00,68.03188752749853,68.8299479070452,67.21149073454865,68.22879986571496,44617059
NVDA,2025-08-04 00:00:00+00:00,67.72890907198953,68.80463669457835,66.36327909233721,67.57125037144004,32686492
NVDA,2025-08-05 00:00:00+00:00,67.40365411776116,68.82111352926071,66.3282126180398,67.60796935784089,33054700
NVDA,2025-08-06 00:00:00+00:00,67.29599240255804,68.63168094287354,66.00300654791991,67.17969626049205,48622815
NVDA,2025-08-07 00:00:00+00:00,66.58500239987644,67.24946146182303,66.44593151626577,66.84473031927885,75736824
NVDA,2025-08-08 00:00:00+00:00,64.9162372562286,65.8591329768991,63.96878749694322,65.23252065890863,39247357
NVDA,2025-08-11 00:00:00+00:00,63.84549475771788,65.53413051978843,63.54269873588144,64.31770228145746,69713740
NVDA,2025-08-12 00:00:00+00:00,66.7814383017979,68.04821735624681,65.88686882571065,66.28793712850907,88532267
NVDA,2025-08-13 00:00:00+00:00,65.4341230537459,66.04774150531867,64.96490315549606,65.51805404805205,20719754
NVDA,2025-08-14 00:00:00+00:00,64.3751255039899,65.58949656051074,63.52551326578255,64.31237376825372,84005774
NVDA,2025-08-15 00:00:00+00:00,64.72190579209058,65.29386800120838,63.88509313944833,64.72994512414041,33392575
NVDA,2025-08-18 00:00:00+00:00,66.45961479033943,66.99930380604293,65.17529001689174,66.41711799478021,75560390
NVDA,2025-08-19 00:00:00+00:00,64.7401207150274,65.7355498244634,64.64688787534432,64.72725643705972,10617873
NVDA,2025-08-20 00:00:00+00:00,65.00296465143867,65.64994076866503,64.20895577397506,64.51056402154076,89394528
NVDA,2025-08-21 00:00:00+00:00,63.54114713285903,64.41347359907232,63.04056693761851,63.806307410617734,26550812
NVDA,2025-08-22 00:00:00+00:00,61.45494853702839,62.35571970253387,60.438352791597445,61.840203632190516,58925192
NVDA,2025-08-25 00:00:00+00:00,62.435019293232884,63.266969111817644,61.720246581399074,62.68877333435739,29951084
NVDA,2025-08-26 00:00:00+00:00,62.352717067416734,62.916613460687664,61.68380825255918,62.68739478991429,79735902
NVDA,2025-08-27 00:00:00+00:00,62.98078841259583,63.116808386719995,61.82342358333217,62.79317194620069,66511523
NVDA,2025-08-28 00:00:00+00:00,62.17673376303755,63.12964628610957,61.14006568586577,61.97336736241434,88737721
NVDA,2025-08-29 00:00:00+00:00,62.26740999106807,63.24070353283794,61.86221973789308,62.50776875023713,73174141
NVDA,2025-09-01 00:00:00+00:00,61.58425452737985,62.78119144951882,61.42073527619051,61.92868596962589,69243637
NVDA,2025-09-02 00:00:00+00:00,61.70660925412477,62.798116714400095,61.102882380707385,61.79430690722019,85513621
NVDA,2025-09-03 00:00:00+00:00,60.9352372413249,61.26258237700581,59.52405087351438,60.59803972128975,61578576
NVDA,2025-09-04 00:00:00+00:00,58.64077861140689,59.6324344480128,57.915704143639715,59.309689761125185,26980533
NVDA,2025-09-05 00:00:00+00:00,60.90507837133749,61.287578343957534,60.65473774056799,60.77705108316852,27699127
NVDA,2025-09-08 00:00:00+00:00,59.98965185114593,60.657064855148434,59.42806089043132,60.248904145476104,62447437
NVDA,2025-09-09 00:00:00+00:00,60.84243342935997,61.78263930685002,60.086927169125595,60.59028884570191,39633969
NVDA,2025-09-10 00:00:00+00:00,60.31648107654428,61.068925198433796,59.58869795721043,60.57767357506098,70642392
NVDA,2025-09-11 00:00:00+00:00,60.05395890623911,60.55190940150678,59.32397854141053,60.12259867117551,59884372
NVDA,2025-09-12 00:00:00+00:00,59.24012802763008,60.37935795855759,58.110104308758984,59.59922026724192,13074243
NVDA,2025-09-15 00:00:00+00:00,60.067401270077774,60.577196131518804,59.62147390500045,60.30312809142553,84112104
NVDA,2025-09-16 00:00:00+00:00,60.3329512546405,60.515276398720694,59.47511601557298,60.00034792682693,87833885
NVDA,2025-09-17 00:00:00+00:00,60.05743263825209,60.91298268825051,59.103304221533215,59.86095015898173,34147770
NVDA,2025-09-18 00:00:00+00:00,59.812603442446026,60.829803954397676,58.74546155547716,59.90885736258318,32689482
NVDA,2025-09-19 00:00:00+00:00,61.0024942046997,61.62148256454874,60.123037409805534,61.215566583368684,41616725
NVDA,2025-09-22 00:00:00+00:00,61.52518753228255,62.806001032698155,60.91320736112565,61.994812404919145,74932382
NVDA,2025-09-23 00:00:00+00:00,62.349873770915785,62.551086990034364,61.32255018169591,62.448206393287364,11778950
NVDA,2025-09-24 00:00:00+00:00,61.835003867763824,62.37957004690013,61.20299968743518,61.8426484237032,24347395
NVDA,2025-09-25 00:00:00+00:00,60.32710585935372,61.07043045990081,59.1623743442691,60.34739570572584,65738158
NVDA,2025-09-26 00:00:00+00:00,61.389210447514756,61.769359629774634,60.99831529404931,61.412250340958096,43368554
NVDA,2025-09-29 00:00:00+00:00,62.23440888147926,62.991047166012784,62.021539443146146,62.51492827501652,45485618
NVDA,2025-09-30 00:00:00+00:00,62.36520444369015,63.166593810669326,61.318866112750044,62.381741565247765,84990501
NVDA,2025-10-01 00:00:00+00:00,63.00863831494104,63.78771903843934,62.58971396157992,63.018386850910545,73818549
NVDA,2025-10-02 00:00:00+00:00,64.26669169696395,64.51923563181906,62.84328464690659,63.93663492154543,18922002
NVDA,2025-10-03 00:00:00+00:00,65.41116927955342,66.35472904884222,64.1096796109882,64.92636838382664,28692398
NVDA,2025-10-06 00:00:00+00:00,66.00236864429885,66.20500876533562,65.29810839262169,66.03855487378372,30888711
NVDA,2025-10-07 00:00:00+00:00,65.32453461846347,66.79820003381639,65.15118917691811,65.52538458711224,62771690
NVDA,2025-10-08 00:00:00+00:00,67.34624648949189,67.69012537801493,66.27274768774137,67.36375625089168,44360352
NVDA,2025-10-09 00:00:00+00:00,65.73523043291884,66.27872899278275,65.5871576679141,65.89538819214563,63847409
NVDA,2025-10-10 00:00:00+00:00,66.7534057772658,67.27398925046231,65.46253698127413,66.95223619402691,27974356
NVDA,2025-10-13 00:00:00+00:00,67.5613194521149,68.91780151056251,66.3680164793859,67.57717309798956,47145930
NVDA,2025-10-14 00:00:00+00:00,68.38909924065145,69.11833359544198,67.92703490783026,68.6756978802954,39232071
NVDA,2025-10-15 00:00:00+00:00,71.23890134027496,72.1294270174777,70.82288566264954,71.06660554267063,25088459
NVDA,2025-10-16 00:00:00+00:00,72.98995386876665,74.46771771843426,71.6887025063334,73.02030564941924,26324819
NVDA,2025-10-17 00:00:00+00:00,71.63071133397393,72.99536873545968,70.83517438419504,71.55914980644015,42231928
NVDA,2025-10-20 00:00:00+00:00,69.39371221126787,69.56985179338301,69.1596748535488,69.444528949764,64173469
NVDA,2025-10-21 00:00:00+00:00,70.29629081097265,71.27002169320775,69.5601535727995,70.50138058123319,69603432
NVDA,2025-10-22 00:00:00+00:00,68.99010050558235,70.1131456438662,68.59757675847695,69.25269552462613,71910950
NVDA,2025-10-23 00:00:00+00:00,69.19919413832494,70.25857429989018,68.59377921160876,69.26493376521941,25134848
NVDA,2025-10-24 00:00:00+00:00,70.1935490166501,70.8672938784376,69.26948042903352,70.34796571025217,56283045
NVDA,2025-10-27 00:00:00+00:00,68.3882264609763,68.88269136491174,67.06768604398194,68.32430187977513,17203280
NVDA,2025-10-28 00:00:00+00:00,65.80317825910348,65.87550533512555,64.73600424043536,65.80434476040385,20593138
NVDA,2025-10-29 00:00:00+00:00,65.77824233997144,66.24906513338816,65.51123733314061,66.13864683952329,47022594
NVDA,2025-10-30 00:00:00+00:00,66.23576961209655,66.99424111957127,65.55121702281193,66.21799106167417,65897778
NVDA,2025-10-31 00:00:00+00:00,65.59777772998902,66.11308054221418,64.91906166327507,65.9520352402048,28761709
NVDA,2025-11-03 00:00:00+00:00,65.86139176637109,66.34423028596149,64.5573248337165,66.02420153833572,23635802
NVDA,2025-11-04 00:00:00+00:00,64.95884891036052,65.51227309639161,64.7866391693175,65.03542255578573,74044086
NVDA,2025-11-05 00:00:00+00:00,62.78733903792816,63.46099132813116,62.1152266131955,63.31290536049441,57954664
NVDA,2025-11-06 00:00:00+00:00,63.17163328877849,63.27184478547351,61.98829770110419,63.148519049521056,75379682
NVDA,2025-11-07 00:00:00+00:00,62.115924663658824,63.271994483616616,61.54591620041567,62.0784334243651,17008710
NVDA,2025-11-10 00:00:00+00:00,60.25488695297605,60.85185158773948,59.89500626782934,60.292997962464746,85622431
NVDA,2025-11-11 00:00:00+00:00,60.765337844896926,61.166466731993054,60.062724281222614,60.86864832023402,74594211
NVDA,2025-11-12 00:00:00+00:00,60.734841505832165,61.70531612466702,60.30473683205611,60.82574038277534,77180989
NVDA,2025-11-13 00:00:00+00:00,61.05754424409298,61.36927735183098,59.92098837165799,61.2969799249063,18183925
NVDA,2025-11-14 00:00:00+00:00,60.17421160309918,60.57987014262336,60.017086109333434,60.23919773870837,61795506
NVDA,2025-11-17 00:00:00+00:00,59.42204666839074,60.70034811833298,59.129247524945065,59.55368694979589,53281919
NVDA,2025-11-18 00:00:00+00:00,58.53717996098137,59.5941339137749,58.363956458787726,58.515719813983246,24964154
NVDA,2025-11-19 00:00:00+00:00,57.334795917724854,58.3660054122878,56.50195670314129,57.61228805873597,83248324
NVDA,2025-11-20 00:00:00+00:00,57.89292233924394,58.05333509687186,57.45843696404441,57.83841774894465,75840518
NVDA,2025-11-21 00:00:00+00:00,57.08448653089033,57.48653063208063,56.018982104731364,57.05180294653469,76315068
NVDA,2025-11-24 00:00:00+00:00,57.409078923501625,57.529532234047224,56.37692125982129,57.44160530883127,68247549
NVDA,2025-11-25 00:00:00+00:00,57.71551996878624,58.11569800132161,56.63096763850099,57.817094155225476,24191918
NVDA,2025-11-26 00:00:00+00:00,60.12010424739429,60.20927729270546,59.63565655710543,59.987570135242116,69749326
NVDA,2025-11-27 00:00:00+00:00,58.136081814693874,58.72458867595935,58.07722028708653,58.52577020257641,46915138
NVDA,2025-11-28 00:00:00+00:00,59.602024142526254,60.378702665703294,58.99482537959354,59.4924501534559,65794698
NVDA,2025-12-01 00:00:00+00:00,59.478226871156224,59.65121418131619,58.27431795763985,59.420461277760985,57598221
NVDA,2025-12-02 00:00:00+00:00,59.49658768679361,59.73216433287792,58.50741191490826,59.429224353731335,76401855
NVDA,2025-12-03 00:00:00+00:00,58.01030256564785,59.06338398905314,57.79791671977937,57.92149441292388,51507334
NVDA,2025-12-04 00:00:00+00:00,57.31641508313775,57.890402125005465,56.49398914636754,57.466666142696596,33827475
NVDA,2025-12-05 00:00:00+00:00,58.20342675892211,58.690791530498394,57.13107476904201,58.263895373684214,62960762
NVDA,2025-12-08 00:00:00+00:00,58.34904504239256,58.503334501104995,57.07241698041268,58.20073598741773,63796055
NVDA,2025-12-09 00:00:00+00:00,58.40947116883377,59.35118837660987,57.45749802699727,58.309030541491346,33278437
NVDA,2025-12-10 00:00:00+00:00,58.07588911520734,58.8803079870419,57.01840218984883,58.027908677305184,51383928
NVDA,2025-12-11 00:00:00+00:00,58.91116513887071,59.945596006909085,57.91012659368006,59.270181280651514,63215577
NVDA,2025-12-12 00:00:00+00:00,59.398505453624445,60.155262845940285,58.80816847222059,59.27098106561771,37027505
NVDA,2025-12-15 00:00:00+00:00,57.25868435445324,57.425148700058806,56.82784031927226,56.992082007727916,23641110
NVDA,2025-12-16 00:00:00+00:00,56.536451674418,56.8726069720824,55.47443478914688,56.30903715594978,36147152
NVDA,2025-12-17 00:00:00+00:00,54.42109073604805,55.078997576737,54.17442034462222,54.3702267258969,76783761
NVDA,2025-12-18 00:00:00+00:00,50.98036728438878,52.2794434789892,50.55724161566232,51.30000295224294,22437436
NVDA,2025-12-19 00:00:00+00:00,51.0248017518133,51.86801246520795,49.820606964401016,50.83315165786934,41478290
NVDA,2025-12-22 00:00:00+00:00,52.05826742405219,52.775158216801906,51.452521329850065,52.08894878097162,49322826
NVDA,2025-12-23 00:00:00+00:00,51.62568046105026,52.720269496096975,51.06228627677928,52.15400462682146,73561787
NVDA,2025-12-24 00:00:00+00:00,51.16229519500503,51.22816723117071,50.11410070095983,51.08521630788236,39497399
NVDA,2025-12-25 00:00:00+00:00,49.94767601259968,51.148206272692924,49.62817263195454,50.24758814539311,89545806
NVDA,2025-12-26 00:00:00+00:00,51.035135749022544,51.41763677703255,50.014984847193155,51.30117143084048,43721305
NVDA,2025-12-29 00:00:00+00:00,51.33679772526355,51.645210413593404,50.395916590947486,51.46751675499148,46996177
NVDA,2025-12-30 00:00:00+00:00,51.794931914956535,52.5287813134589,51.12477395363578,51.5326121247039,78133432
NVDA,2025-12-31 00:00:00+00:00,51.42724330720343,52.349885594031015,51.05606427411832,51.50364285390597,46057442
NVDA,2026-01-01 00:00:00+00:00,51.61576371509793,52.43874932991977,51.38432843731628,51.55987454603099,64520965
NVDA,2026-01-02 00:00:00+00:00,52.69963811357923,53.205326886689946,51.37093532741076,52.333727397918025,38198294
NVDA,2026-01-05 00:00:00+00:00,53.21515027974624,53.44738437653846,52.63843603769819,52.87799389551034,64419863
NVDA,2026-01-06 00:00:00+00:00,53.082984979069934,53.19366394514176,53.020846327345716,53.10493928656022,57756493
NVDA,2026-01-07 00:00:00+00:00,52.08785233498975,53.03375943136124,51.15488310556681,52.138222241886865,88723683
NVDA,2026-01-08 00:00:00+00:00,52.37566243117673,53.671673736231384,51.72807992075548,52.641157188148846,41885398
NVDA,2026-01-09 00:00:00+00:00,51.873088246716236,52.31088940210705,51.159048733425706,52.01758437258409,27426027
NVDA,2026-01-12 00:00:00+00:00,53.16344479150279,54.091436655827664,52.28077920915044,53.073144371532834,21154274
NVDA,2026-01-13 00:00:00+00:00,51.975570044410176,52.42505931797751,51.799470035923854,51.89342674321815,50631634
NVDA,2026-01-14 00:00:00+00:00,51.8085818314375,52.16686570793026,51.643582194437386,51.78574675494835,50059144
NVDA,2026-01-15 00:00:00+00:00,52.00572525640818,52.55687841736153,51.255868604580904,51.799603929009244,17401494
NVDA,2026-01-16 00:00:00+00:00,50.44303243028504,50.65780987981524,50.34441841666071,50.599357731853466,10929657
NVDA,2026-01-19 00:00:00+00:00,52.20143795369328,52.70455765042694,51.64903657780772,52.21314968066092,41423298
NVDA,2026-01-20 00:00:00+00:00,53.78219137918591,54.039891137273855,52.82147161481877,53.625338767269014,12813005
NVDA,2026-01-21 00:00:00+00:00,53.32530824916991,54.100481547197106,52.48327701074677,53.20099966452485,86028125
NVDA,2026-01-22 00:00:00+00:00,54.19793465165822,54.769660871406124,53.28049507622779,53.96675278794524,73227300
NVDA,2026-01-23 00:00:00+00:00,54.44391880123935,55.39713381869163,54.2553093517768,54.35759450411618,16873624
NVDA,2026-01-26 00:00:00+00:00,51.816150690299295,52.81608887021084,51.53134618433849,51.880358352137016,72284357
NVDA,2026-01-27 00:00:00+00:00,52.211101862423945,52.57754128647964,51.19439735190675,52.13556946344781,70617822
NVDA,2026-01-28 00:00:00+00:00,51.88993255864623,52.42851363348986,51.71655845964794,52.09886886127567,68038440
NVDA,2026-01-29 00:00:00+00:00,51.85553688430959,53.1814306872305,51.278319916002054,52.19784183987276,79234732
NVDA,2026-01-30 00:00:00+00:00,51.33523688681805,51.87815597154463,51.11635864752304,51.21627749855402,66544455
NVDA,2026-02-02 00:00:00+00:00,50.97771461654392,51.13345307182631,50.01704725111225,50.98896080962088,50715694
NVDA,2026-02-03 00:00:00+00:00,50.9086767199368,51.003968471403596,50.62936240856663,50.84595119668326,68018403
NVDA,2026-02-04 00:00:00+00:00,51.61293365560016,52.99568292881153,51.15923448957021,51.96581989516101,73808854
NVDA,2026-02-05 00:00:00+00:00,52.224114730574335,52.92831817878608,51.629342555913816,52.30049731084756,56682019
NVDA,2026-02-06 00:00:00+00:00,52.19066135283928,52.42267292919302,51.4258394479614,52.31619030851887,45283651
NVDA,2026-02-09 00:00:00+00:00,53.611549043210516,54.37389765089033,52.603030296872305,53.797518913562016,55834791
NVDA,2026-02-10 00:00:00+00:00,52.803205519054835,53.84746442575016,52.01163782810701,53.283828853722525,38268349
NVDA,2026-02-11 00:00:00+00:00,52.86189453655691,53.42361012985585,52.460144188407504,52.93279769769404,42382589
NVDA,2026-02-12 00:00:00+00:00,51.434252527812056,52.41532630893163,51.125691372233206,51.25030405740991,50458465
NVDA,2026-02-13 00:00:00+00:00,52.819914430844825,53.82490143735273,51.977944136329,52.739539852700744,69920772
NVDA,2026-02-16 00:00:00+00:00,53.55540676788708,53.86560478696531,52.51227083205345,53.684452727320064,25579462
NVDA,2026-02-17 00:00:00+00:00,54.59635912489379,54.8116015481745,54.52411149571186,54.59960801377751,44583309
NVDA,2026-02-18 00:00:00+00:00,55.450431918703146,55.93519531527893,54.41408909093941,55.283078964319145,34598906
NVDA,2026-02-19 00:00:00+00:00,54.80308384542721,56.34850584752541,54.56487148632659,55.41495760070404,22381492
NVDA,2026-02-20 00:00:00+00:00,55.62485204992612,56.36778306877513,55.08311495902562,55.65257516805543,34430096
NVDA,2026-02-23 00:00:00+00:00,55.543287730806604,56.369037149519514,54.817087617529545,55.422864897328814,34131489
NVDA,2026-02-24 00:00:00+00:00,55.392944141996956,56.054618912286784,54.542069690884865,55.242214957421766,89072696
NVDA,2026-02-25 00:00:00+00:00,55.694688042638795,55.97266478601281,54.22299168539731,55.318361608280775,41002519
NVDA,2026-02-26 00:00:00+00:00,57.12533583333819,58.070048539459634,56.06756007974035,56.867148588187945,36813047
NVDA,2026-02-27 00:00:00+00:00,57.53363156490658,57.606492078778125,56.97592971004029,57.46178988516218,41622910
NVDA,2026-03-02 00:00:00+00:00,57.49368386851689,58.31418778148659,56.58676439480392,57.4243208003202,28309489
NVDA,2026-03-03 00:00:00+00:00,57.03024273921152,57.29785445569883,56.29028481169936,56.851287314891685,83041801
NVDA,2026-03-04 00:00:00+00:00,56.10636436627632,56.787171523002854,55.609863449566404,56.22766475609345,85181369
NVDA,2026-03-05 00:00:00+00:00,57.887230504249224,59.02711392639062,57.42717688515551,57.896537501169696,41400023
NVDA,2026-03-06 00:00:00+00:00,58.66224619599573,59.32170847165019,57.843960252146736,58.45036618965458,21086586
NVDA,2026-03-09 00:00:00+00:00,59.00328675992537,59.12613323152455,58.17357437442719,58.544893076687345,11519760
NVDA,2026-03-10 00:00:00+00:00,58.16741496145465,58.736881107130515,57.841682876164704,58.204495254016976,87264100
NVDA,2026-03-11 00:00:00+00:00,57.065858143034085,57.850019395403464,56.84781711970315,57.07690838987764,76493669
NVDA,2026-03-12 00:00:00+00:00,57.076343202991126,57.19491514830545,56.497010889482276,57.031065055614505,78264910
NVDA,2026-03-13 00:00:00+00:00,58.26959307376041,58.60758123363827,57.577295208902534,57.95819443033297,56873037
NVDA,2026-03-16 00:00:00+00:00,57.56616799630391,57.65077978938876,56.59319102216907,57.57314892567178,61764685
NVDA,2026-03-17 00:00:00+00:00,57.69821051526582,58.34796718720325,56.3796271136184,57.36107446285108,71402720
NVDA,2026-03-18 00:00:00+00:00,56.93516624139709,57.627596233296806,56.506236241403116,57.15616793039905,44224632
NVDA,2026-03-19 00:00:00+00:00,57.249309781090844,57.8975254657041,56.51859678807309,57.29194330472278,25779224
NVDA,2026-03-20 00:00:00+00:00,55.65059878861408,56.0634951355562,54.640900713446705,55.6947458207426,45598294
NVDA,2026-03-23 00:00:00+00:00,55.65599098815876,56.40619663867741,55.04735401447068,55.48144509157614,18496251
NVDA,2026-03-24 00:00:00+00:00,54.88509665007569,55.120478903738594,54.02586028709671,54.656575240315554,71972325
NVDA,2026-03-25 00:00:00+00:00,55.220594635580014,56.56861535324316,54.69999619791748,55.55602957719903,18294028
AMD,2025-01-02 00:00:00+00:00,115.04446172658406,116.99584966147515,113.69117662034007,115.36939087864678,22378564
AMD,2025-01-03 00:00:00+00:00,115.73254434823413,117.39650262670314,115.1301887084695,116.53713170573013,22926503
AMD,2025-01-06 00:00:00+00:00,115.46541467930068,116.68635378862075,114.2277179976708,114.92664898283402,30587575
AMD,2025-01-07 00:00:00+00:00,117.12311955219751,119.41202304169983,115.89876282731599,116.60613899986105,76238831
AMD,2025-01-08 00:00:00+00:00,116.25740015296007,117.77780920918549,115.1880938582251,115.87655600336743,32443292
AMD,2025-01-09 00:00:00+00:00,118.34200709481101,119.58908014447789,116.52546538057656,117.79707244973872,87954430
AMD,2025-01-10 00:00:00+00:00,118.1219016407967,118.80039203173331,117.77822185984394,118.53322390711259,69883773
AMD,2025-01-13 00:00:00+00:00,119.16667721159557,119.64083244896477,117.28060137398133,119.24704800893251,17795166
AMD,2025-01-14 00:00:00+00:00,120.0851500277323,122.82638806926778,119.56624217430769,120.75369542612796,40090037
AMD,2025-01-15 00:00:00+00:00,118.73382479167142,121.21543132753266,117.61352673485743,119.41120290927971,14385539
AMD,2025-01-16 00:00:00+00:00,118.96298468341932,120.96950980003646,116.9344145915172,118.49795070603352,24502214
AMD,2025-01-17 00:00:00+00:00,114.22720413902697,115.90757952199583,113.81342171903195,114.53503457400559,10299011
AMD,2025-01-20 00:00:00+00:00,114.60945806351523,115.97837394508375,112.5772884900172,113.57385909148252,38951810
AMD,2025-01-21 00:00:00+00:00,110.46661943963691,111.69069690224231,109.14176712350297,110.43385145864892,84565060
AMD,2025-01-22 00:00:00+00:00,109.87771904008767,111.80862966854534,108.61897515128179,110.15991561450198,88055909
AMD,2025-01-23 00:00:00+00:00,108.45951048334112,109.24844498174402,106.17294406202069,108.11445877548638,15904347
AMD,2025-01-24 00:00:00+00:00,109.15887337001928,110.298209736816,106.65315053522754,108.3780044904974,35621371
AMD,2025-01-27 00:00:00+00:00,109.62249278944444,110.71056053520199,109.048988010508,109.40974293622826,64414397
AMD,2025-01-28 00:00:00+00:00,105.87159815506928,107.83338861593363,104.08964706646108,106.38956433287166,69969551
AMD,2025-01-29 00:00:00+00:00,104.87139833950823,105.40708191169703,103.5174111545966,104.71599862394153,34306928
AMD,2025-01-30 00:00:00+00:00,103.3667126179012,103.51932439808606,101.37365752076809,102.80106085793409,49081420
AMD,2025-01-31 00:00:00+00:00,104.18421480478676,104.67021486067593,103.7633575503627,104.39017283646227,25857659
AMD,2025-02-03 00:00:00+00:00,107.72410935913389,108.53456656229028,106.65035482537031,108.05850372849167,52383770
AMD,2025-02-04 00:00:00+00:00,110.4067267401544,112.31539952460118,108.38740654810532,109.95965369880902,29706867
AMD,2025-02-05 00:00:00+00:00,109.29983107812663,110.89778402718682,107.47429207472558,109.23867151801538,23838018
AMD,2025-02-06 00:00:00+00:00,112.03657061012413,114.24892358870464,110.20920747177986,112.53285947213737,65172921
AMD,2025-02-07 00:00:00+00:00,109.05506817079836,110.25205743220695,108.49610683826299,109.22097334459451,22204902
AMD,2025-02-10 00:00:00+00:00,112.25162937532684,112.92440032112032,110.363356146778,112.5919554453852,11438510
AMD,2025-02-11 00:00:00+00:00,111.30123544931753,112.39646084006829,109.8576782431191,111.16949130226774,47546717
AMD,2025-02-12 00:00:00+00:00,105.24582064249293,107.07675592091304,103.75789692909821,105.19966554595257,79185389
AMD,2025-02-13 00:00:00+00:00,111.4835947932158,112.67356442227822,109.06646229932494,110.97292091829497,39307270
AMD,2025-02-14 00:00:00+00:00,114.90334723186305,116.39765394562195,113.58082351198235,114.57809894626773,55424136
AMD,2025-02-17 00:00:00+00:00,111.58149578178521,113.19431809631078,109.5202382176828,112.28373351911992,25017918
AMD,2025-02-18 00:00:00+00:00,112.89360360945633,113.32842995902202,110.71020493824764,112.7101158097212,28847447
AMD,2025-02-19 00:00:00+00:00,112.67645654377486,114.13065250898575,110.43829447443903,112.27364908572423,23320051
AMD,2025-02-20 00:00:00+00:00,112.75478982011879,113.90653196926944,111.62452159707587,112.54955378777619,26667087
AMD,2025-02-21 00:00:00+00:00,109.75489449462813,110.58539858011163,108.09825676801495,109.3045337315353,58551993
AMD,2025-02-24 00:00:00+00:00,107.63192092193522,108.5067583303226,107.17026004655922,107.86905031503247,62378601
AMD,2025-02-25 00:00:00+00:00,108.51372272131368,110.47738571965871,106.839561234852,108.92801160257244,35655302
AMD,2025-02-26 00:00:00+00:00,109.8663382793637,110.63983230082908,107.49676298406388,109.45911969449459,60346458
AMD,2025-02-27 00:00:00+00:00,111.6841666709295,113.50177983780578,111.23117078640038,112.16218605781434,41096406
AMD,2025-02-28 00:00:00+00:00,111.41647906971319,113.05432593833126,109.7284975361243,112.38729741763653,35449258
AMD,2025-03-03 00:00:00+00:00,118.32536556357228,120.13749733449258,116.16998218807191,117.8420716852636,23007633
AMD,2025-03-04 00:00:00+00:00,115.878216049823,117.15899548058889,115.68192922142799,116.21486024954866,36721566
AMD,2025-03-05 00:00:00+00:00,116.72402109022624,118.04644813805054,114.57377719640414,116.8670973642795,35532328
AMD,2025-03-06 00:00:00+00:00,111.88968164608814,114.61443026166526,110.75916881635017,112.51887791654167,47075267
AMD,2025-03-07 00:00:00+00:00,109.1968407766808,111.38707977100479,108.52916708170105,109.77890062166122,77202235
AMD,2025-03-10 00:00:00+00:00,112.25934533839032,114.4717338119947,112.08270027032597,112.781110835904,82837764
AMD,2025-03-11 00:00:00+00:00,110.56008972928761,111.5443993537313,108.80715465997885,110.71981406739633,29033715
AMD,2025-03-12 00:00:00+00:00,112.11276758917369,114.01491891417737,111.11665587337669,111.94708631511392,53064626
AMD,2025-03-13 00:00:00+00:00,110.82663726211551,112.78640537445025,109.63454329618799,111.85472139554794,19585949
AMD,2025-03-14 00:00:00+00:00,109.91684170403263,112.09075621682713,109.07206326391815,109.5871277130359,77205606
AMD,2025-03-17 00:00:00+00:00,108.35639298085665,110.8332204836612,106.99836649103119,108.87113490661798,36855072
AMD,2025-03-18 00:00:00+00:00,107.34155919688813,109.25919613339632,106.42406030858618,107.80135862177542,61268134
AMD,2025-03-19 00:00:00+00:00,107.08904626756167,108.88790821254605,105.05592306613929,106.79946788855449,82014645
AMD,2025-03-20 00:00:00+00:00,108.43343995625223,109.69547895690609,106.95220795640701,108.46582087927472,54969037
AMD,2025-03-21 00:00:00+00:00,109.25966551495821,111.57648332553745,107.6521443464915,109.93529874412195,82757057
AMD,2025-03-24 00:00:00+00:00,109.51973587307258,109.88889533282142,108.09007280557002,108.71757728096735,49172793
AMD,2025-03-25 00:00:00+00:00,106.4391014346369,108.91975446088928,106.2035324381508,106.80678233235462,85647198
AMD,2025-03-26 00:00:00+00:00,107.56194896106479,109.3048842213306,105.55161596582774,107.45564697856624,64450290
AMD,2025-03-27 00:00:00+00:00,107.37067604865206,107.768635284472,105.2703687162535,107.28489518825391,60195754
AMD,2025-03-28 00:00:00+00:00,110.1775274524713,110.79558739589088,108.10994579992133,109.55903289665325,49322239
AMD,2025-03-31 00:00:00+00:00,115.37123391598813,116.9601550501371,113.23531461707611,115.58190219908283,88013789
AMD,2025-04-01 00:00:00+00:00,118.0693457699036,119.89850872107752,115.89948527926255,117.59515989939202,68078084
AMD,2025-04-02 00:00:00+00:00,117.21282527827083,118.01174857340537,115.74642028501248,117.56169644153451,56392328
AMD,2025-04-03 00:00:00+00:00,117.73200112809096,119.99859122049385,116.1555259203633,117.20592054476855,24565057
AMD,2025-04-04 00:00:00+00:00,114.9103092923721,116.13494862161726,114.0189954001067,115.2620820803758,76742752
AMD,2025-04-07 00:00:00+00:00,113.07317408269152,115.49116869771049,111.90810381569348,113.237236311868,35785185
AMD,2025-04-08 00:00:00+00:00,111.87497995316613,113.58656978438562,110.45262716441249,111.03292113640559,17374722
AMD,2025-04-09 00:00:00+00:00,110.34337814894066,111.47162980349053,109.19794673038984,110.203652530068,79854277
AMD,2025-04-10 00:00:00+00:00,109.35900689949877,110.22199267024669,108.1473790313524,109.31101544045943,64923439
AMD,2025-04-11 00:00:00+00:00,111.99004770716276,112.30734699987217,110.81780792798374,110.99462602393399,41618103
AMD,2025-04-14 00:00:00+00:00,110.31679582739362,110.61135370720314,109.2236152601322,110.15757113329629,52967987
AMD,2025-04-15 00:00:00+00:00,109.41006874525785,111.19096920159232,108.70933411066449,109.76841313393292,77445799
AMD,2025-04-16 00:00:00+00:00,107.48502481395529,109.17220619971114,105.77163069009367,107.17010417751952,32226657
AMD,2025-04-17 00:00:00+00:00,110.27540442787036,112.82046284188444,108.46426159727024,110.79912125671164,85036462
AMD,2025-04-18 00:00:00+00:00,112.47957881103352,113.37208143933417,110.55500515897872,111.97420940151153,19093192
AMD,2025-04-21 00:00:00+00:00,116.6605397753532,118.85550480738485,114.51977701568646,116.10048138155094,56277478
AMD,2025-04-22 00:00:00+00:00,117.74358879473303,118.79774513328094,116.25246807194362,118.01405774506074,67396179
AMD,2025-04-23 00:00:00+00:00,121.32728187480468,123.926498765826,120.61526109761783,121.63277565387105,18149116
AMD,2025-04-24 00:00:00+00:00,121.16490721380022,123.40135363694479,120.09267117484703,121.07942307677607,32780746
AMD,2025-04-25 00:00:00+00:00,122.88593341583466,123.37071568083105,120.78514438673707,122.87897593361554,70554562
AMD,2025-04-28 00:00:00+00:00,129.25686749925856,132.01641486469265,126.80428867584848,129.76434346612905,58878804
AMD,2025-04-29 00:00:00+00:00,126.96724594221591,128.79178181683702,126.11657097418984,126.67938585415007,63269038
AMD,2025-04-30 00:00:00+00:00,128.6883658630907,131.6094908230475,128.53381871901516,129.7480836980501,63399785
AMD,2025-05-01 00:00:00+00:00,134.0523906599979,136.56342061136115,131.46950232246922,134.28489661039345,33263045
AMD,2025-05-02 00:00:00+00:00,135.25733079364954,136.99310393379812,132.91297448281767,135.4762283872893,12255161
AMD,2025-05-05 00:00:00+00:00,137.47152123350966,139.08467815765292,135.74703941616016,137.62195058642405,79038292
AMD,2025-05-06 00:00:00+00:00,141.42100149935345,142.54863139222084,138.9138129746502,141.24742315948419,19728778
AMD,2025-05-07 00:00:00+00:00,138.7388001529798,141.85517597829886,137.03356984645416,139.4236616862767,48617716
AMD,2025-05-08 00:00:00+00:00,140.98122871837163,143.53593068299523,138.09150241640648,140.65012982692275,79882728
AMD,2025-05-09 00:00:00+00:00,138.13127256038493,138.79076756419568,137.3544823698868,138.23088395552915,14560043
AMD,2025-05-12 00:00:00+00:00,136.03417839289884,138.52628723850682,134.75022017544907,136.388907453294,67215753
AMD,2025-05-13 00:00:00+00:00,133.99558592994205,135.57222487873435,132.15435562677544,134.73220794183484,15438094
AMD,2025-05-14 00:00:00+00:00,133.75772318627133,134.99760290237754,133.07596213542828,134.39373307291663,19337383
AMD,2025-05-15 00:00:00+00:00,135.04655519187278,135.6876158059228,132.88583897148519,134.85219284928854,28266653
AMD,2025-05-16 00:00:00+00:00,135.63766827295257,137.7819850349937,134.82586272509724,136.16262918853772,38853605
AMD,2025-05-19 00:00:00+00:00,132.356436806338,133.19235155262766,130.40504978473913,132.32245708857135,58786621
AMD,2025-05-20 00:00:00+00:00,138.43850830184624,139.21422043180175,135.60865849250112,137.8529185029909,38694190
AMD,2025-05-21 00:00:00+00:00,141.79607743261087,142.20323400613557,139.93348967994098,141.21278806147433,75214361
AMD,2025-05-22 00:00:00+00:00,144.28223305709037,145.3166686738276,140.54646368465077,143.38726882315544,16262894
AMD,2025-05-23 00:00:00+00:00,142.22960087075796,144.63513001936192,140.38118616757302,142.39836761317244,17923290
AMD,2025-05-26 00:00:00+00:00,141.5796361138649,142.39740604684002,139.40283928362814,142.19685525585066,28839853
AMD,2025-05-27 00:00:00+00:00,144.44799166135965,145.91710645595234,143.6605830231428,143.86073745131057,11784635
AMD,2025-05-28 00:00:00+00:00,145.31767085478742,147.12735804321477,144.68170020553217,145.13792980709727,59800226
AMD,2025-05-29 00:00:00+00:00,140.91530106725753,141.18906636177053,138.24792232980883,140.28460915662774,63912800
AMD,2025-05-30 00:00:00+00:00,142.4958804485192,143.43428320301635,139.7937909715396,142.48957894888193,42757140
AMD,2025-06-02 00:00:00+00:00,152.05084971439618,154.82167950374782,149.36949467670647,151.32711506033502,35346503
AMD,2025-06-03 00:00:00+00:00,146.2573660833412,149.1667763019667,143.08997828796632,145.763875242128,45330323
AMD,2025-06-04 00:00:00+00:00,149.25453803707518,151.8151248930931,148.51188364010622,148.82804395027225,54840150
AMD,2025-06-05 00:00:00+00:00,150.3226039247433,150.95760632656385,147.3288807161303,150.02044901188412,75656267
AMD,2025-06-06 00:00:00+00:00,149.97713351325854,152.3046254996749,147.09319600176624,149.7389294157952,22059161
AMD,2025-06-09 00:00:00+00:00,154.21925613770182,155.69458675006274,152.08058877429795,154.0756355773895,83521322
AMD,2025-06-10 00:00:00+00:00,150.57855567488804,151.21734641784585,149.06455921158377,150.44261197594238,40900214
AMD,2025-06-11 00:00:00+00:00,151.6062274757734,153.1430315678852,148.83450529801289,151.0081177872989,87379191
AMD,2025-06-12 00:00:00+00:00,155.3580837235447,158.5623265052782,154.48273008861815,155.6768973521119,34679349
AMD,2025-06-13 00:00:00+00:00,156.18941483792827,158.94893826027962,152.98975137683007,155.11250893321787,72332599
AMD,2025-06-16 00:00:00+00:00,153.78421161841007,155.14795513614192,151.60187158688782,153.8495931079071,47126954
AMD,2025-06-17 00:00:00+00:00,154.88436136740992,155.225678751667,152.53941223847156,154.27627698156104,10261177
AMD,2025-06-18 00:00:00+00:00,152.88085072962113,155.7058055327617,151.9725211772155,152.93605525474885,12811288
AMD,2025-06-19 00:00:00+00:00,157.78385940971583,161.05733128791582,157.61975921543973,157.9396928159014,22040492
AMD,2025-06-20 00:00:00+00:00,156.3477069279067,158.0232057504567,154.35503232182126,155.0870099061895,57631491
AMD,2025-06-23 00:00:00+00:00,157.7634554359042,158.79298393136565,155.1064451033848,157.95891049685738,56982011
AMD,2025-06-24 00:00:00+00:00,153.2222223263466,155.75427412474366,152.45102216101188,154.00903400568882,23171022
AMD,2025-06-25 00:00:00+00:00,155.7593667326622,158.42822058541122,155.3836303207795,156.2055410928004,86422819
AMD,2025-06-26 00:00:00+00:00,155.7351805472468,157.51762771616262,154.84966109778506,155.93304583130026,36376681
AMD,2025-06-27 00:00:00+00:00,149.20441867072657,150.353056514705,146.32201159258375,147.92915582507212,16515730
AMD,2025-06-30 00:00:00+00:00,148.09401390364636,148.93932000153106,146.17538031532487,147.97163784795296,54914711
AMD,2025-07-01 00:00:00+00:00,145.36194809621543,146.32720113302494,142.26211630185549,144.820485502756,51194818
AMD,2025-07-02 00:00:00+00:00,142.98716446022195,143.84179000887866,140.52201276910878,143.56233256464736,19179614
AMD,2025-07-03 00:00:00+00:00,148.44578235127645,149.31365716527895,145.36001399958695,148.23670438802012,41718047
AMD,2025-07-04 00:00:00+00:00,145.3189586134304,148.09592732751707,142.34978266793777,144.9296900178831,60783609
AMD,2025-07-07 00:00:00+00:00,142.88503914880715,143.04990756876714,140.50722129685474,141.86270445948998,42546572
AMD,2025-07-08 00:00:00+00:00,145.77996701160254,148.3538807125989,145.24120792664291,146.1871100702738,39124882
AMD,2025-07-09 00:00:00+00:00,146.94999581106524,149.29963039557833,143.78736259798313,146.59611895881142,31484596
AMD,2025-07-10 00:00:00+00:00,151.56211448798018,152.87911202235688,150.56955070796266,151.3788952168919,41663314
AMD,2025-07-11 00:00:00+00:00,151.8286903946232,154.3283552394305,149.88220496963652,152.45173913269545,31660492
AMD,2025-07-14 00:00:00+00:00,149.76074088342773,150.55072925434376,148.85845227181784,149.7723969115822,25371376
AMD,2025-07-15 00:00:00+00:00,149.47198515571347,151.678537970641,147.00275670296793,149.6296798211328,29069134
AMD,2025-07-16 00:00:00+00:00,152.09586587221472,155.74208079538528,151.3635687644509,153.52386219705815,19504680
AMD,2025-07-17 00:00:00+00:00,156.96265759182975,159.31031650782867,155.17918922422197,156.58768075292815,18252886
AMD,2025-07-18 00:00:00+00:00,156.9932775486698,158.61702900570788,155.84417232287157,156.6547507556007,33028828
AMD,2025-07-21 00:00:00+00:00,156.60080675855198,159.92558557715702,153.88366554113148,156.8762405198137,54325611
AMD,2025-07-22 00:00:00+00:00,155.7394744508188,159.31167907021464,153.75083170943458,156.5778309543621,16351526
AMD,2025-07-23 00:00:00+00:00,155.7063617842652,157.55563983229317,152.7800362553997,154.79007828317228,45675808
AMD,2025-07-24 00:00:00+00:00,161.29917845049835,163.5517038460016,160.00380071221431,161.12773899548966,62913480
AMD,2025-07-25 00:00:00+00:00,161.87329212034842,162.8802962160451,160.5158155655601,161.21765134140315,67034812
AMD,2025-07-28 00:00:00+00:00,158.4648141701095,161.46438370752233,154.8514890004425,157.57588335836994,47618569
AMD,2025-07-29 00:00:00+00:00,155.7766093241225,158.17141949782456,153.35780316573255,156.10186741124252,61194895
AMD,2025-07-30 00:00:00+00:00,159.03090276572607,161.89402469140705,156.14542426396514,158.515944992839,54738892
AMD,2025-07-31 00:00:00+00:00,160.5316813439793,161.72854972420924,157.32977460118593,160.6866790806602,86223846
AMD,2025-08-01 00:00:00+00:00,160.25978738412277,163.4522299162768,158.39578679519062,160.2998935464184,77905585
AMD,2025-08-04 00:00:00+00:00,158.12229225761578,158.65153450192523,157.42772757994757,158.17646175886063,37169555
AMD,2025-08-05 00:00:00+00:00,158.31830943222604,160.07278768387923,156.32646327875725,158.31914468125873,14180257
AMD,2025-08-06 00:00:00+00:00,153.70806026966238,154.18439784580195,152.0378588901543,153.02619988497284,80599285
AMD,2025-08-07 00:00:00+00:00,149.119123187572,149.8059611551576,147.44368229187418,149.0452995417573,10014498
AMD,2025-08-08 00:00:00+00:00,151.4829617991096,153.92846056837524,150.00946534487844,151.5761706841472,40781497
AMD,2025-08-11 00:00:00+00:00,149.98512737332885,150.48992893511095,148.22924804421746,150.15121698073966,29231242
AMD,2025-08-12 00:00:00+00:00,151.58202592142376,152.83583603547137,148.57398482742923,151.3753597129795,62854992
AMD,2025-08-13 00:00:00+00:00,154.723327016745,155.9998657517054,152.1868214102032,155.27914440565058,11580716
AMD,2025-08-14 00:00:00+00:00,157.11531417323135,160.13262004836702,155.71889815740658,157.43185196373804,74398278
AMD,2025-08-15 00:00:00+00:00,157.53022231287702,157.96734301103126,154.92635469590286,157.56317228971065,59404894
AMD,2025-08-18 00:00:00+00:00,164.30593551114686,165.89646041537816,161.45524094307828,164.67866809674393,41742372
AMD,2025-08-19 00:00:00+00:00,166.94460787606573,169.9080330302927,164.32264809631783,167.02376120677303,10022142
AMD,2025-08-20 00:00:00+00:00,165.47345370599882,168.20953545701775,163.57441694198513,165.87871322635655,45692619
AMD,2025-08-21 00:00:00+00:00,169.81416424413962,172.25324498431002,165.41668795852277,168.46378697853834,54344330
AMD,2025-08-22 00:00:00+00:00,170.8557962811373,174.24430721971495,168.19374857703403,169.95228862277017,60500188
AMD,2025-08-25 00:00:00+00:00,167.35649101879523,167.59831988535126,166.55245795847412,167.05582250404242,40757907
AMD,2025-08-26 00:00:00+00:00,167.3393572804434,169.65683846506795,166.30681105969938,167.3752549330139,18862490
AMD,2025-08-27 00:00:00+00:00,168.33915548384692,170.89019962555952,164.6251781745478,166.8768045914414,24597148
AMD,2025-08-28 00:00:00+00:00,160.53721329239255,162.97983596230875,159.0148448208824,160.33009700807062,52540867
AMD,2025-08-29 00:00:00+00:00,159.77272309285422,162.15636793877772,158.3294051854484,159.82824455313425,28801853
AMD,2025-09-01 00:00:00+00:00,159.15847933552956,159.53600918233684,157.5919556082471,158.96573250939412,17595306
AMD,2025-09-02 00:00:00+00:00,157.7969213043219,158.2063775955582,156.87139653280738,157.60404975102458,40383637
AMD,2025-09-03 00:00:00+00:00,153.28506472236154,155.68907085407508,152.00189160861612,152.4251929283573,27989600
AMD,2025-09-04 00:00:00+00:00,151.3681691504606,153.2906146395239,151.07564474982848,151.379652624702,41567385
AMD,2025-09-05 00:00:00+00:00,152.58886283605165,153.5029934306447,149.2333906473087,151.31819863316275,59844648
AMD,2025-09-08 00:00:00+00:00,151.16266108390425,151.8763392375224,150.08062512548923,151.6978640486553,23264099
AMD,2025-09-09 00:00:00+00:00,148.6695367240932,150.325076346901,146.82276270464803,148.25794289439006,87773133
AMD,2025-09-10 00:00:00+00:00,149.6580147430089,150.6685681844663,146.8491323455256,150.26015332325866,20424770
AMD,2025-09-11 00:00:00+00:00,147.67690845266415,149.92444076905008,144.71901965646904,146.61127847518765,89948956
AMD,2025-09-12 00:00:00+00:00,145.80509427774052,147.08929074248414,143.41353684886553,145.99814203734118,30854913
AMD,2025-09-15 00:00:00+00:00,149.99534887049478,152.48207812940012,147.67278323970996,150.030269479018,66658999
AMD,2025-09-16 00:00:00+00:00,148.51738987693312,148.93554937505675,145.14108500981234,147.97035123832111,21705443
AMD,2025-09-17 00:00:00+00:00,147.22038597803228,148.7493499892606,146.15237183340955,146.48483249871748,59883677
AMD,2025-09-18 00:00:00+00:00,149.14836149506826,150.24845685615495,147.91062481730927,149.81466331073418,51487146
AMD,2025-09-19 00:00:00+00:00,148.491703330688,151.0510087718274,145.66403123311156,148.69759536937835,76664544
AMD,2025-09-22 00:00:00+00:00,147.02817526565917,149.57411367064933,145.5837362360809,147.85315046783657,45309988
AMD,2025-09-23 00:00:00+00:00,148.6695114008321,149.48110775885536,145.76351500150935,148.58790386230257,28698789
AMD,2025-09-24 00:00:00+00:00,151.82818779448516,154.8203704911408,151.1430834146271,151.88977760175533,40354756
AMD,2025-09-25 00:00:00+00:00,145.02061158577806,147.25031798466833,144.70959049209003,145.22330499381778,19323431
AMD,2025-09-26 00:00:00+00:00,142.4395314663897,143.88616883853638,139.87364569559932,142.8305795051258,71477638
AMD,2025-09-29 00:00:00+00:00,139.7459430951925,142.3765205540021,138.5142490385268,139.96199204488508,21430304
AMD,2025-09-30 00:00:00+00:00,136.52429493254857,138.05866409347973,135.06932441841334,136.93311990219985,66775134
AMD,2025-10-01 00:00:00+00:00,134.89012704784113,137.440472420287,132.07619119784363,134.60532273001,40604121
AMD,2025-10-02 00:00:00+00:00,133.16267277182578,134.04756529316842,131.67587768312114,132.3600677679027,54946099
AMD,2025-10-03 00:00:00+00:00,132.20681062017528,135.86090291916423,129.64256117184996,133.23577672516404,42430187
AMD,2025-10-06 00:00:00+00:00,130.8201899437588,131.16716149114615,129.70371151283328,130.88090167603303,59716733
AMD,2025-10-07 00:00:00+00:00,131.04429032242385,133.2271468125645,130.29721368931484,131.2638536766895,70738126
AMD,2025-10-08 00:00:00+00:00,132.66344026412037,133.53061046015708,131.68235572694454,132.4026765881783,56548343
AMD,2025-10-09 00:00:00+00:00,129.99324170363658,131.6715011821934,128.58274644917006,130.49002611543253,52881892
AMD,2025-10-10 00:00:00+00:00,130.8168697301182,132.60661202498548,129.52539918614488,130.8935397470189,64149960
AMD,2025-10-13 00:00:00+00:00,134.8519705842088,135.66840708351955,132.44676318819,135.41507640348397,46460756
AMD,2025-10-14 00:00:00+00:00,136.74784687139416,137.46539730817156,136.09982271308792,136.3678182119248,84224543
AMD,2025-10-15 00:00:00+00:00,134.70715660077224,135.10808821993902,134.40652351388107,134.65368582144245,17858236
AMD,2025-10-16 00:00:00+00:00,134.4429133744745,136.55491887387942,133.91819470879813,134.52980594235405,85733464
AMD,2025-10-17 00:00:00+00:00,132.27943221910888,132.9677603326047,130.43179383360857,132.08384883328765,29443961
AMD,2025-10-20 00:00:00+00:00,132.74144905265118,134.26340314588984,130.63808811286742,132.87245241731614,88359636
AMD,2025-10-21 00:00:00+00:00,134.4529020754378,136.2735558684973,133.09263823356244,135.29379140323314,57743168
AMD,2025-10-22 00:00:00+00:00,133.41703814870738,134.14899319934275,131.41464675569904,133.09987158446307,78777562
AMD,2025-10-23 00:00:00+00:00,132.73880170397652,135.23009373344257,130.8346565422808,132.5859194415858,12723916
AMD,2025-10-24 00:00:00+00:00,135.60826138284222,137.1359776544196,135.42293842082262,135.69189079270706,18379354
AMD,2025-10-27 00:00:00+00:00,134.90341149444717,136.70557721563776,133.61087422024764,134.37401821218083,20220249
AMD,2025-10-28 00:00:00+00:00,135.60432704924537,137.55476162162432,132.25341594927863,134.9465997243507,46133837
AMD,2025-10-29 00:00:00+00:00,131.62906109565773,134.40156817598924,130.67014788083875,132.2066893793528,11930685
AMD,2025-10-30 00:00:00+00:00,129.65947827235183,130.8463902803993,127.19777466593331,130.06584354505426,72526527
AMD,2025-10-31 00:00:00+00:00,129.56097419921915,129.88400856813067,127.43090973026906,128.76403550717444,81416793
AMD,2025-11-03 00:00:00+00:00,135.31119999632136,136.6477592789185,133.84409586600282,134.5475876130011,33546666
AMD,2025-11-04 00:00:00+00:00,133.111750130015,134.07081621979978,132.97252996925954,133.50606998883214,32096575
AMD,2025-11-05 00:00:00+00:00,131.52852432420536,132.33611537212414,130.85332803142768,132.1526602216193,58537867
AMD,2025-11-06 00:00:00+00:00,130.39266173925725,133.14108172872395,129.46575787192793,130.72604848703105,79437968
AMD,2025-11-07 00:00:00+00:00,130.08751292084094,132.0293732867113,128.87161795345958,130.34722528683503,14419280
AMD,2025-11-10 00:00:00+00:00,131.28545958337122,133.29493810294304,130.0387385806811,132.12262331622912,51090205
AMD,2025-11-11 00:00:00+00:00,132.6952208325473,133.17192266613878,131.16368223882503,132.67867991274218,26290680
AMD,2025-11-12 00:00:00+00:00,137.60161834839312,140.44864931721494,136.2243878941621,138.30986383113648,49747714
AMD,2025-11-13 00:00:00+00:00,138.28670882873953,140.5057054285018,138.0620741791666,138.95948933942552,42017635
AMD,2025-11-14 00:00:00+00:00,143.6239259630523,144.24317495213606,142.23059388566753,143.09954830216037,41586968
AMD,2025-11-17 00:00:00+00:00,143.55930921684381,146.78326255484185,140.79172098157278,143.95269697183457,81689037
AMD,2025-11-18 00:00:00+00:00,145.72487945562656,148.54566109192004,145.503248916848,145.76655188673092,43946197
AMD,2025-11-19 00:00:00+00:00,142.03274195355135,144.67677818291426,139.55857985622146,141.67622995375223,82193738
AMD,2025-11-20 00:00:00+00:00,141.83448960484444,144.2040241657886,139.9536452157007,141.37461265207946,28408903
AMD,2025-11-21 00:00:00+00:00,141.0472936033166,142.8054453976376,139.01176505829076,141.23769338577767,77631131
AMD,2025-11-24 00:00:00+00:00,140.63551647238378,141.578978395873,139.58178030621664,140.61070291364618,78941972
AMD,2025-11-25 00:00:00+00:00,134.29521057177277,136.54322487829268,133.2164679909986,134.7400716202802,72020528
AMD,2025-11-26 00:00:00+00:00,138.14933277459036,138.68474720236307,135.7061992619913,137.19043763351385,35504956
AMD,2025-11-27 00:00:00+00:00,136.54216053992366,138.27890045509943,133.69810240884038,136.18809881988565,63786579
AMD,2025-11-28 00:00:00+00:00,134.4594757777097,135.3600580497063,133.48607273302042,135.05547004591475,40458075
AMD,2025-12-01 00:00:00+00:00,134.42526389034077,134.59438707040394,134.06935934510395,134.42308195162025,87470325
AMD,2025-12-02 00:00:00+00:00,134.24825182448814,136.20757926916176,133.63499977376284,133.86617009827225,74162345
AMD,2025-12-03 00:00:00+00:00,135.27481098020823,136.2909282816839,132.619394243158,135.01589857046497,43007027
AMD,2025-12-04 00:00:00+00:00,132.64440978179977,134.53429660125065,130.76431425617977,131.68094240197144,54773435
AMD,2025-12-05 00:00:00+00:00,130.01441355463106,132.07111027789338,128.88167066105393,129.30462472291003,83644903
AMD,2025-12-08 00:00:00+00:00,129.83107240990793,132.3068382628617,128.22999188710418,130.11175284409973,14006962
AMD,2025-12-09 00:00:00+00:00,130.4980897892724,132.20267394959126,128.27270431087973,130.5446579409838,26688691
AMD,2025-12-10 00:00:00+00:00,128.95363601949546,131.83299456103862,127.35572002273622,129.61807975744446,27406188
AMD,2025-12-11 00:00:00+00:00,128.3192558368459,130.05394301821613,127.6936392941869,128.19134498329916,11800168
AMD,2025-12-12 00:00:00+00:00,126.19766381467474,128.54725335442555,125.02309417834188,126.12147581903578,58869742
AMD,2025-12-15 00:00:00+00:00,127.3888617689551,129.68697538176335,125.2618917774462,126.0260249739112,64686859
AMD,2025-12-16 00:00:00+00:00,129.14080319782482,129.3761434692168,128.9206822279586,129.0904191534194,25949166
AMD,2025-12-17 00:00:00+00:00,125.38058697440995,127.20868549132446,122.95472074238081,126.43926413706065,69566859
AMD,2025-12-18 00:00:00+00:00,130.05357258392826,131.4979343895372,128.78878598995323,130.40414403599573,29864996
AMD,2025-12-19 00:00:00+00:00,132.73801235180602,133.50680212256836,132.20608975530482,132.6783871030962,80543839
AMD,2025-12-22 00:00:00+00:00,130.87492011114213,132.1093827466812,128.54361807685797,131.53576383473936,59834763
AMD,2025-12-23 00:00:00+00:00,133.20315172112137,136.01881990873315,130.57672283504098,133.6668192922934,49566812
AMD,2025-12-24 00:00:00+00:00,129.66816346880748,130.0496309233749,127.52810593234489,129.85808653450746,24549890
AMD,2025-12-25 00:00:00+00:00,125.66090211230032,126.22076282398787,124.75907069906144,125.48932726405984,31528085
AMD,2025-12-26 00:00:00+00:00,122.26288007192865,124.23334752222848,121.69798711464139,122.34379434799601,36205198
AMD,2025-12-29 00:00:00+00:00,120.96326058227763,122.03151718973395,119.63543069741742,121.39505428662584,54735978
AMD,2025-12-30 00:00:00+00:00,121.03717275067646,121.7523461953852,119.19870148418816,120.65701568242355,48116091
AMD,2025-12-31 00:00:00+00:00,119.21137861550484,121.78480757551462,117.1025737462232,119.46925896031256,60699830
AMD,2026-01-01 00:00:00+00:00,119.51696315523131,121.6112136997883,117.20100934884876,119.7561443629646,73231610
AMD,2026-01-02 00:00:00+00:00,114.1633795787588,115.89029729296765,112.07449194856092,114.79689847367993,13149796
AMD,2026-01-05 00:00:00+00:00,115.62271563315706,116.40353078610326,114.75560229893254,115.98738728206239,76235161
AMD,2026-01-06 00:00:00+00:00,113.08153838397556,113.77267974717974,111.41978689675858,112.78749165026046,31907751
AMD,2026-01-07 00:00:00+00:00,110.63171315114252,113.5394226730038,110.26073495636405,111.35223119597619,19127596
AMD,2026-01-08 00:00:00+00:00,110.45041492626429,112.25294623461723,109.25107207791979,110.48186853735965,34616837
AMD,2026-01-09 00:00:00+00:00,108.31070512280506,108.5628197840565,107.74742449729341,108.0006460579824,71361243
AMD,2026-01-12 00:00:00+00:00,104.96402186034099,106.63951267469724,104.63709679013282,105.12259239792857,80297672
AMD,2026-01-13 00:00:00+00:00,103.16960503576387,104.00987838097448,102.72886708415575,103.07074348771066,14105892
AMD,2026-01-14 00:00:00+00:00,102.62791029545656,104.60157561439807,101.93751028940709,103.08842443566718,18203091
AMD,2026-01-15 00:00:00+00:00,104.90174791805056,105.59551313421781,103.63644326471386,104.35481269779238,37770736
AMD,2026-01-16 00:00:00+00:00,106.04738133559006,106.41569826147193,104.06243605470144,105.58237529636371,10834648
AMD,2026-01-19 00:00:00+00:00,103.6430919603571,103.78552843748668,103.29242075973215,103.54555242969748,25564025
AMD,2026-01-20 00:00:00+00:00,101.24517182938811,102.63575065067715,100.93012336122698,101.96097000133155,30666091
AMD,2026-01-21 00:00:00+00:00,99.7229063742284,101.8789999446843,98.37962968762426,100.14188493449832,65611239
AMD,2026-01-22 00:00:00+00:00,101.48322119922264,103.30315898187442,99.69498935783945,101.08828823663816,58624876
AMD,2026-01-23 00:00:00+00:00,97.75701736091598,99.12368715642927,95.68403331411368,97.0916980186491,74898736
AMD,2026-01-26 00:00:00+00:00,99.68531916559098,101.201516986497,98.1052768566123,99.5671865062565,12220054
AMD,2026-01-27 00:00:00+00:00,99.13905202856779,99.6048018993123,97.30571610810605,98.64687556586075,14594978
AMD,2026-01-28 00:00:00+00:00,96.9167203044631,97.90399076427,95.80224795031559,97.15290356110567,67800005
AMD,2026-01-29 00:00:00+00:00,97.78070850032242,99.6245852988793,96.30560038444908,97.85483829866644,79064155
AMD,2026-01-30 00:00:00+00:00,99.93821163834927,101.91092429338099,99.68300854182625,99.93775276273925,61256701
AMD,2026-02-02 00:00:00+00:00,100.83647461040435,101.786156815657,100.16032046258283,100.66610859537302,65676835
AMD,2026-02-03 00:00:00+00:00,102.22129899252273,104.46947760486974,100.67902356857724,102.85025280398841,87674461
AMD,2026-02-04 00:00:00+00:00,103.5574837066092,105.49768369353671,102.68867881501276,103.16929197808147,27358307
AMD,2026-02-05 00:00:00+00:00,106.34093123943224,108.46169300043917,104.60881679009654,105.78132827643756,69084734
AMD,2026-02-06 00:00:00+00:00,107.99465050298146,109.2113263124088,107.35254385325729,108.49317017493756,83266619
AMD,2026-02-09 00:00:00+00:00,107.73468021926458,109.77640790876862,106.74414328941373,108.32193226754347,82579905
AMD,2026-02-10 00:00:00+00:00,111.68730237947088,112.62654925967782,109.65168254001732,111.53090922618394,33443385
AMD,2026-02-11 00:00:00+00:00,111.65187377179886,113.04601670617808,110.1387496731987,111.94486119382778,12750501
AMD,2026-02-12 00:00:00+00:00,111.12167053920697,113.2823389234898,110.0706169721349,112.18556198041534,73077208
AMD,2026-02-13 00:00:00+00:00,110.53850758183002,111.23399275813969,109.49933570018364,110.18214172758483,20701913
AMD,2026-02-16 00:00:00+00:00,109.66073957994895,109.8101232920154,107.80668298261514,109.59253163572266,15996769
AMD,2026-02-17 00:00:00+00:00,111.14353535336535,113.0889984406362,109.6449394771833,111.35584507032986,57141655
AMD,2026-02-18 00:00:00+00:00,109.43231070333272,110.98880836735336,107.49935505703148,108.5149495005498,46483917
AMD,2026-02-19 00:00:00+00:00,110.04021499012596,111.90774542837433,108.05269542600281,109.97910872693352,68308827
AMD,2026-02-20 00:00:00+00:00,110.46011167539507,111.22752638095277,108.89635555926725,110.79401383750326,50460422
AMD,2026-02-23 00:00:00+00:00,111.50155085961818,112.11522016090235,109.26845680115936,111.45645477013706,24934498
AMD,2026-02-24 00:00:00+00:00,106.24472669143954,108.00367432781535,104.79731854391686,106.68858074752481,81726852
AMD,2026-02-25 00:00:00+00:00,106.18764808754896,108.51416527179792,104.26585065188718,106.5121722600621,45134394
AMD,2026-02-26 00:00:00+00:00,108.11318963985,109.19039895729698,106.70953859975516,107.94636380145978,76922051
AMD,2026-02-27 00:00:00+00:00,106.11953204778051,106.86747708625987,104.58185753321087,106.3552997130691,61154058
AMD,2026-03-02 00:00:00+00:00,106.39897909199743,107.90223727792662,104.58953675944076,106.59125866868315,53710740
AMD,2026-03-03 00:00:00+00:00,102.36078055627205,104.32534877294498,101.40553281852773,101.68197412365676,31759056
AMD,2026-03-04 00:00:00+00:00,103.45333062353713,105.2630847307696,102.06677139986554,103.09881553823551,14122886
AMD,2026-03-05 00:00:00+00:00,102.1104840821308,103.95665969096886,100.51067413292006,101.78362599009502,15096969
AMD,2026-03-06 00:00:00+00:00,103.83461759993374,104.74835382503615,103.39806981817485,103.6154432918601,44398202
AMD,2026-03-09 00:00:00+00:00,100.10059123798754,100.6995531011581,98.30905094766385,99.90709056087995,47779787
AMD,2026-03-10 00:00:00+00:00,101.93195059468094,103.7199471883033,99.86238343349204,101.3415005970718,40023410
AMD,2026-03-11 00:00:00+00:00,100.89587401846416,102.51556499730337,99.0001938401183,100.90376307261559,77974909
AMD,2026-03-12 00:00:00+00:00,103.35027492484446,105.1254365372936,101.76109573107568,102.5888546494074,89639553
AMD,2026-03-13 00:00:00+00:00,100.36486898618634,101.59791885004009,99.36985465722516,100.74827730246592,17204026
AMD,2026-03-16 00:00:00+00:00,99.44903381732334,100.19139771563086,97.6265312757627,99.55059042689838,64457512
AMD,2026-03-17 00:00:00+00:00,103.58529116269621,104.73938831636103,102.6718424671886,104.15966771837088,68647780
AMD,2026-03-18 00:00:00+00:00,102.34606930795076,104.28480347586058,100.62126331388059,102.48699836758311,42404483
AMD,2026-03-19 00:00:00+00:00,101.3010750393262,103.17200698276415,100.18092751851165,101.09143468193678,41164839
AMD,2026-03-20 00:00:00+00:00,101.15884093404577,101.96569609539688,99.82899883676436,100.57500428563243,39185287
AMD,2026-03-23 00:00:00+00:00,98.31786493102611,100.31603017832299,97.70162532160037,98.57942672481103,42457983
AMD,2026-03-24 00:00:00+00:00,100.9982246866686,101.83110274643921,100.48540669038012,100.99608176247132,71406347
AMD,2026-03-25 00:00:00+00:00,104.4338767855244,105.57877087722463,103.4733788672008,104.58414763948431,81659947
AVGO,2025-01-02 00:00:00+00:00,119.46571710656903,120.10139295316736,117.26838966274477,118.9783871061583,17662382
AVGO,2025-01-03 00:00:00+00:00,117.83282274091017,118.3530640515078,117.09889343027902,118.0599014723063,84648707
AVGO,2025-01-06 00:00:00+00:00,117.31776687060648,118.80324051587608,114.9719803466459,116.399350750079,38995515
AVGO,2025-01-07 00:00:00+00:00,118.83390454255256,121.2091566502485,117.97016617859138,118.97225687992142,74409382
AVGO,2025-01-08 00:00:00+00:00,119.82588266743885,122.05116622726398,119.11650491175212,119.92324017972115,48014024
AVGO,2025-01-09 00:00:00+00:00,119.24337564686962,120.81174630617706,118.53585365632777,119.35713676973225,13360172
AVGO,2025-01-10 00:00:00+00:00,118.21185725266167,119.65418680801324,118.05805498638392,118.54771528411499,57106400
AVGO,2025-01-13 00:00:00+00:00,120.25911426353635,122.61033601721894,118.40334490128909,120.05844466066746,17208786
AVGO,2025-01-14 00:00:00+00:00,120.97541042878503,122.61416398926188,120.67965410396083,120.96572064847354,21317191
AVGO,2025-01-15 00:00:00+00:00,119.61111659480963,121.90377377001441,118.25789575598067,118.82148987779817,85944833
AVGO,2025-01-16 00:00:00+00:00,123.74466197787255,125.48652443161826,123.1174070376804,123.44478500312769,53487544
AVGO,2025-01-17 00:00:00+00:00,124.46406699566074,126.23630356381814,122.17485972675512,124.19694941824216,30245190
AVGO,2025-01-20 00:00:00+00:00,124.16764190552325,126.0574502790389,122.79432583099076,124.27777082417406,65476309
AVGO,2025-01-21 00:00:00+00:00,127.7105583582942,128.87223608887248,126.4488075373469,128.4371182558655,56055170
AVGO,2025-01-22 00:00:00+00:00,131.37157109453693,132.18083689615074,129.78419432675796,131.4186207473575,68643333
AVGO,2025-01-23 00:00:00+00:00,130.77333673384774,131.51489046657767,128.63425530663477,131.21963673251463,63278504
AVGO,2025-01-24 00:00:00+00:00,133.33761266147795,135.83338432902784,131.1239697207936,132.831872168326,27947625
AVGO,2025-01-27 00:00:00+00:00,129.78028527942942,132.3784905321618,128.38485403820505,129.79609075043422,41557198
AVGO,2025-01-28 00:00:00+00:00,128.88583518432756,130.49641639426397,127.142908610135,128.03275658735217,45263789
AVGO,2025-01-29 00:00:00+00:00,122.23137615288259,122.71588328418986,120.55447282186257,121.87291849853719,23927912
AVGO,2025-01-30 00:00:00+00:00,125.66045853513108,126.08303394721564,122.76741370852761,125.2418821523657,33837176
AVGO,2025-01-31 00:00:00+00:00,120.28020661339346,121.42006164096924,118.7480162909177,120.16933494935472,60292250
AVGO,2025-02-03 00:00:00+00:00,122.13711034706103,123.16616386160439,120.8067585375653,122.03524882604839,41011385
AVGO,2025-02-04 00:00:00+00:00,120.18890573953374,120.7558950096885,117.73257819134817,119.87565967592008,36890084
AVGO,2025-02-05 00:00:00+00:00,117.80391975973994,118.12142526754168,117.13175561687363,117.37074246338399,39041303
AVGO,2025-02-06 00:00:00+00:00,116.5850041933876,118.47236137479958,116.32826016393822,116.91731606516005,23705525
AVGO,2025-02-07 00:00:00+00:00,117.88566795790828,119.77816610269805,115.77174100589116,117.65399280883626,85609584
AVGO,2025-02-10 00:00:00+00:00,120.54994693425948,120.81499148010367,117.04432323275259,119.29917278414608,64311711
AVGO,2025-02-11 00:00:00+00:00,124.04835729379097,124.94673088750206,123.80436531829123,124.09287686764615,11071380
AVGO,2025-02-12 00:00:00+00:00,125.00042097157336,125.96769912022145,124.81829263563475,125.12832384863374,73328527
AVGO,2025-02-13 00:00:00+00:00,127.27783530588349,129.07378114326872,127.12696551449426,127.63135882005231,85818056
AVGO,2025-02-14 00:00:00+00:00,125.28463548383871,127.58821342453992,123.78593208320561,126.0147975940193,75674374
AVGO,2025-02-17 00:00:00+00:00,128.6718653142586,129.8040733648873,127.59956292453617,128.06285654638293,12647894
AVGO,2025-02-18 00:00:00+00:00,128.5807298158913,130.82483969959023,127.04979175564333,128.54938154861665,28287535
AVGO,2025-02-19 00:00:00+00:00,127.45213253350465,128.52591818659388,125.56674971643871,127.29956268338648,16233496
AVGO,2025-02-20 00:00:00+00:00,128.02221048342582,128.88813940339804,126.91978773719707,127.08441177140985,10735497
AVGO,2025-02-21 00:00:00+00:00,128.23865707387642,130.23504626090207,124.73838178122645,126.96434678086565,26481858
AVGO,2025-02-24 00:00:00+00:00,127.0995225628795,129.72084689192485,126.36248777303685,127.55286888740824,84961100
AVGO,2025-02-25 00:00:00+00:00,129.28133288242546,131.56580808092556,127.25449701503997,128.73828466730544,32946828
AVGO,2025-02-26 00:00:00+00:00,127.67630935026835,128.21463954509343,126.37526163106638,127.35850127153847,55554878
AVGO,2025-02-27 00:00:00+00:00,125.55275540292907,126.14815108848697,124.40948610067454,125.35239596132874,78618820
AVGO,2025-02-28 00:00:00+00:00,127.72907097618769,128.9794701489631,126.37981825272696,127.48431194527642,86251257
AVGO,2025-03-03 00:00:00+00:00,122.85478352337202,125.24696456584562,122.72326638119583,122.86536854703932,77293680
AVGO,2025-03-04 00:00:00+00:00,122.028375721212,123.58873026528526,120.14744182140278,121.25656163402533,14183095
AVGO,2025-03-05 00:00:00+00:00,125.8322648212992,127.44843481405344,124.76508209655212,125.52265146373058,84759356
AVGO,2025-03-06 00:00:00+00:00,118.47891821498212,119.33277255590221,117.39292362010596,118.3146833407276,53438023
AVGO,2025-03-07 00:00:00+00:00,117.15595408619377,119.47790560267715,116.09597801156966,116.57335579607764,41177577
AVGO,2025-03-10 00:00:00+00:00,118.82602276026672,119.35711763663097,117.5284928578385,118.40021814652151,64327179
AVGO,2025-03-11 00:00:00+00:00,114.43797350898707,115.76848247375239,112.59431044972797,114.22652045402637,11266822
AVGO,2025-03-12 00:00:00+00:00,121.15612186967245,122.83087100065524,118.61397846351733,120.9966216640112,57479259
AVGO,2025-03-13 00:00:00+00:00,115.15130277972158,117.03860441318685,113.80437903931559,114.34700702449749,60065666
AVGO,2025-03-14 00:00:00+00:00,118.31010287549452,120.25700246131557,116.00585484644613,118.06815638892444,20161021
AVGO,2025-03-17 00:00:00+00:00,122.19222393066775,123.25468356768809,120.64278072514927,122.23477299086953,81934132
AVGO,2025-03-18 00:00:00+00:00,124.34998747099586,125.54364673198971,123.98699956265372,124.77639761007913,18490832
AVGO,2025-03-19 00:00:00+00:00,124.05222986676144,126.65844202821978,123.89354358599152,124.22176972741455,18595175
AVGO,2025-03-20 00:00:00+00:00,124.72982003708456,126.69548047427381,122.51007181101798,125.25433550877699,44114913
AVGO,2025-03-21 00:00:00+00:00,122.91199239373071,123.6936542818977,122.18848444998311,122.8577100198361,76223430
AVGO,2025-03-24 00:00:00+00:00,125.24737812160954,125.70170737211164,124.73965650193558,125.11733776579493,42624087
AVGO,2025-03-25 00:00:00+00:00,121.12336577968168,124.10956279382796,119.49356699399097,122.12376174349926,10142824
AVGO,2025-03-26 00:00:00+00:00,121.45140285073339,123.53087787691898,119.68929946620027,121.44114529038086,55571876
AVGO,2025-03-27 00:00:00+00:00,124.50818698157526,125.98063711342651,121.94826230855901,124.18435913405966,68585255
AVGO,2025-03-28 00:00:00+00:00,121.31002837450791,122.31639736086666,119.95431265116929,121.22793874059504,42477456
AVGO,2025-03-31 00:00:00+00:00,119.85271304745912,121.93919438350693,119.02245681602518,120.31083151899142,49462848
AVGO,2025-04-01 00:00:00+00:00,121.4114627364241,123.79380160065931,119.94588987795224,120.79712465029161,84030835
AVGO,2025-04-02 00:00:00+00:00,117.00706666848696,118.7392547900153,116.43485229654675,117.3326589321965,82660988
AVGO,2025-04-03 00:00:00+00:00,119.83721521928587,122.34908836441969,118.27100495055596,120.42767124833111,51316505
AVGO,2025-04-04 00:00:00+00:00,120.86138904657523,123.54056907800808,118.57672512852305,121.38488487839406,79998772
AVGO,2025-04-07 00:00:00+00:00,117.44797024284685,119.26006468892582,117.14155091508762,117.45360266540523,24765838
AVGO,2025-04-08 00:00:00+00:00,117.8442521417951,119.05150913781797,116.4019099329834,117.38158797079332,13719891
AVGO,2025-04-09 00:00:00+00:00,115.98417051248312,116.49310983612882,114.55767629006009,115.44482263691278,62421779
AVGO,2025-04-10 00:00:00+00:00,113.93114956382188,115.5528888338612,113.54728955982647,113.8345882526178,49851946
AVGO,2025-04-11 00:00:00+00:00,113.53121207744444,115.9911262529761,112.13459690421621,114.0748486430277,28755557
AVGO,2025-04-14 00:00:00+00:00,112.06055905624808,114.52259634747588,109.85552735765394,112.35478633522587,29365392
AVGO,2025-04-15 00:00:00+00:00,114.40117310576748,115.25955480608408,113.68537623058302,114.81255653274661,38098512
AVGO,2025-04-16 00:00:00+00:00,113.01403265191934,113.45124570048036,111.33971531875225,113.09389104085896,45151318
AVGO,2025-04-17 00:00:00+00:00,114.79193643361043,117.12474752220695,112.71293943817442,115.61156385438593,66852761
AVGO,2025-04-18 00:00:00+00:00,115.600950115042,117.53322056018698,114.83909622961488,115.54883755285125,15304086
AVGO,2025-04-21 00:00:00+00:00,118.09897297011399,118.38846115789795,115.61976821692463,117.79433589754488,29642735
AVGO,2025-04-22 00:00:00+00:00,116.37991675695872,117.92370893172638,114.60872248699188,116.44869913170629,38844461
AVGO,2025-04-23 00:00:00+00:00,115.42240060355833,116.12200043170277,113.68125623470397,115.20977284484543,75711285
AVGO,2025-04-24 00:00:00+00:00,111.95124962193104,114.61838849397607,111.42635385601689,112.37262321142657,42682608
AVGO,2025-04-25 00:00:00+00:00,113.19638919603746,114.75406722094397,112.48657764819703,113.85843473654558,38617060
AVGO,2025-04-28 00:00:00+00:00,115.98490635224486,116.57808530050733,115.64512636104267,116.28073210719069,10311345
AVGO,2025-04-29 00:00:00+00:00,122.4461154031854,124.38946062338125,119.68538104422214,121.88153155435606,85285156
AVGO,2025-04-30 00:00:00+00:00,125.96149503436058,126.80714747164036,123.39067524202368,125.44421095596695,47961510
AVGO,2025-05-01 00:00:00+00:00,125.95828590243136,127.31947216641963,125.62510044751544,126.18843434553726,71279691
AVGO,2025-05-02 00:00:00+00:00,126.26235003857443,126.70178409141135,124.26342694188662,125.65687135968608,81570084
AVGO,2025-05-05 00:00:00+00:00,126.62490901125487,127.71314249868684,125.98559422277594,126.78927116225404,19946292
AVGO,2025-05-06 00:00:00+00:00,127.53217021395216,127.982708990756,124.79435580942096,126.76515437996645,14861191
AVGO,2025-05-07 00:00:00+00:00,131.2211735930896,131.99403139252738,129.41079163042795,130.96795559416734,12571941
AVGO,2025-05-08 00:00:00+00:00,133.53088344447985,135.3770396094327,130.99883071570036,133.77234629445238,85581079
AVGO,2025-05-09 00:00:00+00:00,131.80577184284797,132.68627656872997,129.44087640196747,131.38746450506,39960624
AVGO,2025-05-12 00:00:00+00:00,129.06829668690577,131.2405721887925,128.6923137972803,129.46917607784115,49145335
AVGO,2025-05-13 00:00:00+00:00,132.97950483726464,135.89768245672025,131.90465326834277,133.47884917219827,15448417
AVGO,2025-05-14 00:00:00+00:00,133.66299570729728,136.0499036596452,132.06582922135502,134.4430642222396,26847494
AVGO,2025-05-15 00:00:00+00:00,133.9539249943938,134.1608719757669,131.3633545861741,133.81551441090355,28055362
AVGO,2025-05-16 00:00:00+00:00,137.382475775997,140.05497830322707,136.2768212121631,137.41169447422257,87528176
AVGO,2025-05-19 00:00:00+00:00,136.2601488287117,136.9508069697664,135.63744514049742,136.30219165449367,69313238
AVGO,2025-05-20 00:00:00+00:00,135.30055039854167,136.5495702337446,134.43693721865594,135.52272751320595,47881308
AVGO,2025-05-21 00:00:00+00:00,134.98297303780976,136.46828980951432,133.44401940789038,134.2110529704907,56384921
AVGO,2025-05-22 00:00:00+00:00,128.37824262620836,130.23669480019376,127.87303124584659,128.59613898748822,44953177
AVGO,2025-05-23 00:00:00+00:00,130.74025874345014,132.10300974886226,129.7552440983,131.11967315461825,13815739
AVGO,2025-05-26 00:00:00+00:00,128.36819417398064,129.57086065803918,126.99948769497541,127.73152288043758,40117608
AVGO,2025-05-27 00:00:00+00:00,126.91383345869592,128.55224193513698,124.84623467725244,126.19638993682646,70183951
AVGO,2025-05-28 00:00:00+00:00,124.36846852757655,125.57302655591047,121.96565552457024,124.2001233169446,80506928
AVGO,2025-05-29 00:00:00+00:00,125.37678831106909,127.06154986458225,122.97805842823007,126.2555409155274,74921071
AVGO,2025-05-30 00:00:00+00:00,125.81560826281877,127.22850143905394,125.30870199616952,126.11814601576063,20394044
AVGO,2025-06-02 00:00:00+00:00,126.52335439031891,127.57482165048405,124.72217920364722,126.21392673762772,76029263
AVGO,2025-06-03 00:00:00+00:00,121.69538456403554,122.49214132444358,120.0070946933762,121.68675769855487,26837176
AVGO,2025-06-04 00:00:00+00:00,122.2592302771346,123.77685453855354,121.03032848365824,121.50392514627137,10748994
AVGO,2025-06-05 00:00:00+00:00,117.02698852160322,118.93331846282985,115.72749870244527,117.67036987459778,32657637
AVGO,2025-06-06 00:00:00+00:00,118.83968769413414,119.88773962748705,117.94907866571629,118.5180860349407,39755019
AVGO,2025-06-09 00:00:00+00:00,119.22854481411457,121.25900420945177,118.28456864814537,119.52833778717992,14994221
AVGO,2025-06-10 00:00:00+00:00,120.16537827679612,122.14072345103985,118.67754862401443,119.53279094375563,59367492
AVGO,2025-06-11 00:00:00+00:00,125.04321318272916,126.74788261080413,122.98199406644089,125.08079594068421,77525906
AVGO,2025-06-12 00:00:00+00:00,127.11650660518329,128.06765934000546,125.90490767326533,126.59460979377502,79293665
AVGO,2025-06-13 00:00:00+00:00,127.98647413130838,130.73076347526688,126.54510507738367,128.3188348427205,49089436
AVGO,2025-06-16 00:00:00+00:00,128.04925121369425,129.15904460320917,126.49649524081154,128.7752856620794,31268358
AVGO,2025-06-17 00:00:00+00:00,127.71443701728283,130.3759232080357,126.78626400667493,128.2842155096756,58127221
AVGO,2025-06-18 00:00:00+00:00,130.77636045102642,132.27490854048654,128.3361758548174,131.09450008152558,30260008
AVGO,2025-06-19 00:00:00+00:00,133.81558867362548,135.51359812993547,132.83731744684587,134.3663907134879,80838273
AVGO,2025-06-20 00:00:00+00:00,131.256726938267,133.49079526511562,129.68924242256713,130.629464453141,44612419
AVGO,2025-06-23 00:00:00+00:00,134.467821148015,136.27650057023575,131.8576352576686,133.75149604168362,56173452
AVGO,2025-06-24 00:00:00+00:00,135.47664602559632,138.1189281372061,133.93939318990357,135.32884177044744,32103671
AVGO,2025-06-25 00:00:00+00:00,137.70555174520382,140.7226574090549,135.67148221348157,138.27757570192122,89874830
AVGO,2025-06-26 00:00:00+00:00,139.69555130568781,140.2102380536094,139.15008578650367,139.7617261088194,52498479
AVGO,2025-06-27 00:00:00+00:00,135.6716202927956,137.481539926606,135.15422095088928,136.04491415641147,10371056
AVGO,2025-06-30 00:00:00+00:00,133.40643476484973,135.48551654362603,130.64745752386358,132.6349901571226,50019051
AVGO,2025-07-01 00:00:00+00:00,138.2999515377454,138.65518834939627,136.9675827253957,138.12539225015354,40861381
AVGO,2025-07-02 00:00:00+00:00,139.22496380090297,140.7991934447107,136.5510542268026,138.9529292371905,33906030
AVGO,2025-07-03 00:00:00+00:00,134.52843704196175,137.4202938786392,133.79708313824958,134.7438564210143,21082203
AVGO,2025-07-04 00:00:00+00:00,134.74400189437284,136.58953037099198,133.99421296454807,135.8368482451222,28541405
AVGO,2025-07-07 00:00:00+00:00,134.3997404171912,135.24956346411912,132.06094566067458,134.81558412841224,57808405
AVGO,2025-07-08 00:00:00+00:00,128.9334217380345,130.35358947748153,127.91841276828454,129.51189031508363,38623925
AVGO,2025-07-09 00:00:00+00:00,123.38240026489703,124.31300141447934,122.8197068206543,123.19993878840351,55461188
AVGO,2025-07-10 00:00:00+00:00,119.02766838723052,119.79298275290246,118.36471856782094,118.98172227410507,68803682
AVGO,2025-07-11 00:00:00+00:00,119.3616144030026,120.8483980852075,117.49698817870731,119.74557970507983,44857321
AVGO,2025-07-14 00:00:00+00:00,119.48323744913661,121.68386013715296,118.76113380927227,119.66925559907355,23226370
AVGO,2025-07-15 00:00:00+00:00,119.81113042542783,121.10871761114619,117.68870123872097,119.06507970798745,62517081
AVGO,2025-07-16 00:00:00+00:00,119.40348611415293,121.32528667393585,117.39062350591139,119.86344677710011,89686360
AVGO,2025-07-17 00:00:00+00:00,121.06401390212127,121.88341783604211,119.53884546024594,121.51017701321327,75722906
AVGO,2025-07-18 00:00:00+00:00,115.96043675904872,116.32542632837449,114.1861123939875,116.06644827150117,28821096
AVGO,2025-07-21 00:00:00+00:00,115.02587069863299,117.5480205210069,112.77575256409979,115.3484481378766,76547945
AVGO,2025-07-22 00:00:00+00:00,113.11974489906066,114.17467685222539,112.3635382335781,113.31407734348355,31812060
AVGO,2025-07-23 00:00:00+00:00,110.56202301156543,112.6626240561733,108.38042738048104,110.32748940653853,18922545
AVGO,2025-07-24 00:00:00+00:00,109.8086925618894,110.61874319227395,107.80221691324422,109.05307508295269,19829856
AVGO,2025-07-25 00:00:00+00:00,108.02990378090227,110.2353600063503,107.50845514060195,108.80437063945831,72440266
AVGO,2025-07-28 00:00:00+00:00,108.20620181331151,109.68245917717105,107.8266299556994,108.21409899730055,41348967
AVGO,2025-07-29 00:00:00+00:00,104.86719313994632,105.15136528574789,104.09174875413673,104.84981385426906,83315938
AVGO,2025-07-30 00:00:00+00:00,103.74997393395789,104.02848531046631,103.37486447901398,103.78481744780758,39748401
AVGO,2025-07-31 00:00:00+00:00,108.4554285980486,109.55611967888674,106.75671403102514,108.53666219218533,14844524
AVGO,2025-08-01 00:00:00+00:00,105.94768136560751,106.45478686120222,104.71960971462194,106.09212386387748,64545391
AVGO,2025-08-04 00:00:00+00:00,102.6803217762986,103.36014352050235,102.08130733106928,102.26952847297376,56966211
AVGO,2025-08-05 00:00:00+00:00,102.74239080814024,103.41988136068616,100.92511834149411,102.9339045369378,81682909
AVGO,2025-08-06 00:00:00+00:00,104.28457963491033,105.06243232154087,102.99937073033927,104.33771504878233,87083105
AVGO,2025-08-07 00:00:00+00:00,105.45258428641614,106.4715995892829,104.45979165259605,105.45263223190267,29829371
AVGO,2025-08-08 00:00:00+00:00,102.97414863764352,103.68624627542474,102.5513326993808,102.92989060418698,29788703
AVGO,2025-08-11 00:00:00+00:00,105.18729071449887,106.03534644054432,104.1430803203479,105.25923067326264,74751357
AVGO,2025-08-12 00:00:00+00:00,103.91340207019982,104.9767912883759,101.59229781119521,103.4997153984823,40283101
AVGO,2025-08-13 00:00:00+00:00,100.98650208066117,102.4010249352664,99.76416079812445,100.99000796778472,34662925
AVGO,2025-08-14 00:00:00+00:00,99.75838143999913,99.93774768809966,98.71948829562645,99.68897363598842,22196673
AVGO,2025-08-15 00:00:00+00:00,99.47216243336705,101.47778346985437,98.22340782293564,99.49263927350673,42538239
AVGO,2025-08-18 00:00:00+00:00,100.70480433318008,102.03920003921861,99.55066201051342,101.11046941351893,36228745
AVGO,2025-08-19 00:00:00+00:00,102.21031312926387,104.45180863601456,100.89701000132864,102.55076823995746,20261983
AVGO,2025-08-20 00:00:00+00:00,102.11239501393558,102.65973325761021,101.62424913038043,102.54307886521022,23733454
AVGO,2025-08-21 00:00:00+00:00,104.79407265856815,105.01332743716621,104.31287961204328,104.71338112187625,81418249
AVGO,2025-08-22 00:00:00+00:00,104.64583312058821,105.24797447814231,104.51629216384356,104.94534436066739,19634144
AVGO,2025-08-25 00:00:00+00:00,106.62486515178833,109.04353447933259,104.83303939221281,107.07947659079738,41177299
AVGO,2025-08-26 00:00:00+00:00,103.96540374062086,104.88325425625482,103.75621975309656,103.86647885572428,66069623
AVGO,2025-08-27 00:00:00+00:00,100.58391095341645,102.30201751686468,99.78426450509372,100.37311467684181,43848599
AVGO,2025-08-28 00:00:00+00:00,101.42423653889131,103.59388806838007,100.19482943156201,102.14365850587629,12114908
AVGO,2025-08-29 00:00:00+00:00,99.77866461449105,100.04491690193794,98.0685520306596,99.10881870371142,58041066
AVGO,2025-09-01 00:00:00+00:00,98.50764103174379,99.28312292629757,96.70940569919263,98.4949229204478,65769591
AVGO,2025-09-02 00:00:00+00:00,98.28249996030101,99.04140976338883,97.78608561475082,98.32386179958843,53652544
AVGO,2025-09-03 00:00:00+00:00,97.73012431394575,98.66914367820641,97.00678652550684,97.31487194925938,28105064
AVGO,2025-09-04 00:00:00+00:00,96.4162027677943,97.89353767138077,95.99911182312269,96.3892861031672,86210380
AVGO,2025-09-05 00:00:00+00:00,99.18973010010237,99.68729156432796,98.1523099961104,99.42989663593569,46117451
AVGO,2025-09-08 00:00:00+00:00,94.9130869314368,96.67854769240073,93.47244835984725,94.08716183861901,62139540
AVGO,2025-09-09 00:00:00+00:00,95.56245204523621,96.93997414363562,94.64003237576391,95.9749122131779,63903074
AVGO,2025-09-10 00:00:00+00:00,100.94845681236681,101.7907375009063,99.5281636701883,100.98789091708889,24354705
AVGO,2025-09-11 00:00:00+00:00,101.42529606327912,102.87124324443042,100.3644340517966,101.08274896419012,23657571
AVGO,2025-09-12 00:00:00+00:00,100.65051525298402,101.7151303177882,99.27787789735436,101.08300718034684,17819764
AVGO,2025-09-15 00:00:00+00:00,102.71251762797938,104.24818987580272,102.57146496103134,102.754452942711,52174558
AVGO,2025-09-16 00:00:00+00:00,107.18347175738862,108.13770457373856,105.80041548799265,107.01799415241862,40714256
AVGO,2025-09-17 00:00:00+00:00,105.30286771689885,106.3648444493536,102.3985291665172,104.30089188191653,76857400
AVGO,2025-09-18 00:00:00+00:00,104.17284573346295,105.0263857790126,102.21970863274697,104.54619994365572,74808354
AVGO,2025-09-19 00:00:00+00:00,104.14265585991181,104.6687968331807,102.9071079526948,104.16251408004064,23072579
AVGO,2025-09-22 00:00:00+00:00,105.77456313043396,107.61149587361146,103.42056618451517,105.49659768581984,61975641
AVGO,2025-09-23 00:00:00+00:00,105.94551358523172,107.21157644851085,105.33157894694405,105.91117914903128,47408879
AVGO,2025-09-24 00:00:00+00:00,106.98730447965353,108.4745958900412,106.2753377536276,107.50455070814823,15174666
AVGO,2025-09-25 00:00:00+00:00,106.73065785177897,108.40892975719818,105.54294436683037,106.55670234363001,24724384
AVGO,2025-09-26 00:00:00+00:00,106.7623583541147,108.71931207974286,105.5778684517163,106.71644896105646,75310687
AVGO,2025-09-29 00:00:00+00:00,105.38588543974656,105.80935818910297,103.45523680614927,105.19836673935964,21464827
AVGO,2025-09-30 00:00:00+00:00,104.18509088566341,106.26483319850361,102.73034618689745,103.71568773777804,44742086
AVGO,2025-10-01 00:00:00+00:00,103.85587309868572,103.9876356688348,103.23879437096905,103.4366664775834,49199698
AVGO,2025-10-02 00:00:00+00:00,103.32558376668653,104.63423591183626,101.68242324207172,103.15732905622059,73527214
AVGO,2025-10-03 00:00:00+00:00,100.69762562323118,101.30274301437584,100.04661422341154,100.57267968501493,46533176
AVGO,2025-10-06 00:00:00+00:00,103.69338911091927,104.75410679168785,101.85137739233501,104.15101689567628,53262416
AVGO,2025-10-07 00:00:00+00:00,103.82976445647454,104.96582444340747,103.30772490565221,103.88557794902044,61506805
AVGO,2025-10-08 00:00:00+00:00,100.90198124907985,102.16126388895962,100.14584833972495,100.81313600444363,38716594
AVGO,2025-10-09 00:00:00+00:00,103.16370307625778,104.29044004983241,102.79155138174428,103.3294498170025,78624016
AVGO,2025-10-10 00:00:00+00:00,101.72474247798003,103.20642111072326,100.99878811756328,101.68504108976336,63081750
AVGO,2025-10-13 00:00:00+00:00,102.53207250095058,104.83195232240324,101.25881337351534,102.8716806895048,66527230
AVGO,2025-10-14 00:00:00+00:00,103.50775822189603,103.94337904068188,102.25099870514299,102.87637447282341,84754866
AVGO,2025-10-15 00:00:00+00:00,104.37947463990335,104.95503596043235,103.28984234574067,103.48861188072445,36906455
AVGO,2025-10-16 00:00:00+00:00,103.7604254708985,105.22987748570206,102.50074962137629,103.92235569018351,68317260
AVGO,2025-10-17 00:00:00+00:00,102.82314796509087,103.72747045428201,101.1225971886741,102.65874675275751,48887229
AVGO,2025-10-20 00:00:00+00:00,102.69814881288015,103.51320389719712,102.38291511677754,102.79442989261227,39662551
AVGO,2025-10-21 00:00:00+00:00,108.08499639690703,109.22912534296724,106.56735803365721,107.54175522083432,63901608
AVGO,2025-10-22 00:00:00+00:00,102.59716900015053,104.05814022484914,102.18369864070226,102.41896128110032,21950390
AVGO,2025-10-23 00:00:00+00:00,102.64251332121958,104.51724903665986,102.47515178610625,102.61077231733036,77097855
AVGO,2025-10-24 00:00:00+00:00,103.5482264806461,105.59732917047624,102.70780610043155,103.64094906433874,84262458
AVGO,2025-10-27 00:00:00+00:00,101.36287722092584,103.0425761759648,100.65891040527615,101.31176448440637,64620098
AVGO,2025-10-28 00:00:00+00:00,97.95080600284864,99.09032773992323,96.22390698098683,98.34432908325999,40781543
AVGO,2025-10-29 00:00:00+00:00,103.45011527044899,105.29085941751642,103.04167907557958,103.17133292013554,50206658
AVGO,2025-10-30 00:00:00+00:00,102.08215035934728,103.85782352650482,100.72628258901278,102.37452993109976,33465655
AVGO,2025-10-31 00:00:00+00:00,107.44005735713003,107.90370133999014,105.6090367404153,107.21067716324794,20677708
AVGO,2025-11-03 00:00:00+00:00,108.58367164994824,110.65887156664076,107.55899461202296,108.52739579408787,79843626
AVGO,2025-11-04 00:00:00+00:00,109.23133246054508,109.85389735454231,107.61153134714188,108.75501025684214,79463374
AVGO,2025-11-05 00:00:00+00:00,109.93849992801816,111.48089588475848,109.31237694466948,109.94597309992254,59418570
AVGO,2025-11-06 00:00:00+00:00,111.99599868442304,113.58589972452486,110.89313772217952,111.53954718627745,32509206
AVGO,2025-11-07 00:00:00+00:00,114.09773351231003,116.6106071392525,113.86874391140725,114.52024575838661,88840849
AVGO,2025-11-10 00:00:00+00:00,115.95409582261706,117.53834766412707,113.56588132429087,115.67211279058797,42406792
AVGO,2025-11-11 00:00:00+00:00,115.98538833364871,118.37403967058123,115.80621485252186,116.08944930158773,55284655
AVGO,2025-11-12 00:00:00+00:00,116.680088559499,116.92918546209246,116.16919790190812,116.58951347635518,80767937
AVGO,2025-11-13 00:00:00+00:00,120.1941538452287,120.3998936371094,118.38598252889787,120.15966824608967,13294582
AVGO,2025-11-14 00:00:00+00:00,122.84862387361139,123.4280719165225,121.20377469568442,122.39025224732758,26586992
AVGO,2025-11-17 00:00:00+00:00,118.80446575345822,121.20092009761085,117.52995137243578,119.77203817603025,68294836
AVGO,2025-11-18 00:00:00+00:00,118.31113756294309,119.38236852900219,117.37924057136121,118.1584382268301,83106219
AVGO,2025-11-19 00:00:00+00:00,118.35954230102689,119.37709234351729,117.87879269346404,119.07135018507203,79138014
AVGO,2025-11-20 00:00:00+00:00,118.06723839740694,118.6384682496277,115.59850665617503,117.50003431949666,28327735
AVGO,2025-11-21 00:00:00+00:00,115.65985973286173,117.97941033613168,115.27218550179018,116.5797876638103,73131776
AVGO,2025-11-24 00:00:00+00:00,113.7431084613487,115.18914553445848,112.9900588905085,114.20164257536665,16977505
AVGO,2025-11-25 00:00:00+00:00,112.83329967040265,115.35517804421913,111.1086021342769,113.59386931474009,57267205
AVGO,2025-11-26 00:00:00+00:00,115.45777593010614,116.59761285788093,113.94127071358848,114.70565731315683,51089055
AVGO,2025-11-27 00:00:00+00:00,116.68915088045124,119.36732257301031,114.46323228184725,117.29391762666282,78783595
AVGO,2025-11-28 00:00:00+00:00,117.4205032205758,119.23069909435569,116.85881836320908,117.36702399524358,73625368
AVGO,2025-12-01 00:00:00+00:00,122.63680865835208,124.17767722598197,121.28479606677192,122.90020476592434,13094786
AVGO,2025-12-02 00:00:00+00:00,121.86166407409044,123.70294123037898,120.49405272591206,122.7453136775526,16055052
AVGO,2025-12-03 00:00:00+00:00,131.55655493332176,132.40125358059703,130.17398464239636,131.7342845041036,77418988
AVGO,2025-12-04 00:00:00+00:00,135.08317191894946,135.9678934904735,132.6090082842049,134.72602118515965,11419742
AVGO,2025-12-05 00:00:00+00:00,136.1631490348439,137.31914801866938,135.90774158643075,136.26358528216224,41708217
AVGO,2025-12-08 00:00:00+00:00,135.33993486681072,136.40417905786433,133.2990520103968,134.8323826357536,63155525
AVGO,2025-12-09 00:00:00+00:00,126.578767257089,127.32019866265343,124.55282245120368,126.76228089286985,75207402
AVGO,2025-12-10 00:00:00+00:00,126.38692898536121,127.649662945871,126.13533745087803,126.3834618013136,82403621
AVGO,2025-12-11 00:00:00+00:00,126.737884823362,127.32990377130095,125.29563139337338,126.93325986431975,19020331
AVGO,2025-12-12 00:00:00+00:00,132.6545970864626,134.97644905127777,131.23094274204533,132.47254361556713,30640610
AVGO,2025-12-15 00:00:00+00:00,129.54235086132823,131.0264637041254,127.4488906471411,128.56581032414863,32669842
AVGO,2025-12-16 00:00:00+00:00,134.3217887090365,134.6988007197978,132.62298167119064,134.1274430927036,31888846
AVGO,2025-12-17 00:00:00+00:00,133.54793828481675,134.51330276296517,131.72679061711915,133.44415008790796,19798608
AVGO,2025-12-18 00:00:00+00:00,135.30825786343595,136.4372428621541,133.36410754418006,135.64379430742304,68857582
AVGO,2025-12-19 00:00:00+00:00,127.93843508871869,128.83529004311623,125.62700973599145,128.32622687558427,69168689
AVGO,2025-12-22 00:00:00+00:00,129.52754139021914,130.83993327794178,127.03818638338255,128.77340861257272,46878310
AVGO,2025-12-23 00:00:00+00:00,127.28814216007115,128.43004809970802,124.7449185077552,127.85697192225005,47568830
AVGO,2025-12-24 00:00:00+00:00,129.37128194534031,130.34958488784324,127.60764706000289,129.84555157262255,72427830
AVGO,2025-12-25 00:00:00+00:00,130.11032638256916,132.02802421251172,129.31488946354926,130.16106376831172,62448672
AVGO,2025-12-26 00:00:00+00:00,126.76774931010846,128.14771889883016,126.28643209241271,126.98428821727643,22720087
AVGO,2025-12-29 00:00:00+00:00,130.7270280174324,132.5270170976514,129.4076260522418,129.71206274893368,29070465
AVGO,2025-12-30 00:00:00+00:00,130.51770909986303,133.073211933411,129.72202834535992,131.76485391650047,50711956
AVGO,2025-12-31 00:00:00+00:00,133.75532919486352,135.16987509558732,133.12639703929963,133.5622718088184,68774092
AVGO,2026-01-01 00:00:00+00:00,137.00682586471,137.95260557946773,134.70675706878023,136.6173514070179,88583774
AVGO,2026-01-02 00:00:00+00:00,139.3980065161272,141.29984013822258,137.43240683121445,140.02559765023292,89423821
AVGO,2026-01-05 00:00:00+00:00,139.65620884822474,141.4365808500823,137.8924641546282,140.01721642865016,50879713
AVGO,2026-01-06 00:00:00+00:00,136.1893054233858,137.2114930422969,134.82924023442826,135.95404512457253,16324724
AVGO,2026-01-07 00:00:00+00:00,132.78943217826193,135.0067549884041,130.6347334184124,131.92950872724353,56465436
AVGO,2026-01-08 00:00:00+00:00,135.46230820058187,136.73509973107483,134.65910246704044,135.9629309852816,35504699
AVGO,2026-01-09 00:00:00+00:00,137.28996211412968,138.87982194484394,134.75639965167136,138.16272069029964,26240137
AVGO,2026-01-12 00:00:00+00:00,139.070236477709,140.1189304677799,138.35107348031158,138.5313663192785,79553611
AVGO,2026-01-13 00:00:00+00:00,138.1073089139631,140.3057650524392,136.29723147586137,137.27064801585496,77552296
AVGO,2026-01-14 00:00:00+00:00,137.239522819837,139.77415226214396,135.60867364688875,137.42368792726182,78130380
AVGO,2026-01-15 00:00:00+00:00,136.33834837559604,139.17070935171466,135.73404062352125,137.55643080497362,12782189
AVGO,2026-01-16 00:00:00+00:00,137.39173248405913,138.47067501207962,134.2447123167829,136.59844278160315,79762695
AVGO,2026-01-19 00:00:00+00:00,134.46346975286974,136.3638053352532,133.10159090097298,134.57033495666826,80882746
AVGO,2026-01-20 00:00:00+00:00,141.82692663412922,144.19585586711042,140.05689107784454,141.19218402462522,28127114
AVGO,2026-01-21 00:00:00+00:00,141.93885207123625,142.76064867914621,141.62750260987804,141.96354343101936,54140103
AVGO,2026-01-22 00:00:00+00:00,139.93231909315455,142.06052514932816,139.04479999568977,140.1428958724075,55052391
AVGO,2026-01-23 00:00:00+00:00,135.99633602187959,138.2164428041459,134.3367398518489,136.242615087,47676867
AVGO,2026-01-26 00:00:00+00:00,134.9316629408961,136.06707453194542,133.29018513226285,134.14106500516846,16886689
AVGO,2026-01-27 00:00:00+00:00,137.12149523025423,137.6359001302722,136.08591793750026,136.33920742890342,19028710
AVGO,2026-01-28 00:00:00+00:00,137.50526716891676,140.43065458000092,135.85360929578692,138.69127149650382,44481441
AVGO,2026-01-29 00:00:00+00:00,137.5674808404434,138.7740965806867,136.63554275519132,138.0846104578879,31546933
AVGO,2026-01-30 00:00:00+00:00,139.2829425536505,140.39612744947706,135.93750367391112,138.29986351615017,56090652
AVGO,2026-02-02 00:00:00+00:00,137.23061658503246,138.9918653711465,135.28962076190336,137.43252885788118,57526554
AVGO,2026-02-03 00:00:00+00:00,133.44960877314844,136.76830404924326,131.48682706459348,134.17980097527743,30684124
AVGO,2026-02-04 00:00:00+00:00,138.13834167580364,138.6610487522311,135.66139041681114,138.1358741616901,43414312
AVGO,2026-02-05 00:00:00+00:00,139.27107471373517,139.66589032462832,136.98840319604258,139.33147033449896,43770295
AVGO,2026-02-06 00:00:00+00:00,147.13729530553866,148.84883724258114,146.06968550822552,147.1946099635464,87401219
AVGO,2026-02-09 00:00:00+00:00,144.54917317806408,147.56691626396233,142.8418897314028,144.8269877693064,39295350
AVGO,2026-02-10 00:00:00+00:00,144.27093578848945,144.72134737236323,143.41704982953274,144.45009839809376,52357965
AVGO,2026-02-11 00:00:00+00:00,147.07669082763795,149.29038870378892,146.3664312152819,147.345394459954,16771020
AVGO,2026-02-12 00:00:00+00:00,146.81042143070098,147.03333720950553,145.8945298584262,146.61459907429412,40259351
AVGO,2026-02-13 00:00:00+00:00,141.8034328595742,143.89771239292853,141.36249561991437,142.265933643781,16286619
AVGO,2026-02-16 00:00:00+00:00,139.22393747606762,139.8403964397203,138.45235698122977,139.38542625223917,72488718
AVGO,2026-02-17 00:00:00+00:00,139.67286173206296,141.64332939789767,138.93688641256267,139.75340099966203,11970426
AVGO,2026-02-18 00:00:00+00:00,141.6080316787423,142.72089090451857,138.93120071228373,140.87226098379378,10234225
AVGO,2026-02-19 00:00:00+00:00,140.84848558035605,142.7410425080279,139.8257934473919,140.63842177007677,80259796
AVGO,2026-02-20 00:00:00+00:00,143.77505891666783,144.6877880216502,143.5038219376992,143.83817526915794,88891223
AVGO,2026-02-23 00:00:00+00:00,147.39148084473536,147.74866588618588,145.75081535931855,147.07603923270298,23949005
AVGO,2026-02-24 00:00:00+00:00,148.42711401117916,149.08847339812746,147.47243068573079,148.18638920109638,81768912
AVGO,2026-02-25 00:00:00+00:00,148.9818355623431,149.9061777579852,146.24518240428847,148.33637365131062,75913432
AVGO,2026-02-26 00:00:00+00:00,147.8743404086564,148.48514815850984,146.80610642449238,147.5753449604491,88982933
AVGO,2026-02-27 00:00:00+00:00,150.51028668172074,151.22825804896928,147.70712058507135,149.43797316816924,42722891
AVGO,2026-03-02 00:00:00+00:00,153.37673843789034,155.1159432841799,151.89343511874029,152.5562196639532,72850251
AVGO,2026-03-03 00:00:00+00:00,152.79886802390726,154.2475168621813,151.24636015903107,152.8239320101682,16293843
AVGO,2026-03-04 00:00:00+00:00,154.15321864551697,156.98489066975392,151.45905844169212,154.4092351125099,10197428
AVGO,2026-03-05 00:00:00+00:00,153.91731845712323,155.5265193723963,152.33866899478033,153.37586744013993,12851240
AVGO,2026-03-06 00:00:00+00:00,149.05596683691613,150.7329452859447,147.10984964234495,148.74857550638356,19277666
AVGO,2026-03-09 00:00:00+00:00,145.51484732153068,147.67957278160674,144.15664369078726,145.5699129060705,81873756
AVGO,2026-03-10 00:00:00+00:00,147.23029567810204,150.65488534147357,146.88720659942967,148.10527291676178,35494714
AVGO,2026-03-11 00:00:00+00:00,148.53504187647033,151.4437075689547,148.3281684010775,149.6317672214292,38484991
AVGO,2026-03-12 00:00:00+00:00,155.24028717090548,155.5041368093238,152.38783833043573,155.0243329728111,24509375
AVGO,2026-03-13 00:00:00+00:00,155.7597696500121,157.27454103098532,154.12154245617089,155.28098107706563,50501918
AVGO,2026-03-16 00:00:00+00:00,158.83880264068603,159.09502974872032,156.107761431838,158.3299709744481,14838810
AVGO,2026-03-17 00:00:00+00:00,162.23496156004884,165.11182473153207,160.8006103730956,163.0745815468721,28164645
AVGO,2026-03-18 00:00:00+00:00,167.44356108500602,167.81794904443234,163.9288914786932,166.75164591258726,83357922
AVGO,2026-03-19 00:00:00+00:00,164.25147004143767,166.4553750048552,163.47860190306264,164.60316598253877,81756737
AVGO,2026-03-20 00:00:00+00:00,164.25983841794948,164.89199268744767,162.33336652009461,164.00502609069866,82819139
AVGO,2026-03-23 00:00:00+00:00,164.81727771920848,167.66119295937546,162.66404135640423,164.54302308528253,37320333
AVGO,2026-03-24 00:00:00+00:00,160.56323534523713,161.52997653024482,157.98172112011738,161.08029435025173,71363084
AVGO,2026-03-25 00:00:00+00:00,162.453077906913,165.0412767286095,162.1997362622342,162.83823922605993,17024737
AMAT,2025-01-02 00:00:00+00:00,132.76260026483277,134.3289411861261,130.24661560140763,133.03233457364092,30244200
AMAT,2025-01-03 00:00:00+00:00,135.5287545823255,137.94259244323487,133.70549240219066,135.1406237344944,47151837
AMAT,2025-01-06 00:00:00+00:00,130.50055754171532,134.100325878904,128.3813479500119,131.7863066844474,89679282
AMAT,2025-01-07 00:00:00+00:00,131.14795615205293,133.28157679721446,129.7089783848331,131.77300497583386,35430183
AMAT,2025-01-08 00:00:00+00:00,131.0374350236357,134.4205867315162,128.83367466437372,132.02956107832884,65929445
AMAT,2025-01-09 00:00:00+00:00,134.44714601171214,136.66263499531019,133.44897670176096,133.75623503702116,37526972
AMAT,2025-01-10 00:00:00+00:00,132.89289221849683,133.6145625941409,132.75687558925225,133.2214432281272,52791374
AMAT,2025-01-13 00:00:00+00:00,131.38419263038574,132.14889902634607,131.02640814328268,131.68247330582136,34519158
AMAT,2025-01-14 00:00:00+00:00,129.99608464002637,131.74016839259025,128.78932582399696,130.59868854640357,89865422
AMAT,2025-01-15 00:00:00+00:00,126.9102553868338,128.32211317494043,125.47116166688124,126.48072299482725,43971382
AMAT,2025-01-16 00:00:00+00:00,126.18226329996597,128.1103950236092,123.75695520521651,126.41638946385436,50451534
AMAT,2025-01-17 00:00:00+00:00,125.14378077073202,126.61078852971039,122.56410613406194,125.05812828767395,19467117
AMAT,2025-01-20 00:00:00+00:00,125.05037647127716,128.32804807588505,124.60560652131127,126.10295357639974,46228503
AMAT,2025-01-21 00:00:00+00:00,124.338726025716,126.35470304356906,121.69744992638907,123.7835083968412,83535412
AMAT,2025-01-22 00:00:00+00:00,122.97198287680624,123.33442428989284,121.49194106557772,122.8027624257832,78048840
AMAT,2025-01-23 00:00:00+00:00,120.88606363666099,121.78609813706082,118.59486536074063,120.64389703518832,56319090
AMAT,2025-01-24 00:00:00+00:00,118.8966745693269,121.02134865424044,117.3864736933054,118.33479198646319,86645626
AMAT,2025-01-27 00:00:00+00:00,119.69951694754,121.65514913831849,117.822508426786,119.81626791728927,20399487
AMAT,2025-01-28 00:00:00+00:00,118.69434093844544,118.95194392669998,118.565340179155,118.79765488900887,67558291
AMAT,2025-01-29 00:00:00+00:00,120.04965288170511,121.59929580176001,118.54555916262846,119.72943157898345,41272614
AMAT,2025-01-30 00:00:00+00:00,117.49548160331265,117.89498329838905,116.45940188862227,117.3184497938988,88692380
AMAT,2025-01-31 00:00:00+00:00,117.36031736738542,118.74020978097796,116.68104880748925,117.49893319014033,42211973
AMAT,2025-02-03 00:00:00+00:00,113.95241777616577,116.22140026088294,113.1878769010255,113.95496046662701,56932227
AMAT,2025-02-04 00:00:00+00:00,112.70084064748389,113.22572330079005,111.69065355136493,112.95135417324933,10710546
AMAT,2025-02-05 00:00:00+00:00,112.20415064805564,114.07209618548478,110.73950168582253,111.90589309075386,27346541
AMAT,2025-02-06 00:00:00+00:00,113.45605402348326,114.61219891899063,111.81482285254506,113.05555452608475,29181265
AMAT,2025-02-07 00:00:00+00:00,113.37075995462217,115.61284941734563,111.67512237379775,113.3907258358837,63350403
AMAT,2025-02-10 00:00:00+00:00,113.82951027857676,115.80235635134562,111.11311739720712,113.0012879025716,72153575
AMAT,2025-02-11 00:00:00+00:00,113.95386791827956,114.93907758858359,111.75819068368001,114.68300076241754,44164076
AMAT,2025-02-12 00:00:00+00:00,114.91245768379547,116.56368548193352,113.33659237337169,115.0424870352206,49113186
AMAT,2025-02-13 00:00:00+00:00,116.89739220965282,118.925051730029,115.44140778521644,116.12393481950134,63008983
AMAT,2025-02-14 00:00:00+00:00,117.47612605745644,118.4399854218042,116.06662682066336,117.69783181635643,78520170
AMAT,2025-02-17 00:00:00+00:00,116.74153361786166,119.20900714031966,115.6521499297606,117.51787931798206,71766769
AMAT,2025-02-18 00:00:00+00:00,117.48967984297201,118.17484156529844,116.21998554843975,116.85888310792629,63608298
AMAT,2025-02-19 00:00:00+00:00,117.74162535190374,118.31858795460276,116.64777593226106,117.50745261932572,15716725
AMAT,2025-02-20 00:00:00+00:00,116.0076406180037,117.44068413583165,115.38652850372767,116.5881805403575,55289005
AMAT,2025-02-21 00:00:00+00:00,117.70335389850428,118.4764516453116,116.04264582440614,117.36148567447175,22696028
AMAT,2025-02-24 00:00:00+00:00,119.16593466250144,121.98772991411515,118.89701244874075,119.67960909742872,74466757
AMAT,2025-02-25 00:00:00+00:00,120.81156485599834,122.15156039143267,119.44381863631963,121.4876209361434,55601621
AMAT,2025-02-26 00:00:00+00:00,120.51520978157001,121.70544417768039,119.45170328332907,120.61192465502609,49826895
AMAT,2025-02-27 00:00:00+00:00,117.56303016503087,119.0180018526283,117.43080619895872,117.81269912620475,13234112
AMAT,2025-02-28 00:00:00+00:00,117.10912025565922,119.31206408031794,116.37836094767093,117.64940279328114,63378530
AMAT,2025-03-03 00:00:00+00:00,117.14408450649924,119.61833853001919,114.86588537282971,117.33851158401836,50566537
AMAT,2025-03-04 00:00:00+00:00,119.1429274149659,121.16292311456537,117.71183900081071,119.64762324489767,49180790
AMAT,2025-03-05 00:00:00+00:00,118.78626372321602,120.84739719592604,118.51535559903111,118.7803794533232,28102296
AMAT,2025-03-06 00:00:00+00:00,118.25435191436057,118.70150844140848,116.8381522502316,118.28784359253592,38202971
AMAT,2025-03-07 00:00:00+00:00,120.14842647474326,121.77841437263007,118.09093295017753,119.8133331625028,76488248
AMAT,2025-03-10 00:00:00+00:00,118.50263539351943,119.24947125424707,118.08074308277173,118.74172398342075,71200968
AMAT,2025-03-11 00:00:00+00:00,117.69963004551657,120.43174381933687,116.68136462527904,118.35409457495798,77059191
AMAT,2025-03-12 00:00:00+00:00,121.33738562969185,123.50858688405333,120.72299685984005,122.0060177440534,15691486
AMAT,2025-03-13 00:00:00+00:00,125.11738617062763,125.71407521229902,123.70246797495086,125.26465735266724,27570698
AMAT,2025-03-14 00:00:00+00:00,127.39352506762822,129.57858897106698,124.53217523480949,126.63752633086254,88174295
AMAT,2025-03-17 00:00:00+00:00,127.6058863184838,129.00635217569385,126.49075259079409,127.19718348680436,15793831
AMAT,2025-03-18 00:00:00+00:00,124.6049027602939,126.22764040290082,124.15016017050121,124.94985175655817,86864693
AMAT,2025-03-19 00:00:00+00:00,126.60976670995167,126.93164481159457,125.69744221856439,126.15706456534353,64429536
AMAT,2025-03-20 00:00:00+00:00,125.62485854624137,128.5373661774759,124.03279981336875,126.23586405634023,76431685
AMAT,2025-03-21 00:00:00+00:00,127.17517667187039,128.54406375237548,126.3907052266538,126.68432759126526,43457960
AMAT,2025-03-24 00:00:00+00:00,125.24083486411467,127.64351322014323,123.86298989439419,125.45718231566268,47399790
AMAT,2025-03-25 00:00:00+00:00,125.74034684887405,126.04586573563621,123.32257132850634,125.37751648475718,33942754
AMAT,2025-03-26 00:00:00+00:00,125.19905321878448,126.94106605178362,122.96678447537703,124.91073358188915,45998665
AMAT,2025-03-27 00:00:00+00:00,125.40471208848795,126.5893550866296,123.68246594132665,125.567987966725,81631862
AMAT,2025-03-28 00:00:00+00:00,128.92172808154612,130.36503070675693,128.6211438016789,128.77671243155282,42195078
AMAT,2025-03-31 00:00:00+00:00,128.98254703096956,131.22777096289587,127.79546366333604,129.56137020350502,14586470
AMAT,2025-04-01 00:00:00+00:00,125.64522815224537,127.80408205095455,124.93856324014243,125.70606277900791,46741472
AMAT,2025-04-02 00:00:00+00:00,123.99497144519127,126.2940900133018,122.14950843574118,123.48169498627547,16358814
AMAT,2025-04-03 00:00:00+00:00,121.91595678655689,122.42408797662907,119.50079416198481,119.96692313820637,27738200
AMAT,2025-04-04 00:00:00+00:00,118.53026140853967,120.5846381539082,117.79704839083023,118.21902500374166,24819902
AMAT,2025-04-07 00:00:00+00:00,119.38108407627485,119.76541986542317,117.08438409875171,119.36127701837658,73928505
AMAT,2025-04-08 00:00:00+00:00,119.66218260100149,120.31756684713872,117.54038351745635,120.17271291364587,37338759
AMAT,2025-04-09 00:00:00+00:00,119.31827550223834,120.12049828936429,118.49613186042973,118.83555710364341,80485107
AMAT,2025-04-10 00:00:00+00:00,118.53937070443368,120.11953966565314,116.55655975623033,119.35460715049705,65904445
AMAT,2025-04-11 00:00:00+00:00,117.29122449472538,119.53408306977857,117.02686095290461,117.69206168125181,50057451
AMAT,2025-04-14 00:00:00+00:00,114.82079090143087,116.15807272133453,113.82418358051571,114.67735479568486,28976103
AMAT,2025-04-15 00:00:00+00:00,111.20740938472663,112.70470927547781,108.99605838543467,111.76860248408482,78238374
AMAT,2025-04-16 00:00:00+00:00,110.66876502258906,112.44195192276528,107.93349404847507,110.00945014580613,62160178
AMAT,2025-04-17 00:00:00+00:00,113.27741350602162,115.40479037822297,111.6889769860842,112.80372469582812,33331375
AMAT,2025-04-18 00:00:00+00:00,109.79968516517793,111.52223834703325,108.22542761115093,110.07099355818585,33568407
AMAT,2025-04-21 00:00:00+00:00,112.23587470515328,114.01584017174123,111.30758448785977,112.50733990521312,78763588
AMAT,2025-04-22 00:00:00+00:00,114.54128115519084,117.17267788994089,112.57971698524365,115.17195596922845,62779480
AMAT,2025-04-23 00:00:00+00:00,114.07850043077364,115.49749201332308,113.27918266057002,114.74448474421601,87860939
AMAT,2025-04-24 00:00:00+00:00,114.77392620880927,117.0604166704161,114.02787395771153,114.59162037147732,50516878
AMAT,2025-04-25 00:00:00+00:00,113.54744906199593,114.04114333007819,112.86073400704046,113.28495073333971,63634258
AMAT,2025-04-28 00:00:00+00:00,113.3212968081503,113.53213964857281,111.71309239769812,113.18263230323237,73463543
AMAT,2025-04-29 00:00:00+00:00,114.57669846080279,116.4832209493109,113.1480514907326,114.47576387763084,87027182
AMAT,2025-04-30 00:00:00+00:00,114.16236357201312,114.93436564372384,112.09004913207994,114.44076663562711,27053855
AMAT,2025-05-01 00:00:00+00:00,116.600696486053,117.46054610709467,116.01251129246357,116.45383400667853,68085538
AMAT,2025-05-02 00:00:00+00:00,118.18159194289933,120.18394252201718,116.25686222193119,118.90586385883609,47469167
AMAT,2025-05-05 00:00:00+00:00,119.56612753831006,119.95639418083785,117.3024130291204,119.58424538579803,65475478
AMAT,2025-05-06 00:00:00+00:00,120.91984715773295,122.0143871686964,118.40445060655591,120.23087459701031,12718940
AMAT,2025-05-07 00:00:00+00:00,120.65480973359148,121.58668887628465,119.65729131002448,120.03964009039787,47845323
AMAT,2025-05-08 00:00:00+00:00,120.4828182723687,121.0469385818036,120.01102298763338,120.72957505844948,89340434
AMAT,2025-05-09 00:00:00+00:00,118.09826326052834,119.75204918842597,117.78299985157858,118.27868605698207,14787400
AMAT,2025-05-12 00:00:00+00:00,119.7211117433021,120.86682174747715,118.21006764535339,119.08448794842667,25662329
AMAT,2025-05-13 00:00:00+00:00,120.30023441974397,120.78558396455382,117.6228203418344,119.46508353991491,20022072
AMAT,2025-05-14 00:00:00+00:00,116.8425217736206,119.4482368918327,116.40400847167354,117.57034224183064,76249801
AMAT,2025-05-15 00:00:00+00:00,121.91167575916575,123.21700979556023,120.74977460682044,122.14324054948314,76223221
AMAT,2025-05-16 00:00:00+00:00,120.0598153337998,120.23860578974997,119.74790747479672,119.9690787725754,55173018
AMAT,2025-05-19 00:00:00+00:00,118.6074379798164,120.70778495122853,116.41231113634986,118.05166183325998,24528580
AMAT,2025-05-20 00:00:00+00:00,118.16286879739684,119.62405399041792,117.82324497528963,118.58354680691612,87235808
AMAT,2025-05-21 00:00:00+00:00,114.74382093536285,115.05888586907595,112.6302804384646,114.46961635204192,64909389
AMAT,2025-05-22 00:00:00+00:00,112.63941977470962,113.52800765824273,111.21557741158522,112.79608606688365,46090752
AMAT,2025-05-23 00:00:00+00:00,110.71868696482633,111.36591616436382,109.18566603617974,109.69251164292854,22808313
AMAT,2025-05-26 00:00:00+00:00,107.91533468400577,108.11331736311155,106.21145725694976,107.74897404249154,55082617
AMAT,2025-05-27 00:00:00+00:00,107.35906752614719,108.21968523897279,106.5394396865203,107.43676192598862,70414841
AMAT,2025-05-28 00:00:00+00:00,107.83378415472527,108.45285059416192,106.65295665201282,107.99873610638811,30242950
AMAT,2025-05-29 00:00:00+00:00,110.55079349622008,111.11000347142435,108.82964922926554,110.10407088516406,86456508
AMAT,2025-05-30 00:00:00+00:00,111.93565421761843,113.48156056131114,110.96356572819647,111.651433346326,71770811
AMAT,2025-06-02 00:00:00+00:00,113.47644151111143,114.44975371914654,112.4637368676267,113.9927983996769,59458847
AMAT,2025-06-03 00:00:00+00:00,115.22264746747597,115.38488424646945,113.30776883611698,115.14315320252871,50647228
AMAT,2025-06-04 00:00:00+00:00,113.48328249920654,114.61875694868621,111.50580820041128,114.11751372539057,13111128
AMAT,2025-06-05 00:00:00+00:00,115.99069586743562,117.13459974511262,114.00443948662956,116.3649944017291,19634637
AMAT,2025-06-06 00:00:00+00:00,114.6665769371011,115.76358809044409,113.31398998642199,115.28680816042477,68961924
AMAT,2025-06-09 00:00:00+00:00,113.33267743870938,115.36722257481625,111.3406923576714,113.96004625767819,17056669
AMAT,2025-06-10 00:00:00+00:00,116.72752832525586,119.14516203562542,116.29941753710389,117.07156326786958,48067863
AMAT,2025-06-11 00:00:00+00:00,118.188127506327,120.66820592664884,115.86073378856398,118.676657895452,25015460
AMAT,2025-06-12 00:00:00+00:00,119.31132877077651,120.49722676110896,118.85930142602523,119.08032693257499,79262581
AMAT,2025-06-13 00:00:00+00:00,120.9991282738518,122.92612171158623,118.45313976958587,120.6348147729671,78445608
AMAT,2025-06-16 00:00:00+00:00,122.34816985492235,124.44991258123201,120.38547495549071,122.48774826265554,21915930
AMAT,2025-06-17 00:00:00+00:00,118.89971266251163,121.01819200658676,117.89949435502649,119.45815789458884,43793508
AMAT,2025-06-18 00:00:00+00:00,119.55423372859295,121.49709349545923,117.28152324156133,119.19066005662833,32453243
AMAT,2025-06-19 00:00:00+00:00,115.65700609257738,117.58172805528768,113.43703747535538,116.6260830098138,11031815
AMAT,2025-06-20 00:00:00+00:00,115.89019977290828,118.59417714332159,115.41299620258079,116.81735020798072,83536981
AMAT,2025-06-23 00:00:00+00:00,115.66856237233368,116.93297600088594,113.81364294659043,115.35224801040032,67849156
AMAT,2025-06-24 00:00:00+00:00,118.42825275989725,120.20874959344248,118.00998463195857,118.13811517857171,76978379
AMAT,2025-06-25 00:00:00+00:00,119.62284524412071,121.42241669323738,117.55422524625475,119.17774529247218,36319290
AMAT,2025-06-26 00:00:00+00:00,117.2621199914853,117.64944009368033,117.00786463784496,117.38490117256183,82729455
AMAT,2025-06-27 00:00:00+00:00,116.66454548354194,119.25470463208812,115.06768185312534,117.27976621027409,15251843
AMAT,2025-06-30 00:00:00+00:00,114.4328358464758,114.88136824451132,114.25989320199008,114.68803005427618,51650913
AMAT,2025-07-01 00:00:00+00:00,114.94742620661802,115.9958225184759,113.71294812704161,114.70676634398224,19229323
AMAT,2025-07-02 00:00:00+00:00,115.3978511753331,117.19093830793359,113.38198642839566,115.7750744140958,63949516
AMAT,2025-07-03 00:00:00+00:00,115.90935286409177,118.19323547079985,115.11861409546724,116.25808770281726,58787240
AMAT,2025-07-04 00:00:00+00:00,111.5800901609546,112.46385699783725,109.41378359315007,112.22891712587344,84628979
AMAT,2025-07-07 00:00:00+00:00,110.9491226339309,113.02433035955815,109.84458912193928,111.49027994733223,71923443
AMAT,2025-07-08 00:00:00+00:00,112.81089743606273,113.66315312749175,111.94894249221606,112.45019136469685,62795096
AMAT,2025-07-09 00:00:00+00:00,113.19130090563942,113.3926252522793,110.88204948884592,113.00523780999102,40312271
AMAT,2025-07-10 00:00:00+00:00,114.76017771403177,116.16238178066202,114.30651420919217,115.31887209002852,16992726
AMAT,2025-07-11 00:00:00+00:00,112.10899441536466,114.10114812852822,110.73157570536536,112.61783728640583,83367327
AMAT,2025-07-14 00:00:00+00:00,113.34021298550438,113.90959981491883,111.19671186309978,113.61711831493817,22386721
AMAT,2025-07-15 00:00:00+00:00,112.45583121895882,114.38076507022906,110.11081412414323,112.22884001666219,19347010
AMAT,2025-07-16 00:00:00+00:00,112.00860375820814,112.76152413634948,110.71411233203912,112.55706968206792,10210697
AMAT,2025-07-17 00:00:00+00:00,113.21733322452431,113.94244859760903,112.64775061603873,113.31436471848386,77881707
AMAT,2025-07-18 00:00:00+00:00,113.64681577136858,115.48794303693971,112.45230029643403,114.65523253922368,18909024
AMAT,2025-07-21 00:00:00+00:00,112.81112843607231,113.65589742080707,112.07243295007763,113.40412663482299,30066791
AMAT,2025-07-22 00:00:00+00:00,113.88615580250215,116.00266336404412,112.92144438618632,113.71429675384137,12177268
AMAT,2025-07-23 00:00:00+00:00,111.664452861549,113.82628761518143,110.50035492708055,111.28295983301953,76825759
AMAT,2025-07-24 00:00:00+00:00,107.90648062729325,110.40227830170906,107.38485629887857,108.42953064197314,40783928
AMAT,2025-07-25 00:00:00+00:00,109.09297172301034,109.97559691316799,108.90350985836604,109.45262319438002,64649969
AMAT,2025-07-28 00:00:00+00:00,109.61070559708797,111.4554728549462,107.61192971837836,109.27995210680315,59331787
AMAT,2025-07-29 00:00:00+00:00,105.8939783179121,106.86600274907704,105.76216487046605,106.07917321612733,59200485
AMAT,2025-07-30 00:00:00+00:00,104.16037786501107,105.08329605135027,102.921851966381,104.40604796513078,78891677
AMAT,2025-07-31 00:00:00+00:00,104.57749871616032,106.05307845141586,103.54592153457781,104.37848215001307,79749662
AMAT,2025-08-01 00:00:00+00:00,107.34045063306255,107.62187340749867,105.84288911902858,107.27506559616997,42694202
AMAT,2025-08-04 00:00:00+00:00,109.71279703959524,109.83380872992292,107.92994085582647,109.24426267057589,28644027
AMAT,2025-08-05 00:00:00+00:00,111.09048849644685,113.16645828557344,109.63795638408178,110.75679165098097,22868180
AMAT,2025-08-06 00:00:00+00:00,106.9230447763802,108.01794851682583,105.23682980671445,107.18993894169309,18440163
AMAT,2025-08-07 00:00:00+00:00,106.86696515663928,108.65900865796276,105.59864650881273,106.93688707787817,82714214
AMAT,2025-08-08 00:00:00+00:00,107.74761492631104,108.77236742345477,105.80053773311478,107.79255030891679,34421507
AMAT,2025-08-11 00:00:00+00:00,107.88222466973347,108.79186338324183,106.57478821827426,108.49223076370237,83354521
AMAT,2025-08-12 00:00:00+00:00,108.79368053048509,110.33406022855857,106.87332789512764,109.23993690144052,59313488
AMAT,2025-08-13 00:00:00+00:00,109.12074092374822,109.5842780717397,106.8218153932841,108.71538446186827,88194992
AMAT,2025-08-14 00:00:00+00:00,111.4051431793476,112.4239469801492,109.79777712314629,112.13954982603106,58711403
AMAT,2025-08-15 00:00:00+00:00,115.5268750212402,115.68401356500121,114.2519947494001,115.08710198425844,11882943
AMAT,2025-08-18 00:00:00+00:00,114.93365250781048,115.9238561482141,113.64552752028148,114.82194898987981,71571577
AMAT,2025-08-19 00:00:00+00:00,112.66319110245237,113.41222589200217,112.38141052520093,112.74557875820095,57265959
AMAT,2025-08-20 00:00:00+00:00,117.14985096369193,118.01489950121258,115.18936243031679,116.91729043129152,29510248
AMAT,2025-08-21 00:00:00+00:00,115.89006746657522,118.12352092435985,114.15267216105019,115.68869109315291,60442561
AMAT,2025-08-22 00:00:00+00:00,118.68680291930714,120.67532995259694,116.17859678374276,118.13358285901694,21543613
AMAT,2025-08-25 00:00:00+00:00,121.96934980353775,123.94767278389642,121.65177526076259,122.1866905582545,52742030
AMAT,2025-08-26 00:00:00+00:00,119.92473344555673,120.73209717910704,119.51197996491729,120.05535075313078,76938716
AMAT,2025-08-27 00:00:00+00:00,120.46999185622697,122.44865876341268,118.87057192598725,120.60962216755192,25029125
AMAT,2025-08-28 00:00:00+00:00,120.66793294037329,122.38860849602804,117.9969245151846,119.78302966602871,57782475
AMAT,2025-08-29 00:00:00+00:00,121.26100474218862,122.59867823767814,120.53270207567371,120.82277393027725,83657417
AMAT,2025-09-01 00:00:00+00:00,120.97469417566447,122.11843323248547,120.7830883509737,121.4457640663587,73160216
AMAT,2025-09-02 00:00:00+00:00,125.50529346340902,126.31671275245003,124.60538110202593,125.6946818067625,52931569
AMAT,2025-09-03 00:00:00+00:00,126.57668516459267,128.0964183391414,125.63372151645326,126.95759683695131,16380266
AMAT,2025-09-04 00:00:00+00:00,126.84441361181241,127.6519717979569,126.59207388912999,126.85861605100538,12971121
AMAT,2025-09-05 00:00:00+00:00,129.46412965071042,131.76999964480746,129.00525731351067,129.3744611258262,24176542
AMAT,2025-09-08 00:00:00+00:00,129.82568072996355,131.10445512302573,128.0354380290874,128.66265936509987,37698177
AMAT,2025-09-09 00:00:00+00:00,126.78304034596627,129.51249875918376,126.62222225392878,127.7399486214872,56193362
AMAT,2025-09-10 00:00:00+00:00,133.4349602745134,135.8427872828171,132.4018977972504,132.9080696675916,68186217
AMAT,2025-09-11 00:00:00+00:00,131.08512144915508,132.76307120194394,130.68253210113383,130.87711289452014,69968121
AMAT,2025-09-12 00:00:00+00:00,129.2633066180853,130.17534763471028,128.2255199037639,129.64963923967676,26226129
AMAT,2025-09-15 00:00:00+00:00,129.5725300797874,130.58780811243307,127.59987126698815,129.6712861736191,38556312
AMAT,2025-09-16 00:00:00+00:00,126.87535049332267,129.50468020441662,125.15403334060433,127.14865798289738,72117429
AMAT,2025-09-17 00:00:00+00:00,122.34137969747508,122.570656122418,120.80892880295553,122.33624238390394,72131978
AMAT,2025-09-18 00:00:00+00:00,125.08846191834527,125.74040455263862,123.37258634699876,124.60472999020746,26799785
AMAT,2025-09-19 00:00:00+00:00,122.01304603419867,124.34499664918552,121.45638615996363,122.78044024442666,27627461
AMAT,2025-09-22 00:00:00+00:00,122.13558334671565,124.24000941306086,121.28132781622038,121.51425015455702,44615514
AMAT,2025-09-23 00:00:00+00:00,120.42742118960834,122.62798082769828,119.88249080202532,120.62700784473203,34588166
AMAT,2025-09-24 00:00:00+00:00,119.1362917019575,120.90979227262753,116.19059259772916,118.44049312242609,33392582
AMAT,2025-09-25 00:00:00+00:00,116.27415687710788,117.94178429106576,114.18843677156774,116.10002627066895,48815827
AMAT,2025-09-26 00:00:00+00:00,116.9215538137953,117.86841856941834,114.98699590922271,116.36344650560997,20214468
AMAT,2025-09-29 00:00:00+00:00,121.67637640653565,121.93997548989012,119.88272539431851,121.41899127413919,12560228
AMAT,2025-09-30 00:00:00+00:00,123.47884244881735,125.09386089436863,121.09784753616924,122.96179003398692,80708213
AMAT,2025-10-01 00:00:00+00:00,124.55734774227305,124.85368904313557,122.47810743600803,124.54765724944657,53330445
AMAT,2025-10-02 00:00:00+00:00,120.72004255993185,123.10072785869622,120.04538562194669,121.14196200873523,37242998
AMAT,2025-10-03 00:00:00+00:00,121.32191852689037,121.74552454428397,119.04753968042586,121.01321640533546,49920398
AMAT,2025-10-06 00:00:00+00:00,118.70895303433683,118.88303102754088,116.81184398814743,118.38851080996015,70117018
AMAT,2025-10-07 00:00:00+00:00,120.9626753895981,123.38013316807012,119.21625173399295,119.96990873185695,45962579
AMAT,2025-10-08 00:00:00+00:00,118.42653239297564,119.90237471979516,117.66084136905728,119.40328813548982,81299377
AMAT,2025-10-09 00:00:00+00:00,119.29869333609334,120.84982918388718,118.7909564397654,119.41015725700031,74598519
AMAT,2025-10-10 00:00:00+00:00,119.63553451546554,119.89507474535826,117.78671661597735,119.14497637701102,32624871
AMAT,2025-10-13 00:00:00+00:00,117.21711887622624,120.13933945879211,114.94263911248065,117.82580770600488,59478230
AMAT,2025-10-14 00:00:00+00:00,114.45028377345928,114.72146042653198,112.6184746981388,114.5707399776914,10445155
AMAT,2025-10-15 00:00:00+00:00,116.66589334666891,118.30739455850356,115.21769283080623,115.69933289363219,47485353
AMAT,2025-10-16 00:00:00+00:00,113.40887006051312,115.34023845527531,112.41404287872165,112.783564832745,52016331
AMAT,2025-10-17 00:00:00+00:00,109.93820045572225,111.07381260080865,109.23979322698555,110.3423199935108,85587164
AMAT,2025-10-20 00:00:00+00:00,110.29609947463688,110.42297207068333,109.23126988867253,109.68351205740474,28836970
AMAT,2025-10-21 00:00:00+00:00,108.72944075865075,108.91471057259628,107.8288741603662,108.22995835830463,67232521
AMAT,2025-10-22 00:00:00+00:00,108.9967427814355,109.23193884432105,107.05264138216283,108.67235192207215,79912096
AMAT,2025-10-23 00:00:00+00:00,110.75168446197017,112.44998365732815,109.82536429204349,110.59711287464852,45926152
AMAT,2025-10-24 00:00:00+00:00,111.11522275695101,112.34205021955043,109.71952662131372,111.0234942718077,23182568
AMAT,2025-10-27 00:00:00+00:00,110.9452510528193,113.35572465050342,110.16979091591294,111.34772259944344,57045487
AMAT,2025-10-28 00:00:00+00:00,111.07951234994322,112.77326088598619,108.89045111104723,111.32410994708995,67708809
AMAT,2025-10-29 00:00:00+00:00,113.30310950252161,114.69530012755395,111.60126627008788,112.98540123947647,46131869
AMAT,2025-10-30 00:00:00+00:00,109.2721626322595,109.80045462733588,108.8251659633928,109.22410504684171,12054110
AMAT,2025-10-31 00:00:00+00:00,110.67977372631269,111.26074039171161,108.1461376636033,109.8788455305181,62939806
AMAT,2025-11-03 00:00:00+00:00,107.82340535374564,110.09666376636015,107.12204652682473,107.98102513625089,31684970
AMAT,2025-11-04 00:00:00+00:00,104.5161613035523,107.55961192202295,103.50796383715259,105.54433592126932,58546718
AMAT,2025-11-05 00:00:00+00:00,105.33285799135561,106.4697285473527,104.65256844835855,105.48682681279125,25743738
AMAT,2025-11-06 00:00:00+00:00,104.79172774651968,106.47941025189884,103.60917295312399,104.68781371462977,60351880
AMAT,2025-11-07 00:00:00+00:00,105.87539691426791,107.42991177669475,105.00266913155286,105.72586705177649,78169026
AMAT,2025-11-10 00:00:00+00:00,107.79001363687554,108.46652105998363,107.00905536481206,107.77342351038693,13309497
AMAT,2025-11-11 00:00:00+00:00,102.93722145546494,103.78532983616655,102.52603785580219,103.28965851502215,57930216
AMAT,2025-11-12 00:00:00+00:00,103.69557974576327,105.27454990249137,101.10643859487121,103.0900816287647,67113979
AMAT,2025-11-13 00:00:00+00:00,106.42518939113266,108.78008643924058,105.89941554676669,106.72137324872791,62772311
AMAT,2025-11-14 00:00:00+00:00,108.62885373147147,110.76764781884839,107.64230770596772,108.33257821304083,51952026
AMAT,2025-11-17 00:00:00+00:00,110.97945042216473,111.98506557842988,110.00334428711487,111.11980429083974,16585016
AMAT,2025-11-18 00:00:00+00:00,110.70724102236548,111.50306230712802,110.34862374174249,111.25326223174446,37133825
AMAT,2025-11-19 00:00:00+00:00,108.94886879420055,109.71851180483525,107.76740869659413,108.34733503918322,34689885
AMAT,2025-11-20 00:00:00+00:00,105.03029093785842,106.35548714187134,104.11236843047823,106.10839893677476,39887828
AMAT,2025-11-21 00:00:00+00:00,107.0307266254195,109.53166914477707,105.73637114070804,107.40860826913348,81396959
AMAT,2025-11-24 00:00:00+00:00,109.38715866888107,110.13491265405712,107.98744551725342,109.20955151036819,13714369
AMAT,2025-11-25 00:00:00+00:00,107.54782179746476,109.55517843200529,106.6869765497358,107.71294720675338,59057054
AMAT,2025-11-26 00:00:00+00:00,107.43723860547254,108.0477301259498,105.64215591117886,107.12637880674447,70610761
AMAT,2025-11-27 00:00:00+00:00,107.5100399972458,109.63333984665819,105.87947279053533,107.56398592052025,38725829
AMAT,2025-11-28 00:00:00+00:00,103.96310071590301,105.23468892160905,103.33523368594666,104.16248909082309,50141148
AMAT,2025-12-01 00:00:00+00:00,104.32786041829578,106.0850227163831,102.8686440368253,103.44304153462087,52063914
AMAT,2025-12-02 00:00:00+00:00,106.32918711146128,107.75160954837777,104.95941517520077,106.43325613106433,26423516
AMAT,2025-12-03 00:00:00+00:00,110.55355963236171,112.35503985373256,109.57886469650903,110.63413175852068,12765823
AMAT,2025-12-04 00:00:00+00:00,109.86045872411853,110.61236682454147,108.01757813216612,110.34924089498831,83116909
AMAT,2025-12-05 00:00:00+00:00,113.62425203702756,114.27981421105987,113.48959754816174,113.97606797316911,74945975
AMAT,2025-12-08 00:00:00+00:00,113.11589052590061,113.99683784667072,111.55905880735008,112.83295867124815,31110546
AMAT,2025-12-09 00:00:00+00:00,111.37005949084606,113.33843681086248,110.28205667342614,111.12931259878025,45339726
AMAT,2025-12-10 00:00:00+00:00,106.66529610860775,108.62368061916193,106.12821797818422,106.67399860498907,23600461
AMAT,2025-12-11 00:00:00+00:00,108.14572848025311,110.0319848053556,106.25416662557092,108.45919060845222,11208333
AMAT,2025-12-12 00:00:00+00:00,107.95021266070668,109.28619468855348,107.11221902837647,107.66373097569088,61912207
AMAT,2025-12-15 00:00:00+00:00,111.44998118129377,112.44151234384222,109.66866041372302,112.22455699064379,56075076
AMAT,2025-12-16 00:00:00+00:00,112.66218913751179,114.92803757612587,110.72131059877076,112.82573995424059,16902335
AMAT,2025-12-17 00:00:00+00:00,113.01527316342847,114.67039119393597,110.82488533875213,113.13867001893533,86480065
AMAT,2025-12-18 00:00:00+00:00,109.07223641044469,110.84169437254964,108.72203491866341,109.45144009975594,71168291
AMAT,2025-12-19 00:00:00+00:00,112.43755363457613,114.3488139283548,111.93187150356155,112.37745509749553,22176059
AMAT,2025-12-22 00:00:00+00:00,111.27042973940901,112.18967882526393,110.9815332217449,111.57690902781935,66965506
AMAT,2025-12-23 00:00:00+00:00,110.81986220675883,112.6061495085717,110.0342685598804,111.18535544570784,67272104
AMAT,2025-12-24 00:00:00+00:00,107.55305415489407,109.05608842641746,104.8438042621779,106.79038048513401,40656807
AMAT,2025-12-25 00:00:00+00:00,108.83391755554068,110.50643838535903,107.0836617844343,108.51937452383284,67144474
AMAT,2025-12-26 00:00:00+00:00,110.92334817454132,111.2339519459724,109.96537224515231,110.40058568108967,51208240
AMAT,2025-12-29 00:00:00+00:00,109.15234118314301,110.7719216913237,108.80862813814039,109.1366892703509,44134184
AMAT,2025-12-30 00:00:00+00:00,109.66838958234946,111.65910292407247,107.5879894913151,109.25322338781817,48955610
AMAT,2025-12-31 00:00:00+00:00,110.2989645471842,111.7261454953914,108.54947600748169,109.96161975270907,48526911
AMAT,2026-01-01 00:00:00+00:00,112.35379801171867,112.82883236645469,111.70014631380546,111.81709955235816,15974323
AMAT,2026-01-02 00:00:00+00:00,113.01579982099867,115.10154134212009,110.59928172089606,111.9607268829259,39361244
AMAT,2026-01-05 00:00:00+00:00,115.30786569721025,115.75758293817142,114.77631124484927,115.41823664133369,16369654
AMAT,2026-01-06 00:00:00+00:00,114.96119321291786,115.57934650832074,114.09199855882667,114.84754592542771,37354422
AMAT,2026-01-07 00:00:00+00:00,113.5053080093505,115.49139675709762,113.17420567206646,113.53377094384433,38191772
AMAT,2026-01-08 00:00:00+00:00,110.93033918457448,113.88882395194628,108.72989045753594,112.51761681072308,79359773
AMAT,2026-01-09 00:00:00+00:00,106.82591072677893,108.22306047822643,105.7918168862252,107.43052445396722,10522539
AMAT,2026-01-12 00:00:00+00:00,105.82351044281205,107.54483221462586,104.4734504432877,105.81959769124094,45306557
AMAT,2026-01-13 00:00:00+00:00,107.96148853630768,109.39736461477588,107.1669721947084,107.69242869735244,24843606
AMAT,2026-01-14 00:00:00+00:00,107.89169717722716,108.49537221525192,107.01501296216595,108.14448929328569,79179621
AMAT,2026-01-15 00:00:00+00:00,106.98161115491902,107.56036834645487,105.08553904757795,106.5012138670088,39246073
AMAT,2026-01-16 00:00:00+00:00,107.65970649633513,109.42541468337278,105.48592299314889,107.11273072365135,44228573
AMAT,2026-01-19 00:00:00+00:00,103.05864806317099,104.92629073081807,101.17972986910681,103.23212729716981,60176112
AMAT,2026-01-20 00:00:00+00:00,103.2285388588864,103.47749334856522,102.06079553465172,102.6463958733495,71738865
AMAT,2026-01-21 00:00:00+00:00,104.28612737548592,105.42380697411944,102.98738058821735,103.56285339677319,51251705
AMAT,2026-01-22 00:00:00+00:00,105.00614960311601,106.53375344248408,103.90609246306386,104.81371458598295,74584409
AMAT,2026-01-23 00:00:00+00:00,102.89736280846296,104.04704424347173,102.19163830244705,103.3049702045781,23891908
AMAT,2026-01-26 00:00:00+00:00,105.57300691825866,105.80452793562647,103.21909862100432,104.95833011086829,57063488
AMAT,2026-01-27 00:00:00+00:00,108.41810561815757,109.45922594517187,107.54479635636648,108.49087204036469,70751528
AMAT,2026-01-28 00:00:00+00:00,107.43744823288172,109.62025738673633,106.56755257250482,107.60144806304739,44754940
AMAT,2026-01-29 00:00:00+00:00,109.0360578560131,110.65798760032148,107.8369464569814,108.9865936862919,73552833
AMAT,2026-01-30 00:00:00+00:00,105.68689182651792,106.45107107452436,104.44881968592179,105.91575543262914,78795759
AMAT,2026-02-02 00:00:00+00:00,102.62239759641739,104.37210060837789,101.3967965552927,102.18487038143347,63022919
AMAT,2026-02-03 00:00:00+00:00,103.58267251002617,105.00011015369316,103.14184139426295,103.26226044509333,83630099
AMAT,2026-02-04 00:00:00+00:00,103.79026806899137,104.46626149199604,101.74065592070642,103.28708815655034,65034738
AMAT,2026-02-05 00:00:00+00:00,103.84478032453934,104.47859472343477,103.27484694143543,103.60426979555037,36157001
AMAT,2026-02-06 00:00:00+00:00,102.1427822095501,102.91563713743152,100.38272766450197,102.46849501828143,30276183
AMAT,2026-02-09 00:00:00+00:00,101.80959061906023,102.7598836890723,101.23017820368358,101.87464074690119,37032934
AMAT,2026-02-10 00:00:00+00:00,103.68053343504113,104.49355219355019,102.71362740775912,103.31876086532816,77065003
AMAT,2026-02-11 00:00:00+00:00,106.33585158997695,107.19316917169988,105.1479693877324,106.50922372264111,82601098
AMAT,2026-02-12 00:00:00+00:00,107.27870848113021,109.16697119061322,104.10593563339755,106.04017074732901,56807497
AMAT,2026-02-13 00:00:00+00:00,102.78301832189054,104.47300395409833,101.93702444382893,102.88273318376136,88657453
AMAT,2026-02-16 00:00:00+00:00,104.97017440469074,106.307305331001,103.90692550832364,105.21696684398987,24197407
AMAT,2026-02-17 00:00:00+00:00,106.79949208719913,108.85983417144088,105.36686919081701,106.31092841869177,48983360
AMAT,2026-02-18 00:00:00+00:00,107.89182377141465,109.3806988968327,107.23338281415748,107.57008691595078,64747993
AMAT,2026-02-19 00:00:00+00:00,107.85725596884805,109.9281401564612,107.15866037282987,107.86930528031061,24893370
AMAT,2026-02-20 00:00:00+00:00,112.31741855843988,114.29508495741199,110.24872154709021,112.42095565038188,60191891
AMAT,2026-02-23 00:00:00+00:00,112.71004287798097,114.18123600591731,110.39725098322305,112.5180856254235,55493976
AMAT,2026-02-24 00:00:00+00:00,113.88780013247353,115.5027930112529,112.84498446219051,113.50844000958818,35245551
AMAT,2026-02-25 00:00:00+00:00,110.06362557524407,111.79419479594019,107.70084929541956,109.72885863478281,47678552
AMAT,2026-02-26 00:00:00+00:00,108.40603629374978,110.20710461518635,108.26507256592963,108.53700241322252,41928788
AMAT,2026-02-27 00:00:00+00:00,107.33509970248063,109.22401286498044,105.57978615936412,107.14998172862023,71348512
AMAT,2026-03-02 00:00:00+00:00,107.40091955848452,108.20204058032647,106.88036813908563,107.03957458121927,89290036
AMAT,2026-03-03 00:00:00+00:00,107.98912458808189,108.84273699355482,106.6805410370583,107.65969874151172,68400410
AMAT,2026-03-04 00:00:00+00:00,104.85351959560961,106.76842068152996,103.92638658932617,106.16415276068717,35296590
AMAT,2026-03-05 00:00:00+00:00,109.08184820717747,111.49865461342559,108.07131441569904,109.47168278033406,57124514
AMAT,2026-03-06 00:00:00+00:00,107.00551016050092,109.28917544657564,104.98500074004654,107.33863150665086,17207065
AMAT,2026-03-09 00:00:00+00:00,106.32092167847424,107.41916764647401,105.5030121025068,106.41896561355013,15365451
AMAT,2026-03-10 00:00:00+00:00,106.90060692646486,107.82236864946256,106.6805767843834,106.8240839432372,54102716
AMAT,2026-03-11 00:00:00+00:00,104.77782210648331,105.1464320417771,104.06981086568156,104.39305669350352,28556673
AMAT,2026-03-12 00:00:00+00:00,105.67998057789683,107.74394296866838,103.81333751585689,105.4195162477056,86701783
AMAT,2026-03-13 00:00:00+00:00,106.52130706623232,108.04254667588688,106.15470526053556,106.57542719950649,88310780
AMAT,2026-03-16 00:00:00+00:00,105.9732451744797,108.01936061211444,105.73927479820694,105.96343622239749,25790596
AMAT,2026-03-17 00:00:00+00:00,110.38738403164717,111.82370440221506,109.09957781982763,109.61607274977351,42198530
AMAT,2026-03-18 00:00:00+00:00,109.45469187570579,110.90478039246463,107.31184394766721,109.7236305790899,50868941
AMAT,2026-03-19 00:00:00+00:00,110.36057042713169,112.0410859323129,109.18491054356086,110.22631953360657,60634735
AMAT,2026-03-20 00:00:00+00:00,108.9612569317183,110.90649264272709,107.87020751617646,108.2831879825493,71089571
AMAT,2026-03-23 00:00:00+00:00,105.1600794106973,106.95343200840003,103.59590148387838,105.01477080804405,20527821
AMAT,2026-03-24 00:00:00+00:00,102.92861318442948,104.5628867374924,102.08712097922898,103.77689205722605,52705895
AMAT,2026-03-25 00:00:00+00:00,103.28159639795493,104.37939840890257,101.94063810738623,103.12693584483775,55709167
MU,2025-01-02 00:00:00+00:00,146.25498447565192,148.44423385758745,143.78930896808652,146.22840677306118,21169947
MU,2025-01-03 00:00:00+00:00,146.4300585929315,147.92963821975508,143.58320769642143,145.82173749580252,17995550
MU,2025-01-06 00:00:00+00:00,143.63003368548954,145.50861434584638,141.66764833198283,143.39207796710258,67594590
MU,2025-01-07 00:00:00+00:00,149.66958766773436,150.44275428430353,146.5855464434006,148.35241894417007,19716866
MU,2025-01-08 00:00:00+00:00,149.87692784379956,150.60470737461202,148.6333554492238,150.25244463410445,84661635
MU,2025-01-09 00:00:00+00:00,149.9627212378052,152.01669675181543,146.310857590586,149.2075114331858,50750562
MU,2025-01-10 00:00:00+00:00,153.2044388155735,156.23515740377468,151.59806115088023,152.87669673138643,28478757
MU,2025-01-13 00:00:00+00:00,153.57624369262192,153.95612929269413,152.5679142681599,153.4239552094014,35713900
MU,2025-01-14 00:00:00+00:00,155.17098719346828,158.32434951893464,153.36986445166153,155.4785499466272,26913271
MU,2025-01-15 00:00:00+00:00,156.60387219846538,157.90429515458678,153.38812286303576,156.27915558641942,24385369
MU,2025-01-16 00:00:00+00:00,152.30637586439903,155.21918477878404,149.4745484094426,153.16493696014527,16250157
MU,2025-01-17 00:00:00+00:00,155.42786867931102,157.18385679121602,153.56518517322993,156.23783863506023,69100618
MU,2025-01-20 00:00:00+00:00,157.3011980292793,159.5246022642089,155.48388940707167,156.80901746378876,12471891
MU,2025-01-21 00:00:00+00:00,152.83137745380182,155.1697957281997,150.50903396125142,153.74275107425396,58931812
MU,2025-01-22 00:00:00+00:00,152.39633269271738,154.85052690363852,149.72085404506032,151.48132041456236,58098595
MU,2025-01-23 00:00:00+00:00,154.34725765634036,155.43884853852498,151.7800203047184,154.47145065321243,75586336
MU,2025-01-24 00:00:00+00:00,153.60039362462012,154.72550534822412,150.81999416553774,153.4019862552444,29731869
MU,2025-01-27 00:00:00+00:00,153.70374385117947,155.68379733736734,151.4086958884404,153.61207570368677,22861974
MU,2025-01-28 00:00:00+00:00,156.01263319814464,156.48100760919348,152.67095968730393,155.70465859348317,44092678
MU,2025-01-29 00:00:00+00:00,156.0456023516471,159.22342285774232,153.96632429930926,156.17350393889186,59624903
MU,2025-01-30 00:00:00+00:00,151.36633752579237,153.4441963621904,148.41160506789706,151.54391741217165,28579538
MU,2025-01-31 00:00:00+00:00,153.52424655042452,156.54617517061817,151.46901450399616,153.55574244720975,31055215
MU,2025-02-03 00:00:00+00:00,157.23759888371396,157.9269028013859,155.72772910094332,156.533688278587,69369871
MU,2025-02-04 00:00:00+00:00,160.11079140028374,162.42793558518835,157.28110879119527,159.3406088383661,49614297
MU,2025-02-05 00:00:00+00:00,165.53825357508563,166.3377255514975,162.08325261932742,164.6497263591799,82140206
MU,2025-02-06 00:00:00+00:00,166.21916418471918,166.6476641450154,164.42669370870132,165.9266682588748,45695890
MU,2025-02-07 00:00:00+00:00,168.51523476638414,170.18721387351266,167.80952271861776,168.59959359730027,62673698
MU,2025-02-10 00:00:00+00:00,173.00412797305225,175.85477044391467,171.67499540879547,174.1213740036499,56664692
MU,2025-02-11 00:00:00+00:00,173.68591095989237,175.70134488791106,170.44316870449052,173.18805901891793,22248474
MU,2025-02-12 00:00:00+00:00,180.04456115604538,181.82033990141917,178.49979257220852,179.38701098183498,55629816
MU,2025-02-13 00:00:00+00:00,185.55816813372013,186.67790057988853,185.33243010399067,185.80142021289242,70060898
MU,2025-02-14 00:00:00+00:00,189.48427882485007,192.12959014463019,185.47501562656078,188.81737236079724,83473030
MU,2025-02-17 00:00:00+00:00,197.05033556243058,198.24358270902263,192.16581738148616,195.98027499886032,14211536
MU,2025-02-18 00:00:00+00:00,199.5719766843249,200.87223044885022,195.94391655184148,199.43588399833774,59962394
MU,2025-02-19 00:00:00+00:00,196.9284664607733,200.04877839849667,192.85965293464992,196.04000423746345,54102317
MU,2025-02-20 00:00:00+00:00,200.94703445555527,203.75104740512054,197.6567053390604,200.6388509787178,38126836
MU,2025-02-21 00:00:00+00:00,200.70142108206772,205.034813367978,198.39792303355824,202.04177853336,34486959
MU,2025-02-24 00:00:00+00:00,203.48620652414738,207.58262867496785,200.76257162577645,203.80916660918723,73552781
MU,2025-02-25 00:00:00+00:00,204.25741769578013,208.04798391534067,201.15659547478083,204.53030706979092,45769801
MU,2025-02-26 00:00:00+00:00,210.77035284510544,211.86016722079708,208.73771009652245,210.26071093848054,22907114
MU,2025-02-27 00:00:00+00:00,212.02060955254396,216.84719185131567,210.98172558571582,212.6899639579759,72025596
MU,2025-02-28 00:00:00+00:00,209.53896170165018,212.12607141961433,206.5666439250321,209.8429776656431,63955060
MU,2025-03-03 00:00:00+00:00,211.23406187354288,214.44662504460607,208.6008336561619,211.9850608452732,56151954
MU,2025-03-04 00:00:00+00:00,215.22704540538692,216.58125668537036,210.9297736432163,215.19426256996834,75495097
MU,2025-03-05 00:00:00+00:00,212.3116209365649,214.08701473785501,210.30373574063665,212.18732256155567,30808743
MU,2025-03-06 00:00:00+00:00,211.3299893922234,213.7790535130059,208.57886001704566,210.444958798842,77551791
MU,2025-03-07 00:00:00+00:00,209.66106192322923,210.00457316393576,208.23722843818229,208.93077017989623,70192880
MU,2025-03-10 00:00:00+00:00,206.69851055822383,209.73362053498866,206.23411178746335,206.49914485478504,58909866
MU,2025-03-11 00:00:00+00:00,208.30086105002349,209.88975552231514,207.27764734847108,208.03620371289298,19131962
MU,2025-03-12 00:00:00+00:00,212.56534924800164,215.57257334685517,209.8059615339462,212.40759293312803,36040516
MU,2025-03-13 00:00:00+00:00,220.86514182834384,224.1579384855561,216.43556681958947,220.69781609003277,12851933
MU,2025-03-14 00:00:00+00:00,227.60273260809754,230.50501276158323,225.4213220039597,226.13409246414025,31733885
MU,2025-03-17 00:00:00+00:00,228.68059086955475,231.46439569320802,227.7565074539795,230.9058053751881,31741295
MU,2025-03-18 00:00:00+00:00,236.25677376641735,239.11504585693655,232.95960196785532,236.35002008594392,51880242
MU,2025-03-19 00:00:00+00:00,243.23239454718356,245.1135790916517,241.21691473424147,242.85378135876374,50381884
MU,2025-03-20 00:00:00+00:00,242.3011300579417,245.8334346183517,240.6867356410362,241.13702199442213,71512136
MU,2025-03-21 00:00:00+00:00,243.61768704393904,248.16273232292443,239.26530647104912,244.61301076463036,60462291
MU,2025-03-24 00:00:00+00:00,246.72055282767482,249.323048625067,245.3592450929369,246.30291132896977,50588580
MU,2025-03-25 00:00:00+00:00,246.6978034817695,250.3725704281521,243.49121229056914,245.77468158176478,35142928
MU,2025-03-26 00:00:00+00:00,243.29673980362912,244.563547736991,239.5654036854384,243.65570021072205,65216433
MU,2025-03-27 00:00:00+00:00,239.54390986320396,245.2950616327548,235.75427193278028,241.31197687513176,56302649
MU,2025-03-28 00:00:00+00:00,239.85611517248046,244.78987626674987,235.26043342238387,240.12768465884628,59682313
MU,2025-03-31 00:00:00+00:00,233.319887892048,238.618479815044,230.4598359838466,234.3733582108964,88444789
MU,2025-04-01 00:00:00+00:00,237.62590918547073,241.52927828277822,236.03262598885524,236.93589964540496,14494984
MU,2025-04-02 00:00:00+00:00,236.20312400123007,238.99723126095432,235.60588931781885,236.93644501962368,89880867
MU,2025-04-03 00:00:00+00:00,239.3090123970612,243.78858122084432,234.40394824225015,237.5438953069533,84507944
MU,2025-04-04 00:00:00+00:00,239.47291370991167,242.2703516718694,236.59074812273192,239.2636860152991,67674456
MU,2025-04-07 00:00:00+00:00,242.15725989596885,244.10075009444625,240.76856068357966,242.86474251243595,51504637
MU,2025-04-08 00:00:00+00:00,239.70241484029336,242.82796049028568,238.7112894658126,240.11297982684334,34172285
MU,2025-04-09 00:00:00+00:00,238.73534953074002,243.82347827860806,236.90783008825179,239.7086083905577,42599772
MU,2025-04-10 00:00:00+00:00,232.6555259264297,235.88553607810616,230.7194313474842,232.22204453302797,48137667
MU,2025-04-11 00:00:00+00:00,223.62946533324637,227.3925809142666,220.5159451104932,222.23532357033037,43791681
MU,2025-04-14 00:00:00+00:00,213.75132830422467,214.22615793208024,212.11049538247053,213.86970369982157,74634463
MU,2025-04-15 00:00:00+00:00,221.5267427186514,225.8305058712268,217.267039676723,220.64242061381722,48570033
MU,2025-04-16 00:00:00+00:00,212.08537438823012,216.7655633407015,210.01322483734134,212.8219335893761,80973698
MU,2025-04-17 00:00:00+00:00,215.2670473900813,217.53889289221448,211.25847814016387,214.9358783674821,79005576
MU,2025-04-18 00:00:00+00:00,223.58757608271904,227.7334079762322,219.14408142333295,221.47819537028522,86109058
MU,2025-04-21 00:00:00+00:00,218.3895968607932,220.5345705979061,216.96598110992082,219.55631438188192,75512770
MU,2025-04-22 00:00:00+00:00,228.11930452125367,229.93016683622963,222.71862875338275,226.9307102368103,41012694
MU,2025-04-23 00:00:00+00:00,236.7538346678091,237.7510974051129,232.4238552510276,235.57521496858553,36411881
MU,2025-04-24 00:00:00+00:00,238.44515113813586,243.47430711374346,234.38751336518985,240.1772076444769,37042927
MU,2025-04-25 00:00:00+00:00,250.59175196676358,256.60399164695934,249.23197803967318,251.95969093515367,56133321
MU,2025-04-28 00:00:00+00:00,254.31176958465124,260.0018422478833,249.35468152810768,255.22966153812493,36877282
MU,2025-04-29 00:00:00+00:00,252.70141553584892,253.33810524034473,248.36070507827918,251.64874820572555,70651921
MU,2025-04-30 00:00:00+00:00,254.0542369879988,258.38133841580753,251.99119956099344,254.41234092140422,72806212
MU,2025-05-01 00:00:00+00:00,252.19938685655697,255.22194011146382,250.74403352284472,252.2907040972585,37388145
MU,2025-05-02 00:00:00+00:00,246.69582708892653,247.97799207309538,245.2165770119556,245.92431742813693,86580168
MU,2025-05-05 00:00:00+00:00,240.0375786715784,244.35874573505686,239.46108602832362,239.85077512951042,60786898
MU,2025-05-06 00:00:00+00:00,251.63720977529096,254.41666733816777,250.14584379383976,251.3331487715401,55057147
MU,2025-05-07 00:00:00+00:00,248.5185105991221,249.20938375436427,246.80692295457507,248.76193914950102,61864318
MU,2025-05-08 00:00:00+00:00,249.97500556082235,252.01022976768823,246.02310123674133,248.78019520273594,45452918
MU,2025-05-09 00:00:00+00:00,244.95153331718967,249.07116197327957,242.8543608771704,245.6407850009939,26950092
MU,2025-05-12 00:00:00+00:00,248.19006635527492,252.45068918440606,246.00434285376872,246.46347746556387,63301764
MU,2025-05-13 00:00:00+00:00,245.18170486869374,246.61219347981626,244.2638268658336,245.43875405350911,31879775
MU,2025-05-14 00:00:00+00:00,242.8814292261063,246.56775353223716,242.55359037467105,243.58464035213976,43728784
MU,2025-05-15 00:00:00+00:00,238.5920644258623,239.22336899853227,237.48388611140493,237.9045205807155,44804561
MU,2025-05-16 00:00:00+00:00,231.91300149663138,236.16232293330214,229.88605895685117,231.42542339828003,55604588
MU,2025-05-19 00:00:00+00:00,226.41953624032647,228.42814834380022,223.4462065239034,228.15786354713615,81920528
MU,2025-05-20 00:00:00+00:00,229.9243956689179,234.3957408662787,228.7532704471704,229.65193494020156,25040266
MU,2025-05-21 00:00:00+00:00,238.33260214742975,242.36672155306493,234.0931338806826,239.5541394385321,63827332
MU,2025-05-22 00:00:00+00:00,244.08582442939084,248.56745700786868,239.262910422175,244.82472035099255,17934482
MU,2025-05-23 00:00:00+00:00,254.97289140404445,258.4696699719842,250.87384988781653,254.09729917388051,45577681
MU,2025-05-26 00:00:00+00:00,255.95154399221684,259.48460919415805,255.46058196829773,256.76077547594724,42444244
MU,2025-05-27 00:00:00+00:00,256.94299244884775,259.33903664272174,255.3609375911972,256.5023540177001,55384645
MU,2025-05-28 00:00:00+00:00,249.67495147714527,251.21842257253363,247.00122491594271,249.98078303255636,31467591
MU,2025-05-29 00:00:00+00:00,252.1895019334442,253.8147192100796,245.48733266932075,250.1815039645127,70632067
MU,2025-05-30 00:00:00+00:00,239.83966908692742,240.5305719730275,235.1253324947582,239.86163888975864,22160377
MU,2025-06-02 00:00:00+00:00,237.55841121739638,240.06500666452496,233.99518106570696,238.61046187924487,18105733
MU,2025-06-03 00:00:00+00:00,245.68297952394013,250.01462087050427,241.2812888367373,246.7017013158946,87193123
MU,2025-06-04 00:00:00+00:00,247.69874361008925,251.38095582264577,246.99393016265395,248.52775044318804,45581727
MU,2025-06-05 00:00:00+00:00,254.60774345472979,257.6076472699438,251.69941126467086,254.4056074575995,65709365
MU,2025-06-06 00:00:00+00:00,252.7441857114263,255.53673200934242,250.1270228200492,252.67576000042197,43478240
MU,2025-06-09 00:00:00+00:00,247.04260566924196,251.72848121588865,244.76112445193965,246.0197314739751,41057801
MU,2025-06-10 00:00:00+00:00,244.10938727035017,248.29680631646096,241.02073259723258,243.87837247994935,20735309
MU,2025-06-11 00:00:00+00:00,242.3481280227665,243.80604313435515,239.32430308118234,242.15657643355107,89333484
MU,2025-06-12 00:00:00+00:00,248.66889754160115,251.54834048074693,243.44790954631466,248.27907923583416,37509621
MU,2025-06-13 00:00:00+00:00,258.44490897266706,263.52567364408844,257.85740664193366,258.50837050809446,18559959
MU,2025-06-16 00:00:00+00:00,255.29817141651176,256.85147780178045,253.22705449215334,254.93107827649314,84932241
MU,2025-06-17 00:00:00+00:00,254.19231666716158,257.8334540589734,252.25379332696113,253.33061530798855,37895519
MU,2025-06-18 00:00:00+00:00,253.67962820390193,257.0552162015869,251.49532680690874,252.819826339759,22272999
MU,2025-06-19 00:00:00+00:00,250.8067984949926,254.73571573048258,249.0389194610576,251.2879070647166,80715676
MU,2025-06-20 00:00:00+00:00,243.6658537317237,248.1746866572927,241.71428876745782,245.33589863879223,17689434
MU,2025-06-23 00:00:00+00:00,245.28690581032464,249.72578901271666,240.57946820275205,246.01759173285546,87447320
MU,2025-06-24 00:00:00+00:00,248.37870440165256,250.398594834439,246.23869885607107,248.03436871217056,87977852
MU,2025-06-25 00:00:00+00:00,247.76273299909562,254.89214896282374,245.2370989459268,250.18831581513365,73424004
MU,2025-06-26 00:00:00+00:00,244.05048501922187,247.3314172614716,243.03725205139253,244.4525982758463,36982480
MU,2025-06-27 00:00:00+00:00,244.62784958900372,246.44400611997258,242.85949971114084,244.12682579128668,24895355
MU,2025-06-30 00:00:00+00:00,235.5293930306743,239.10271705736488,234.32383387616198,236.00178269022462,13443083
MU,2025-07-01 00:00:00+00:00,239.56742205067175,243.95633215338154,236.73834443936187,240.58278995874957,55315446
MU,2025-07-02 00:00:00+00:00,237.66739124989127,242.05639543275242,234.36863354869035,235.9530297877569,32345483
MU,2025-07-03 00:00:00+00:00,236.24825322140404,239.33931344332922,233.4138859276674,234.88874169823123,15701957
MU,2025-07-04 00:00:00+00:00,232.83281348338986,235.56235062467223,230.28362688031717,233.01607758144067,69321538
MU,2025-07-07 00:00:00+00:00,231.81610503150128,233.6029640621799,230.2374475996092,230.53993494370627,15076107
MU,2025-07-08 00:00:00+00:00,227.16066780946423,229.22454256825674,221.99973482967576,225.93213280185836,80043052
MU,2025-07-09 00:00:00+00:00,217.3685197027921,219.7090539708501,216.93865829972898,218.30233897732364,79055014
MU,2025-07-10 00:00:00+00:00,228.7079655741863,231.63173741988626,224.23375239300935,226.228200306216,69105962
MU,2025-07-11 00:00:00+00:00,226.81935410197786,231.57054473413064,222.33227938096647,227.61821901644456,10192329
MU,2025-07-14 00:00:00+00:00,228.87650984428498,231.87235985570643,227.91711777584783,229.06339054350101,55046447
MU,2025-07-15 00:00:00+00:00,238.1370833826423,240.2902814829386,237.69523510479584,239.1288449776625,17760775
MU,2025-07-16 00:00:00+00:00,239.02390560202883,239.42819563669678,236.44989777508357,238.89414401812803,29026555
MU,2025-07-17 00:00:00+00:00,240.58319597349742,246.07497583789726,237.4601268072994,241.79913663105575,18463616
MU,2025-07-18 00:00:00+00:00,242.20061344824515,243.8013981996995,240.15089688784798,242.15215651210426,22479842
MU,2025-07-21 00:00:00+00:00,249.36117329052007,252.87408360833138,246.94380691323465,248.23012846173498,66927135
MU,2025-07-22 00:00:00+00:00,251.26800193395633,256.0329933082793,247.45095092002654,250.99725042843187,74357201
MU,2025-07-23 00:00:00+00:00,252.63609745108445,257.6154598264398,249.55262855442393,252.84711407069952,60274842
MU,2025-07-24 00:00:00+00:00,253.4384323695764,256.3635053599718,249.91352750073972,251.82587663900512,19458570
MU,2025-07-25 00:00:00+00:00,252.65451909157403,258.159812399254,249.44641718716292,253.50792555880318,27270799
MU,2025-07-28 00:00:00+00:00,260.8169683643215,263.07339241062925,255.34899033597705,259.7545813115937,56211914
MU,2025-07-29 00:00:00+00:00,249.20554000475204,254.16067430959026,246.519163038309,249.45324419114831,42814216
MU,2025-07-30 00:00:00+00:00,249.34570647398942,252.81092053618931,246.99309651781576,249.0774619207529,49024832
MU,2025-07-31 00:00:00+00:00,247.35421954213973,247.97936411155663,244.1307407223765,247.2707681066762,86124199
MU,2025-08-01 00:00:00+00:00,246.23325051070626,250.27908223486116,243.44874570019306,246.05566945772478,87237160
MU,2025-08-04 00:00:00+00:00,236.77629117455427,237.7370767347017,236.09523042625682,236.77754385013887,26842269
MU,2025-08-05 00:00:00+00:00,239.82397588074707,245.3241043150197,235.468620115611,240.52694724014606,26377853
MU,2025-08-06 00:00:00+00:00,236.26067823500645,237.20995581759811,235.46665880357475,236.75094599648838,15423193
MU,2025-08-07 00:00:00+00:00,236.39933657862807,240.03594446317183,232.37058088773128,235.93540167628225,60135722
MU,2025-08-08 00:00:00+00:00,233.7699058017073,234.73596360201284,231.61166508853526,233.82459380635393,61740076
MU,2025-08-11 00:00:00+00:00,225.3818665227096,228.9402967275522,221.80157413746514,226.39074658786802,79309001
MU,2025-08-12 00:00:00+00:00,224.03423607688723,226.4376287782001,221.58390604227273,224.6246728467046,18636517
MU,2025-08-13 00:00:00+00:00,216.17805823124726,220.55860575773423,212.59121858929825,216.73748385428976,52953106
MU,2025-08-14 00:00:00+00:00,212.91562871374902,214.24374789688918,210.80181559175102,212.92274029750513,54512840
MU,2025-08-15 00:00:00+00:00,212.00650756678272,215.11908721383975,210.61003058298957,211.8165365426906,51891839
MU,2025-08-18 00:00:00+00:00,212.1446213978762,216.1468128493708,208.71388824713128,212.02924162044945,30397903
MU,2025-08-19 00:00:00+00:00,211.97899584096143,212.96854314433753,208.43396182143047,212.49699627139898,10927946
MU,2025-08-20 00:00:00+00:00,212.19774356640596,215.28890926967014,209.90781926674103,212.14576706456697,12606814
MU,2025-08-21 00:00:00+00:00,220.4807097354773,222.23104574624276,216.36820923544866,221.65612158934047,76944282
MU,2025-08-22 00:00:00+00:00,221.2967263174995,227.37696424642954,218.10047126076776,223.84084357430154,62678638
MU,2025-08-25 00:00:00+00:00,218.666569183252,222.45779323614582,214.57313871242619,218.67849703618657,79407941
MU,2025-08-26 00:00:00+00:00,214.8599685341198,217.04368705014699,213.8472501342351,216.25532231453894,70140608
MU,2025-08-27 00:00:00+00:00,212.89065234369627,217.46919348280946,208.86136810205372,213.66587564009143,85714819
MU,2025-08-28 00:00:00+00:00,212.1489962652665,215.1317052147051,208.8425665423645,213.14399672801505,35133573
MU,2025-08-29 00:00:00+00:00,211.3815212067309,212.8316203097453,206.83245459394175,210.8196511091259,36035729
MU,2025-09-01 00:00:00+00:00,206.49886263054734,211.48603916915243,204.91925710147945,207.4724471010686,22661270
MU,2025-09-02 00:00:00+00:00,214.93332620035008,216.71732208524588,212.18384309795258,214.66621233094037,27634796
MU,2025-09-03 00:00:00+00:00,214.70140120423096,216.16492018292462,210.83847301687857,215.0926289172343,88124032
MU,2025-09-04 00:00:00+00:00,212.85403161142867,215.43726576676508,209.92167795372578,213.88346634922172,22609018
MU,2025-09-05 00:00:00+00:00,211.7278207522225,216.91801868052178,210.35344352343154,213.0425890210195,29579952
MU,2025-09-08 00:00:00+00:00,212.77367643165329,216.96488444844022,210.97674087012732,212.35569288229945,77335773
MU,2025-09-09 00:00:00+00:00,218.95974098206702,221.0720018575674,214.44762955701194,218.59653018858432,29704294
MU,2025-09-10 00:00:00+00:00,221.65211040439652,223.95320935030225,217.90401656668374,220.94329023166142,24272427
MU,2025-09-11 00:00:00+00:00,227.89576621034746,230.713435117418,225.76067562012324,226.21426296429723,39269439
MU,2025-09-12 00:00:00+00:00,213.02859037793334,216.6399772360837,211.51636258406506,212.77508617183844,74929396
MU,2025-09-15 00:00:00+00:00,214.67034942514852,214.92205567246936,211.9245176772664,214.4077362053834,29197296
MU,2025-09-16 00:00:00+00:00,219.157239600953,222.77815862075138,218.1488347312512,219.24448481753316,53863913
MU,2025-09-17 00:00:00+00:00,228.44538889403174,232.89507379637246,226.07868361157344,228.3279410329186,29672245
MU,2025-09-18 00:00:00+00:00,228.42040339354122,230.71101867571102,225.2942560842365,228.72069260667223,85946008
MU,2025-09-19 00:00:00+00:00,220.47812133722383,223.3125376892043,219.9049805493635,221.2509076192071,83956427
MU,2025-09-22 00:00:00+00:00,225.93210335672953,230.26935802903483,222.8219763526489,224.12678735756808,53062398
MU,2025-09-23 00:00:00+00:00,220.07524213113686,223.64512798616474,216.17248904343742,221.7094123981777,16560066
MU,2025-09-24 00:00:00+00:00,214.38146398726687,216.13047264224926,213.7679625327283,214.1484730754406,79353349
MU,2025-09-25 00:00:00+00:00,212.14581432410873,215.82155625110087,211.09583752791423,211.75627466918107,76761565
MU,2025-09-26 00:00:00+00:00,216.66828177170328,218.8329872823003,212.93402814527607,216.52397746051935,47914758
MU,2025-09-29 00:00:00+00:00,221.20590421848556,224.99788748439695,218.14176513114538,222.0463254367035,52778826
MU,2025-09-30 00:00:00+00:00,225.3733426497624,226.98587792234792,223.12929472546014,225.5331692762898,47010349
MU,2025-10-01 00:00:00+00:00,220.7136812842333,224.18800870357052,216.89040073276067,221.10982442564517,12822134
MU,2025-10-02 00:00:00+00:00,231.80561277145065,234.6547752536681,230.65538401823113,232.79475371707852,39009636
MU,2025-10-03 00:00:00+00:00,227.6455512788257,231.2948522498096,227.3939939301475,227.67771926332355,22082148
MU,2025-10-06 00:00:00+00:00,227.2273795475145,229.9468195608293,223.4931478561478,227.58940479289672,67668311
MU,2025-10-07 00:00:00+00:00,220.88451898203172,225.4537691667987,217.98760929019116,221.36564218212726,62463109
MU,2025-10-08 00:00:00+00:00,228.17080553369104,230.77228461695142,225.85846855010575,227.54220995647688,59392026
MU,2025-10-09 00:00:00+00:00,228.88427531632433,233.82681335360928,226.1359644451906,229.85211380860278,54806685
MU,2025-10-10 00:00:00+00:00,234.66687811327648,236.86533044905624,233.65278400119158,234.24943007476122,40514383
MU,2025-10-13 00:00:00+00:00,234.3831980436884,238.17569287556708,232.75581948710982,234.95293989899344,29360695
MU,2025-10-14 00:00:00+00:00,235.3183860815985,236.7477073917704,232.1417452232162,234.9140193556808,11028281
MU,2025-10-15 00:00:00+00:00,236.08684602205057,238.95296167390134,231.995778500548,236.0190445259126,33305593
MU,2025-10-16 00:00:00+00:00,227.7673263034794,230.86435695723412,225.95043805984136,227.5467437191794,46154426
MU,2025-10-17 00:00:00+00:00,231.48901708155935,233.4739161066954,230.9898193720971,232.39837777475535,84181758
MU,2025-10-20 00:00:00+00:00,236.23776425854376,239.6574052072556,235.60590473212926,236.97198605510224,50817991
MU,2025-10-21 00:00:00+00:00,234.60171203099534,239.7659651815016,233.0015451315408,235.40805846708253,68972427
MU,2025-10-22 00:00:00+00:00,235.80158178819065,236.94132845379175,232.60011733391644,235.63949742985227,46253013
MU,2025-10-23 00:00:00+00:00,238.05608453326602,240.50254135451982,233.9320970051891,237.34988383022733,62955048
MU,2025-10-24 00:00:00+00:00,246.28121386130786,250.44568368256165,241.74443339960123,245.22683924558058,41415422
MU,2025-10-27 00:00:00+00:00,247.16507960011992,249.9167832722291,242.8091671714327,247.66419069340031,83926564
MU,2025-10-28 00:00:00+00:00,248.26698384391176,248.65633425586682,244.72381893513,248.1870301404389,18252583
MU,2025-10-29 00:00:00+00:00,244.38983689986085,248.68591709194965,241.03135838429063,245.98406303541688,28532863
MU,2025-10-30 00:00:00+00:00,236.87917665814192,241.33952231272104,233.96865835364858,239.00147216737673,72310611
MU,2025-10-31 00:00:00+00:00,235.64664958821572,240.87510668516373,232.42663519282044,236.47057586698372,36374354
MU,2025-11-03 00:00:00+00:00,236.47628746594535,240.34163808700092,232.9578120686215,237.11341027499154,58417603
MU,2025-11-04 00:00:00+00:00,234.7536758972822,239.9470599276109,230.16536448160804,236.22588252536414,77057890
MU,2025-11-05 00:00:00+00:00,235.2012297772013,238.7846158457501,234.1634453284827,236.89127414142797,80978474
MU,2025-11-06 00:00:00+00:00,241.2680432961519,245.61797566172288,237.5815421864801,240.7640716742396,45225101
MU,2025-11-07 00:00:00+00:00,242.39980012029704,247.26054110803642,241.58488743276993,243.18949296089255,32514389
MU,2025-11-10 00:00:00+00:00,243.2022799528907,245.52404969562767,242.00686817183137,244.85572250282902,45730481
MU,2025-11-11 00:00:00+00:00,250.71104262180262,254.10929086974184,243.79827812785047,248.4207076218071,24985355
MU,2025-11-12 00:00:00+00:00,249.84018557238636,254.38374339370935,247.51156270586827,249.68144085697347,74734552
MU,2025-11-13 00:00:00+00:00,249.5314437721918,253.1987034190015,246.5930288307696,249.86213279250532,87854581
MU,2025-11-14 00:00:00+00:00,253.2285053536869,258.15431842580267,251.29209801924503,252.5603529630059,89951734
MU,2025-11-17 00:00:00+00:00,243.5564526975095,245.76797518124832,240.95270544074248,244.31229140946078,32233255
MU,2025-11-18 00:00:00+00:00,252.42387377061652,255.49534229190823,250.48424697944424,250.85132401692977,81006226
MU,2025-11-19 00:00:00+00:00,243.27946084904784,247.52552476701652,240.35138365053314,244.79971201428833,89100018
MU,2025-11-20 00:00:00+00:00,247.9555205505673,250.9213503051757,243.2120685290193,249.27347074108863,71689943
MU,2025-11-21 00:00:00+00:00,249.52537876068394,253.63763820390972,246.01756801806349,249.6814515703066,57474772
MU,2025-11-24 00:00:00+00:00,254.82920683835363,257.98035499759305,251.35233019073996,255.63016915479946,45718671
MU,2025-11-25 00:00:00+00:00,257.58627910757923,261.0228702107386,253.20991462745738,256.1667699031275,40690935
MU,2025-11-26 00:00:00+00:00,250.09477822532116,255.71919259006137,248.32247717859795,251.72644088672473,66489029
MU,2025-11-27 00:00:00+00:00,256.77617966400555,261.3672092714068,252.7442065976836,257.55086200866964,33141493
MU,2025-11-28 00:00:00+00:00,259.090044802183,259.84329292429464,256.6993363887005,258.8691734811899,28043809
MU,2025-12-01 00:00:00+00:00,260.4092038143083,260.94302934154217,257.9306043154323,259.85221854219157,49549530
MU,2025-12-02 00:00:00+00:00,261.6603958452061,266.0002069993513,257.67380629702075,260.6456133544292,30305831
MU,2025-12-03 00:00:00+00:00,266.6351135534274,270.1961752478569,261.100461745393,266.29902106310044,20913196
MU,2025-12-04 00:00:00+00:00,273.4321144253092,274.4751179238162,267.02773063049267,271.0798552044879,26342991
MU,2025-12-05 00:00:00+00:00,272.1782098842326,273.67134259316464,268.41728275731504,272.72491547630034,83075219
MU,2025-12-08 00:00:00+00:00,264.9339670359245,267.7033761660701,263.8707586027407,264.77978864459374,64539895
MU,2025-12-09 00:00:00+00:00,263.89855070723695,265.05460414382776,258.7301795495399,263.0320727128182,48389911
MU,2025-12-10 00:00:00+00:00,263.6098277673806,268.9066683758802,261.2284490681004,263.975243762869,85833409
MU,2025-12-11 00:00:00+00:00,273.67189963455405,275.46698874423487,270.1303510472411,274.0270183214721,52606263
MU,2025-12-12 00:00:00+00:00,276.00298826070093,281.7862797406984,272.78575493498124,276.551006058474,70449023
MU,2025-12-15 00:00:00+00:00,275.7060510666486,280.4890303004895,271.3157883499933,276.4528198283717,20966172
MU,2025-12-16 00:00:00+00:00,282.25261139726706,286.84623675464877,281.7983330023434,283.56783495662205,31332668
MU,2025-12-17 00:00:00+00:00,282.6941741565742,287.2573528258999,281.88721238404577,283.36066624837775,12735006
MU,2025-12-18 00:00:00+00:00,281.8353977282379,287.64062982523296,280.04770069283313,283.62767791589727,62829983
MU,2025-12-19 00:00:00+00:00,285.3387898717337,287.17078646137685,283.5680237999618,284.9491789869333,75517739
MU,2025-12-22 00:00:00+00:00,275.15791510849846,279.80298926172287,271.3198689884633,276.957509293194,38045614
MU,2025-12-23 00:00:00+00:00,285.0238905411143,285.6680984662095,281.8302800969221,282.7402238415867,42311372
MU,2025-12-24 00:00:00+00:00,287.48203823066035,288.0314771235803,284.80464798978505,285.5915088537284,75928720
MU,2025-12-25 00:00:00+00:00,285.6220554151228,291.0281607262355,281.26717794604207,284.4145664588998,13977038
MU,2025-12-26 00:00:00+00:00,278.1358586743723,283.19308010129726,277.50700935428625,278.4155323917793,48827069
MU,2025-12-29 00:00:00+00:00,279.33408615191814,284.3254733940536,274.8398703390222,280.0356010368336,42108163
MU,2025-12-30 00:00:00+00:00,289.7883814378273,290.65070387901153,286.33434515516655,288.4293505417478,29972092
MU,2025-12-31 00:00:00+00:00,285.34909558789633,289.01639192386233,283.2681789629439,285.19185777165137,37960514
MU,2026-01-01 00:00:00+00:00,280.2058902998659,284.29370633190376,276.1778249974904,279.63049286372586,33251644
MU,2026-01-02 00:00:00+00:00,281.5655908316715,285.0178242309423,276.06181840177607,282.4252508271746,70224920
MU,2026-01-05 00:00:00+00:00,275.088815811601,277.339187943752,272.2254978037827,273.97304166966,16829088
MU,2026-01-06 00:00:00+00:00,261.59173385842104,266.35970810031347,260.2072018902755,262.47523190237,16488642
MU,2026-01-07 00:00:00+00:00,260.62021535590867,260.93187504730844,258.47246318891337,260.5563957768151,38900572
MU,2026-01-08 00:00:00+00:00,255.5636933133119,259.94437209627415,251.524607599549,257.3857420233891,19893483
MU,2026-01-09 00:00:00+00:00,255.6473512215726,257.86988090810723,250.85777019662223,256.36415673440956,37146669
MU,2026-01-12 00:00:00+00:00,254.40967478403317,256.809142132297,252.95218927097318,253.95008008899615,73425275
MU,2026-01-13 00:00:00+00:00,255.53752576705358,258.98976994751416,255.13687259169708,256.04544360692967,46649490
MU,2026-01-14 00:00:00+00:00,254.8147163351776,257.6129805468706,253.07949033297086,255.3179283793102,63596037
MU,2026-01-15 00:00:00+00:00,253.42161769678492,257.8968467757225,250.8833366312335,252.6759377828391,62601751
MU,2026-01-16 00:00:00+00:00,250.64769515826043,255.222402859783,246.8374184827273,250.7694572804599,53728165
MU,2026-01-19 00:00:00+00:00,255.56825102362467,259.51198331497386,250.81573915220596,254.35935656408446,84277924
MU,2026-01-20 00:00:00+00:00,257.1428579924045,263.8747066613484,253.23482320516968,259.694826061786,62380775
MU,2026-01-21 00:00:00+00:00,265.402178422948,268.1921164444191,262.613695146109,264.8550500501158,75396100
MU,2026-01-22 00:00:00+00:00,269.4921637475313,271.14959801080926,266.5432719135296,269.0025537809513,85876973
MU,2026-01-23 00:00:00+00:00,250.63182719869562,256.39568246756744,245.89585090862326,252.23438419246807,55888644
MU,2026-01-26 00:00:00+00:00,246.29559709016488,248.42242073298468,245.82304390147078,247.62649930558106,34057686
MU,2026-01-27 00:00:00+00:00,247.28077508666559,250.31981853215007,246.12219477548425,246.46855775970997,38916648
MU,2026-01-28 00:00:00+00:00,246.77901322461878,251.11432964246916,246.4531295675659,247.88356254071732,10690727
MU,2026-01-29 00:00:00+00:00,239.721379573065,241.11913575516374,235.76077473935726,240.38023171374812,23647972
MU,2026-01-30 00:00:00+00:00,248.25516432337557,249.46683760429465,245.03107188117255,247.7158243447915,28838782
MU,2026-02-02 00:00:00+00:00,249.24563240703057,253.06533742055692,245.70562988139696,249.6274615243638,57289926
MU,2026-02-03 00:00:00+00:00,247.3638555973796,251.6420276935332,243.63268780533528,246.94591426701368,16472798
MU,2026-02-04 00:00:00+00:00,247.24829918810565,250.24885620756856,243.18192537336654,248.15811323447883,15112577
MU,2026-02-05 00:00:00+00:00,247.08703728117442,249.8281929856522,244.1144758292757,246.8465125735935,18909286
MU,2026-02-06 00:00:00+00:00,244.52011599899495,248.05498873915255,241.7573104619785,243.52116878622024,14282554
MU,2026-02-09 00:00:00+00:00,246.6682412056203,249.64152770663395,245.6299008303833,246.40086207101183,79876053
MU,2026-02-10 00:00:00+00:00,242.38570611534143,246.970516225265,240.25018751848992,244.57519102045566,61379509
MU,2026-02-11 00:00:00+00:00,238.72467642583754,241.85780495342388,237.0359846673461,238.15702717629384,59730373
MU,2026-02-12 00:00:00+00:00,235.54287762375827,238.95586063093825,231.1570966708372,235.53810807756048,23142014
MU,2026-02-13 00:00:00+00:00,234.48704269319722,239.2040544957998,230.8525740820133,235.38623221819643,53718441
MU,2026-02-16 00:00:00+00:00,231.96931559683455,234.67416879019103,229.259615687264,230.73794705567383,77881514
MU,2026-02-17 00:00:00+00:00,235.32746767089938,240.23748565691852,232.80549690622018,237.02403917835656,32775843
MU,2026-02-18 00:00:00+00:00,233.98582876452073,235.08805564599209,229.9966325163713,232.30101542191733,63580329
MU,2026-02-19 00:00:00+00:00,240.35243499223347,241.99215797887612,237.35159626709,241.0112488474396,47118323
MU,2026-02-20 00:00:00+00:00,247.25974154045704,251.3112039370817,241.10372986380278,245.77130303054255,51956775
MU,2026-02-23 00:00:00+00:00,241.4962584342856,242.85883494301737,239.98997297930418,241.59074944785462,65656852
MU,2026-02-24 00:00:00+00:00,241.289982422537,244.88466443220224,238.2327302340321,242.62765355053622,84897732
MU,2026-02-25 00:00:00+00:00,248.89161762392874,253.32528794354204,246.21718625575326,248.8508306396225,40773498
MU,2026-02-26 00:00:00+00:00,248.5964854058914,249.53813616595235,243.56969249367043,248.321685714545,20545621
MU,2026-02-27 00:00:00+00:00,243.35126532811782,246.7327423319235,241.62999952014718,242.87944077446673,80188400
MU,2026-03-02 00:00:00+00:00,244.81675445354904,246.2172839956175,240.593574131195,243.838871780229,34799043
MU,2026-03-03 00:00:00+00:00,253.2111947994248,257.45139692176264,252.52107892929902,254.17430292491056,84090947
MU,2026-03-04 00:00:00+00:00,247.566565746191,251.65490095304565,244.33522617786474,247.13534719251615,50622839
MU,2026-03-05 00:00:00+00:00,251.00419493716174,255.16798270611704,245.5089406205617,250.32375159182217,31226283
MU,2026-03-06 00:00:00+00:00,250.48176410358573,254.76392911880035,246.80752960133998,250.80753457904027,87226833
MU,2026-03-09 00:00:00+00:00,249.66437387445288,253.37064550396067,249.26575693636235,250.65353113878558,23904286
MU,2026-03-10 00:00:00+00:00,248.1398562167536,251.96516585306858,243.2529728457385,249.1428108101432,16299071
MU,2026-03-11 00:00:00+00:00,248.6786465987264,249.73966676619787,245.2008990215502,247.99221890805208,30182321
MU,2026-03-12 00:00:00+00:00,254.39300143916813,255.21133377604727,250.5934672921885,253.64097463736485,58154394
MU,2026-03-13 00:00:00+00:00,256.2369936447214,261.05336963572574,251.37792141313636,257.14217431387203,70355382
MU,2026-03-16 00:00:00+00:00,251.1115209662007,253.0162997696173,248.07048608349695,252.51318095297833,83560969
MU,2026-03-17 00:00:00+00:00,262.2062861055189,267.1153011609702,259.62029917492276,260.975720610465,21585875
MU,2026-03-18 00:00:00+00:00,253.1172628744093,255.90319844907037,250.79955294517117,254.7491594062463,52134801
MU,2026-03-19 00:00:00+00:00,258.72168868041933,262.5200918335995,254.67425683693125,258.614286324451,66326585
MU,2026-03-20 00:00:00+00:00,259.1453650184611,262.50857234287014,256.9341900874472,260.03682681701633,79434504
MU,2026-03-23 00:00:00+00:00,264.90534565684294,270.20275757181855,263.7922861402177,266.82945031478516,74282864
MU,2026-03-24 00:00:00+00:00,269.3004673610694,273.44108357083206,266.96699104917656,269.2268893902424,38826328
MU,2026-03-25 00:00:00+00:00,275.20773777412086,277.30275719103156,274.39338162347207,275.47741640804537,41461739
QQQ,2025-01-02 00:00:00+00:00,153.11751423258292,155.70878799738554,149.8180550875822,152.31542935975568,52847924
QQQ,2025-01-03 00:00:00+00:00,157.0554703750501,157.75001263475863,155.59399645950216,156.3831286819931,81321013
QQQ,2025-01-06 00:00:00+00:00,161.3592153961221,164.50791198002955,160.95998243628767,162.1827111223475,35030334
QQQ,2025-01-07 00:00:00+00:00,159.49463903800915,161.24433453128154,156.4385181493473,158.89032793867463,72190090
QQQ,2025-01-08 00:00:00+00:00,157.2810705982875,159.72878137497185,156.95808868347868,157.5758071140201,89025477
QQQ,2025-01-09 00:00:00+00:00,154.73474987049465,156.93839335383657,151.04991880630675,153.9778307759842,36780122
QQQ,2025-01-10 00:00:00+00:00,156.96027944910475,159.11204607016484,154.49155336818382,156.70354403539443,57940665
QQQ,2025-01-13 00:00:00+00:00,152.15386205676495,153.0613536496233,150.77782659497663,152.22931883309684,41588408
QQQ,2025-01-14 00:00:00+00:00,156.5115025913313,156.7378765086422,154.01520174029199,156.15996139520766,89040636
QQQ,2025-01-15 00:00:00+00:00,158.94435650993788,162.37714966016154,158.38684849310613,159.333968402535,39584174
QQQ,2025-01-16 00:00:00+00:00,161.146435264427,164.05576431444345,158.88151506861942,160.99448472795652,12220205
QQQ,2025-01-17 00:00:00+00:00,153.72235809428562,155.35028854209475,150.70642351768075,153.54423346295246,27093471
QQQ,2025-01-20 00:00:00+00:00,151.1363736490379,153.31970522420775,150.98489275535724,151.2679517298288,21974340
QQQ,2025-01-21 00:00:00+00:00,153.89607477581433,154.3163096630333,150.82228446968122,153.71584756197683,15911239
QQQ,2025-01-22 00:00:00+00:00,148.40943540215642,150.46998566205355,147.38485543814406,149.02306019226177,20924681
QQQ,2025-01-23 00:00:00+00:00,148.48709261754877,150.2943471367667,146.95015543568738,148.21616405461506,41275395
QQQ,2025-01-24 00:00:00+00:00,147.12045134873995,149.9615494758216,144.34703027946463,147.84774206753855,50761277
QQQ,2025-01-27 00:00:00+00:00,151.0146822743165,151.79424623874831,148.2694286101646,150.70099770801403,26134060
QQQ,2025-01-28 00:00:00+00:00,151.8241916057963,152.24315764447707,150.33530107417153,151.5955226870115,55696964
QQQ,2025-01-29 00:00:00+00:00,152.83645165968758,155.78044915799993,149.4781697445353,152.46840819393805,11878168
QQQ,2025-01-30 00:00:00+00:00,150.61876240817935,153.5679967866484,150.37486646764128,150.9828207536973,67603941
QQQ,2025-01-31 00:00:00+00:00,152.67062631710402,153.34131777145035,148.9209218255894,150.96641105389057,80856099
QQQ,2025-02-03 00:00:00+00:00,150.32068887677204,152.99511013166818,148.71541362873398,150.49248597288613,84740105
QQQ,2025-02-04 00:00:00+00:00,152.90440191369404,155.41727138968184,150.1276023957109,152.85784588453936,37451122
QQQ,2025-02-05 00:00:00+00:00,151.74974604886899,152.90564147053237,151.54408181929247,152.2283541244587,75717097
QQQ,2025-02-06 00:00:00+00:00,156.4572755308289,159.0055445521584,154.54383087713327,155.6505710919909,10925199
QQQ,2025-02-07 00:00:00+00:00,149.6683245274673,151.21542453295828,148.15845115740532,149.9765271806749,42929122
QQQ,2025-02-10 00:00:00+00:00,154.44737922306507,155.58252728516075,153.53677204845323,153.90497777794457,59296807
QQQ,2025-02-11 00:00:00+00:00,152.71052183461413,153.92176949976408,150.68472636549657,153.300938238877,50272785
QQQ,2025-02-12 00:00:00+00:00,157.2155393994513,159.13942952488185,154.38286115012215,157.06951810379454,48252938
QQQ,2025-02-13 00:00:00+00:00,157.05688090399008,159.3076017625038,154.19539243400277,157.31792628529453,14372267
QQQ,2025-02-14 00:00:00+00:00,160.75771891281425,162.48053124130809,159.6302784278248,160.2293387753906,65174060
QQQ,2025-02-17 00:00:00+00:00,165.25490134226328,165.95732353844676,163.49966340632287,165.47791132274295,81420013
QQQ,2025-02-18 00:00:00+00:00,162.88195585176223,166.09218724469739,159.67069853388577,163.45735873010068,38808689
QQQ,2025-02-19 00:00:00+00:00,163.94489001897577,165.09561348208146,163.3158001616781,163.70202359246258,44314467
QQQ,2025-02-20 00:00:00+00:00,162.28115323467972,164.0409047112408,159.94539468240768,163.05838467702398,21215684
QQQ,2025-02-21 00:00:00+00:00,163.1248876154553,165.91650932025004,162.07527512210802,163.75795821842166,55519691
QQQ,2025-02-24 00:00:00+00:00,158.48013987788232,159.19499720445538,155.16813441151058,158.0546291443721,61166255
QQQ,2025-02-25 00:00:00+00:00,156.2740645228957,160.3086937619142,154.31188301326057,157.42827384767628,84175353
QQQ,2025-02-26 00:00:00+00:00,156.95565535574102,159.0454704067925,153.716204966066,156.5384961651123,41871708
QQQ,2025-02-27 00:00:00+00:00,153.579770927088,156.3080008082821,153.27895736812897,153.84714351465405,72653735
QQQ,2025-02-28 00:00:00+00:00,152.59404008253208,154.30338310316898,150.68572430015428,153.15892988448948,80130307
QQQ,2025-03-03 00:00:00+00:00,148.1770741278168,149.53135521140493,146.7409702735152,148.07092339609852,63900928
QQQ,2025-03-04 00:00:00+00:00,152.93513585057656,153.8185860962123,152.1353971657618,152.6007634162694,36132033
QQQ,2025-03-05 00:00:00+00:00,153.67802579956356,154.9398231025724,152.32980874311102,154.05090956221537,45824223
QQQ,2025-03-06 00:00:00+00:00,160.30954934335716,161.87453496807615,157.8905801395428,160.4488538867811,27798850
QQQ,2025-03-07 00:00:00+00:00,157.83503363894584,160.35332200181222,155.49022392851194,157.38830724646107,82934881
QQQ,2025-03-10 00:00:00+00:00,153.81390665155243,155.4379462902883,151.5212196708989,153.40558155776606,24875148
QQQ,2025-03-11 00:00:00+00:00,154.24902488785233,156.90561332863817,153.27559539101085,154.3082353781434,59895424
QQQ,2025-03-12 00:00:00+00:00,148.31161063949625,149.23819308199336,146.72903782023988,148.7735769013259,30498750
QQQ,2025-03-13 00:00:00+00:00,148.9021950642748,150.43610948507344,147.49045658544665,149.46537402599296,13491124
QQQ,2025-03-14 00:00:00+00:00,146.7993080265639,147.40769796987564,144.11430083994517,147.1580368143674,29079880
QQQ,2025-03-17 00:00:00+00:00,146.40129424415352,149.0881452024129,143.4691365619392,146.05138585451672,45052396
QQQ,2025-03-18 00:00:00+00:00,147.11374230151645,147.43700831019137,145.45132849975002,146.81827426461643,51749422
QQQ,2025-03-19 00:00:00+00:00,147.06633444355353,148.72793581503916,145.37040406493256,146.9222648822443,24527999
QQQ,2025-03-20 00:00:00+00:00,153.72593193546484,155.8463591359909,151.94236364774193,152.94577401226002,39774649
QQQ,2025-03-21 00:00:00+00:00,154.8143878238237,155.77187796309607,152.9919579709563,155.01564030063517,40472087
QQQ,2025-03-24 00:00:00+00:00,150.43800809362315,153.63499253922626,149.9149300009176,150.67865459336772,87556900
QQQ,2025-03-25 00:00:00+00:00,153.62861307630692,156.89801534677375,150.65622960743616,153.87692604232504,61891702
QQQ,2025-03-26 00:00:00+00:00,150.47364817668262,151.3053088825125,148.0906732219747,149.41665378891625,26312591
QQQ,2025-03-27 00:00:00+00:00,148.46506759888692,150.19819248852676,148.2909003808178,149.65173659895572,17673083
QQQ,2025-03-28 00:00:00+00:00,145.74239095435345,147.687353524967,144.63668114888088,145.6038370711768,85224490
QQQ,2025-03-31 00:00:00+00:00,143.18237028575362,144.7256045044426,140.24144992693854,142.9618198860466,20840736
QQQ,2025-04-01 00:00:00+00:00,147.07065779085033,148.9062761301723,146.04289312354175,147.05684403205893,36862865
QQQ,2025-04-02 00:00:00+00:00,146.5018310469608,148.3687406574497,144.02831153581303,145.2401413099594,20868661
QQQ,2025-04-03 00:00:00+00:00,143.7882560699296,146.54416403845823,140.37889964931347,143.17378231743197,48664835
QQQ,2025-04-04 00:00:00+00:00,141.78156967614444,143.99344589747798,139.13835180990242,141.38811591849196,55391199
QQQ,2025-04-07 00:00:00+00:00,139.88976330377272,141.35795495695055,138.79165206315076,140.3837678338687,86747075
QQQ,2025-04-08 00:00:00+00:00,145.05713405742003,147.2621059109544,144.20405089521236,144.80267169696765,43395701
QQQ,2025-04-09 00:00:00+00:00,140.87461099811767,142.43490588931365,139.68799998474537,141.0896242742823,72446098
QQQ,2025-04-10 00:00:00+00:00,137.30620828149716,139.98830221954114,136.18855151354194,137.29926853794004,47999564
QQQ,2025-04-11 00:00:00+00:00,139.07921544802795,140.47980602860153,136.48809732218754,138.98966735594743,85738754
QQQ,2025-04-14 00:00:00+00:00,133.94520843646654,134.36612450413884,132.4386296994561,134.20401489654552,29934907
QQQ,2025-04-15 00:00:00+00:00,133.39465235021095,135.85208948806977,130.61956073808068,133.09126755200194,53104254
QQQ,2025-04-16 00:00:00+00:00,137.17733947065648,138.03597626484236,133.6618948304498,136.3530535161823,17398354
QQQ,2025-04-17 00:00:00+00:00,136.82253825577357,139.0950945973585,133.91526906983418,136.3036264870883,35430411
QQQ,2025-04-18 00:00:00+00:00,134.93263507824838,136.63539629710115,133.65932798746206,134.8356806146203,55476440
QQQ,2025-04-21 00:00:00+00:00,131.7372181635936,134.72596008467764,130.62786864581724,132.71645366539687,64009088
QQQ,2025-04-22 00:00:00+00:00,130.5652656360147,132.52859111225996,128.56148532834973,130.0442846441365,14609878
QQQ,2025-04-23 00:00:00+00:00,128.84009938599525,131.1855927915813,126.54545458748484,128.33004814275688,64811357
QQQ,2025-04-24 00:00:00+00:00,128.5495212446826,130.81949093641182,126.34788373846906,128.653975926023,89225058
QQQ,2025-04-25 00:00:00+00:00,131.87147520316958,133.87190217372859,129.69130268094727,132.1198290819589,13323846
QQQ,2025-04-28 00:00:00+00:00,135.18498185728168,136.1591828439466,133.92417668871948,134.8609202828332,21547802
QQQ,2025-04-29 00:00:00+00:00,132.73451690962762,134.53283060709936,130.74576163278343,133.15039664459127,18569512
QQQ,2025-04-30 00:00:00+00:00,131.37013599045227,132.1973899766878,129.91961585706176,130.98667933499766,81655032
QQQ,2025-05-01 00:00:00+00:00,132.36521119145928,133.89811344540328,130.2798498688306,132.91484640146925,85704907
QQQ,2025-05-02 00:00:00+00:00,127.25582225066192,128.9522527507237,127.09633499177613,127.70702226264567,34918134
QQQ,2025-05-05 00:00:00+00:00,126.42768463773302,127.57097859551544,124.26251501661403,126.42807268484056,67674605
QQQ,2025-05-06 00:00:00+00:00,124.7750555960472,126.28615028811723,122.99544338818045,125.47060628080881,69813875
QQQ,2025-05-07 00:00:00+00:00,122.40371326934444,123.24077108880148,121.94021233191484,122.41006509931604,75833033
QQQ,2025-05-08 00:00:00+00:00,119.9556037571802,120.78553527858581,119.03356665365158,119.72273273713569,39235277
QQQ,2025-05-09 00:00:00+00:00,119.95682810469533,121.11939937022532,119.12756281187713,120.56020146664576,25037331
QQQ,2025-05-12 00:00:00+00:00,116.63132280286614,118.03954717830155,114.98224433609812,116.23256971050208,33041607
QQQ,2025-05-13 00:00:00+00:00,113.628208477415,114.18855772417304,111.55929978524387,113.87448271479713,87958050
QQQ,2025-05-14 00:00:00+00:00,112.43499315503252,113.07787670909364,110.02753473524335,112.20898043716994,78890497
QQQ,2025-05-15 00:00:00+00:00,112.41785059209073,112.89473028997695,110.9339063720758,112.3329385114639,34073633
QQQ,2025-05-16 00:00:00+00:00,108.76843223898318,110.53227187152575,108.43392175911116,108.96029187096457,20062878
QQQ,2025-05-19 00:00:00+00:00,111.25971115150782,112.1884997771672,109.080274346938,111.48392314023744,21206185
QQQ,2025-05-20 00:00:00+00:00,109.94496894578056,110.97970055882124,107.82859558476741,110.65947638344998,83772768
QQQ,2025-05-21 00:00:00+00:00,109.66133514359537,111.77928301341167,109.36807335017275,109.95357343596295,38744162
QQQ,2025-05-22 00:00:00+00:00,108.68759968898257,110.02339544057881,107.20403485164141,109.00767149781375,85308536
QQQ,2025-05-23 00:00:00+00:00,107.99897044704291,109.75739320394034,105.87384025940597,107.34052639547153,38120804
QQQ,2025-05-26 00:00:00+00:00,105.39138469929853,106.13910584234932,103.57043988305203,104.99373985075138,69830266
QQQ,2025-05-27 00:00:00+00:00,106.99829647499485,108.37126642620684,105.4171248701946,107.55558952883335,14659013
QQQ,2025-05-28 00:00:00+00:00,108.2611503802427,109.51930204136555,107.8216824373651,107.94015823670432,30425072
QQQ,2025-05-29 00:00:00+00:00,107.6766448885297,107.92684602877081,106.85166218042453,107.59043041801769,77720086
QQQ,2025-05-30 00:00:00+00:00,109.68398744391516,111.9930235418591,108.87085302374157,109.84432468510026,38334081
QQQ,2025-06-02 00:00:00+00:00,108.24805715153043,108.63061506573264,106.62274275467277,108.06392418326232,79613535
QQQ,2025-06-03 00:00:00+00:00,109.77287561607535,111.7872151260957,109.14388058288303,109.45106951806332,16566016
QQQ,2025-06-04 00:00:00+00:00,109.1651777892571,110.88213906174903,108.48272420247255,109.40208887387925,25793938
QQQ,2025-06-05 00:00:00+00:00,107.09502839172116,108.87229903875708,106.63123778498054,107.20847585635349,62060332
QQQ,2025-06-06 00:00:00+00:00,108.95067432646056,109.49428650811329,108.67901234157148,108.88582325724727,54068298
QQQ,2025-06-09 00:00:00+00:00,104.91547109921478,107.1972834460249,103.86701380591248,105.30714321498841,66039490
QQQ,2025-06-10 00:00:00+00:00,106.77027003735525,107.96411796411567,106.1783227151198,106.69896011552082,79650468
QQQ,2025-06-11 00:00:00+00:00,104.53106259013212,105.49096737088438,103.46886721608486,104.56519995002489,20221086
QQQ,2025-06-12 00:00:00+00:00,105.11740920940139,105.8797462779089,104.60049559400355,105.38843706998203,40242959
QQQ,2025-06-13 00:00:00+00:00,108.13460630139761,108.94076994304025,106.39928260897089,108.47912496709286,24470605
QQQ,2025-06-16 00:00:00+00:00,109.83036474780431,111.74044385531249,109.36455481210906,109.70695521833666,50722317
QQQ,2025-06-17 00:00:00+00:00,108.52000267665106,110.62775873277644,106.47396987478307,108.1670244829857,31863953
QQQ,2025-06-18 00:00:00+00:00,108.11330482541594,109.08061183532944,106.52449398503386,107.98142280281903,29521980
QQQ,2025-06-19 00:00:00+00:00,106.66033399117266,108.58318953875744,106.23294311236961,107.00519752910469,34244429
QQQ,2025-06-20 00:00:00+00:00,104.49180173433072,105.98319522705775,103.34765176932372,104.20113743745367,47437857
QQQ,2025-06-23 00:00:00+00:00,101.67776049836344,102.73346672284086,100.77505110760073,101.61460387498396,75431239
QQQ,2025-06-24 00:00:00+00:00,101.81614488153897,102.84714218407703,100.61285664689485,101.59229669250323,34986052
QQQ,2025-06-25 00:00:00+00:00,103.10663592329966,104.29338554470502,101.24189652366607,102.66065159720344,77095854
QQQ,2025-06-26 00:00:00+00:00,98.35599115943148,99.43986286375751,98.22979567053895,98.69119245240061,75940816
QQQ,2025-06-27 00:00:00+00:00,98.3638643645038,99.90938202490418,97.95597046275677,98.41675135625219,68797943
QQQ,2025-06-30 00:00:00+00:00,99.15591182855859,100.26818301071116,97.74071464520237,99.37961216952552,22734295
QQQ,2025-07-01 00:00:00+00:00,99.16332637334044,100.54361382085519,98.88906889926629,99.49028448030931,28492962
QQQ,2025-07-02 00:00:00+00:00,97.95670787471849,98.39299588523512,95.57163092962499,97.22835535461967,12637635
QQQ,2025-07-03 00:00:00+00:00,99.65139559666476,101.5984350830462,98.50522785229313,99.30353444189217,53079687
QQQ,2025-07-04 00:00:00+00:00,95.95589072957942,96.83505041972757,95.79377900169412,96.59575693670051,82061044
QQQ,2025-07-07 00:00:00+00:00,97.98501704496269,99.41771046667569,96.3039868876909,97.82998846466478,84328499
QQQ,2025-07-08 00:00:00+00:00,100.9322578480742,102.51453099515716,100.36135309423659,101.14374205522829,23775275
QQQ,2025-07-09 00:00:00+00:00,97.05518347161662,97.78753660265602,94.71086972383338,96.64096942361478,48594892
QQQ,2025-07-10 00:00:00+00:00,97.07598153437785,98.97434514206859,95.24827541615363,97.04651217318896,53936733
QQQ,2025-07-11 00:00:00+00:00,97.50623972745345,97.73601829861393,95.76854827055912,97.5707668823723,89000678
QQQ,2025-07-14 00:00:00+00:00,97.96264254956786,98.56834453978709,96.16913166353172,97.91124119632191,66723132
QQQ,2025-07-15 00:00:00+00:00,96.298665718641,97.01278982846308,95.930755267005,96.16137690713697,31315641
QQQ,2025-07-16 00:00:00+00:00,95.38715824396417,96.64608003696817,95.2334021881298,95.37715608502216,36143679
QQQ,2025-07-17 00:00:00+00:00,92.3269228166196,93.53199656511217,91.53115727470225,92.40349674090417,66292373
QQQ,2025-07-18 00:00:00+00:00,92.48359780613998,93.87550964055774,91.65221018536981,92.53200902091011,84322412
QQQ,2025-07-21 00:00:00+00:00,93.65279985681687,95.27755952845298,92.65520754763631,93.47471353128756,58065530
QQQ,2025-07-22 00:00:00+00:00,91.61300475533054,92.12769547205293,90.48259336306106,92.00188477943819,37030764
QQQ,2025-07-23 00:00:00+00:00,90.04216548452771,91.09253357049836,88.61098133724612,90.04334915104954,25597410
QQQ,2025-07-24 00:00:00+00:00,88.95200448159079,89.75956605647717,87.53073689985929,88.99242445590238,25759024
QQQ,2025-07-25 00:00:00+00:00,88.67841103213726,90.09266522317836,87.0224756035972,88.84030429587547,23520441
QQQ,2025-07-28 00:00:00+00:00,89.06427271938456,90.044967344997,87.5897097187825,88.82018250287824,15226792
QQQ,2025-07-29 00:00:00+00:00,88.0561924035129,89.15738331827974,86.50030944331671,88.4834264999132,86599305
QQQ,2025-07-30 00:00:00+00:00,88.35508728822575,88.57639202169607,88.11355209250185,88.47634664706861,81981383
QQQ,2025-07-31 00:00:00+00:00,85.59700596113049,86.4637288350149,85.46916600046121,85.87092004996713,39967312
QQQ,2025-08-01 00:00:00+00:00,80.98956902176674,81.75688899866215,80.05103915936148,80.82523573208458,27282939
QQQ,2025-08-04 00:00:00+00:00,81.63609652889764,82.38496120627167,80.18514642695497,81.77945869316136,81797768
QQQ,2025-08-05 00:00:00+00:00,84.21048419128297,84.90146913740661,83.4945789483698,84.19544384317817,51740377
QQQ,2025-08-06 00:00:00+00:00,81.64397615473337,82.73559507569284,81.27379049279105,81.52701697963516,46507803
QQQ,2025-08-07 00:00:00+00:00,79.75436606731553,80.8251875411115,79.4832740205053,80.233534430067,78451861
QQQ,2025-08-08 00:00:00+00:00,80.76038418431827,82.14684806736567,80.1932504372846,80.62443425873873,84631602
QQQ,2025-08-11 00:00:00+00:00,81.93745652905328,82.81367725503992,80.51090285036086,82.16738876624048,87445441
QQQ,2025-08-12 00:00:00+00:00,83.11021653863332,83.95962363476959,82.49621746130607,83.1896047922284,16950497
QQQ,2025-08-13 00:00:00+00:00,85.34044839737165,86.1649620084996,83.86189968124815,85.3765862297276,41596089
QQQ,2025-08-14 00:00:00+00:00,85.39373630340657,86.94459541374422,83.52743966102327,85.13673043590887,78420328
QQQ,2025-08-15 00:00:00+00:00,85.99553278480508,87.06972715825424,84.41128056020962,85.75922294919253,23787680
QQQ,2025-08-18 00:00:00+00:00,86.95064160834488,88.63124919924932,84.77901053635159,86.380964626272,88346789
QQQ,2025-08-19 00:00:00+00:00,85.49378304072148,85.58652121397157,84.9377773657679,85.43747779284858,72307330
QQQ,2025-08-20 00:00:00+00:00,87.38024806083874,89.21306525429182,86.9698219068876,87.5362768761166,66869258
QQQ,2025-08-21 00:00:00+00:00,88.40712644001142,88.99035013954483,87.9125808771453,88.5736214961887,65103249
QQQ,2025-08-22 00:00:00+00:00,90.53226498959573,92.16632446690284,90.19084751902814,90.31186219054177,20691558
QQQ,2025-08-25 00:00:00+00:00,89.94027304370698,90.10534458016004,87.73452093158313,89.40506699586908,50260083
QQQ,2025-08-26 00:00:00+00:00,91.37703397892265,92.95504227954163,90.81233307200507,91.26090688983051,89801895
QQQ,2025-08-27 00:00:00+00:00,88.86800201222803,90.21931464207007,87.71537107421571,89.05987156217559,39413459
QQQ,2025-08-28 00:00:00+00:00,89.75908780525826,91.01770903528792,89.09286550610223,89.66722316858996,74096549
QQQ,2025-08-29 00:00:00+00:00,84.69096264769365,85.40510704717073,83.65751531305133,84.61016357670336,58814343
QQQ,2025-09-01 00:00:00+00:00,82.65810670427572,83.35030670342752,81.88110276778127,82.64807419126561,26802478
QQQ,2025-09-02 00:00:00+00:00,83.59522648760321,84.16126745497998,82.3665674104835,83.82788747734541,33897376
QQQ,2025-09-03 00:00:00+00:00,82.08996086102717,83.1799624394233,81.69449382690942,82.8758368447912,87637770
QQQ,2025-09-04 00:00:00+00:00,82.87730237468818,84.11178336738,82.33981486404711,83.0438377731631,22287062
QQQ,2025-09-05 00:00:00+00:00,80.36840248701584,80.97102151430126,79.76287004711091,80.05356851255007,16899496
QQQ,2025-09-08 00:00:00+00:00,82.69152186466114,82.81944881520008,82.03336133349286,82.62594268852821,20220255
QQQ,2025-09-09 00:00:00+00:00,82.86047548805544,83.9023690077056,81.46506334476034,83.54977582522072,20386338
QQQ,2025-09-10 00:00:00+00:00,83.36038767976345,83.71301562338829,81.74937952636614,83.35883850180898,52560488
QQQ,2025-09-11 00:00:00+00:00,83.3838868063116,84.35550312222199,83.27651446611156,83.96326202076598,11196645
QQQ,2025-09-12 00:00:00+00:00,85.03940085689574,85.85826174488481,82.97208058503539,84.41200450590875,89488000
QQQ,2025-09-15 00:00:00+00:00,86.93598741444785,88.5268501430599,85.57575312257774,86.87418433708365,57387554
QQQ,2025-09-16 00:00:00+00:00,86.73312636905189,88.17507824234447,86.51589840388148,87.1247607985066,66479763
QQQ,2025-09-17 00:00:00+00:00,84.51123047136086,85.78444120684368,83.91898190950535,84.26010045230257,42308837
QQQ,2025-09-18 00:00:00+00:00,83.40732280248426,83.90313399877486,81.95247745831068,83.65179586937472,43866711
QQQ,2025-09-19 00:00:00+00:00,86.02673164574281,87.24465047009622,85.44408164821705,85.84666428955629,16859105
QQQ,2025-09-22 00:00:00+00:00,86.76134494332096,88.2741512726314,85.17077136905498,86.75433016966184,37275979
QQQ,2025-09-23 00:00:00+00:00,85.44418033523125,87.53030754929064,84.48213066072131,85.82244394764587,49445259
QQQ,2025-09-24 00:00:00+00:00,87.02142558431554,88.2861177857871,85.09541946319325,86.80579570993318,16814646
QQQ,2025-09-25 00:00:00+00:00,86.43757416512666,87.96123971844318,85.52226535096781,86.872198556017,80477630
QQQ,2025-09-26 00:00:00+00:00,88.30614492691447,90.00865368656747,87.55941926996842,87.8661752546274,49791136
QQQ,2025-09-29 00:00:00+00:00,84.78745151033448,85.08018849228425,83.70739969764578,84.7682914932483,17368643
QQQ,2025-09-30 00:00:00+00:00,82.68204538337616,84.33453760542777,81.89972585795535,83.00104676950343,34348477
QQQ,2025-10-01 00:00:00+00:00,83.4839495855995,85.28612274060761,83.28809261032815,84.05315772979367,61109949
QQQ,2025-10-02 00:00:00+00:00,84.00947290451151,85.25261270007,82.12317894276201,83.50534680294527,65031103
QQQ,2025-10-03 00:00:00+00:00,84.44844884775551,85.10203664538084,82.47416505439506,83.99309521366789,23491641
QQQ,2025-10-06 00:00:00+00:00,87.04583166345496,87.67628070723559,85.36447119347454,87.4564971078524,38225339
QQQ,2025-10-07 00:00:00+00:00,87.25395062164192,87.57574675548268,85.57239804804473,86.72061624330864,50860949
QQQ,2025-10-08 00:00:00+00:00,87.0749777883114,88.28205044042684,85.96936339339025,87.02064961488396,75667192
QQQ,2025-10-09 00:00:00+00:00,85.76307353574744,86.42876863733316,85.3596449513121,85.83401609514321,37416336
QQQ,2025-10-10 00:00:00+00:00,84.51277575781005,86.14916839473506,82.88009992549836,84.54023609909953,63856764
QQQ,2025-10-13 00:00:00+00:00,84.17287376603417,84.53673070335601,82.9134665370591,84.2573882357582,32066214
QQQ,2025-10-14 00:00:00+00:00,81.95854283643062,83.3085421923988,80.40575570343584,81.52275389680726,54993455
QQQ,2025-10-15 00:00:00+00:00,77.82288331663325,78.60642677921906,76.67518121649786,77.77925721482222,10979322
QQQ,2025-10-16 00:00:00+00:00,79.4073209160395,80.48458298465776,78.05812328692372,79.95763342353955,56273071
QQQ,2025-10-17 00:00:00+00:00,80.26353449271613,80.73231094354465,79.0419853537354,79.64083167028478,75341960
QQQ,2025-10-20 00:00:00+00:00,81.71518721789256,82.34562831197633,81.1924895412815,81.4468927127143,45475842
QQQ,2025-10-21 00:00:00+00:00,81.18760972449314,82.1705727541703,79.57737234842925,81.5191605317117,22239799
QQQ,2025-10-22 00:00:00+00:00,81.5297888196314,82.07085875849607,81.39946368071138,81.63847648699952,65307599
QQQ,2025-10-23 00:00:00+00:00,82.40072604517763,83.1067607479485,81.89311618001332,82.68007327855395,70392318
QQQ,2025-10-24 00:00:00+00:00,83.83533077598224,85.46606659429546,82.95351458367799,83.82073890516588,24778769
QQQ,2025-10-27 00:00:00+00:00,81.65798408103005,82.39337802718674,81.39412648171852,81.53790090763397,79540734
QQQ,2025-10-28 00:00:00+00:00,83.61233194173425,84.68573378048931,82.96206483931093,83.53801583369217,88689564
QQQ,2025-10-29 00:00:00+00:00,81.48812499164629,82.842626483954,80.05910916447009,81.6706582652378,43396538
QQQ,2025-10-30 00:00:00+00:00,81.64132894803002,82.48440579364052,80.58956717407617,81.88611714985899,11581013
QQQ,2025-10-31 00:00:00+00:00,86.63442641458185,88.26008352511852,85.31691785874703,86.36118424296787,67850976
QQQ,2025-11-03 00:00:00+00:00,86.32802215813534,86.92895034719982,86.2117533730664,86.36045762791963,25673745
QQQ,2025-11-04 00:00:00+00:00,90.10772782341154,90.52643997259294,88.5418244718428,89.35649692398275,17805139
QQQ,2025-11-05 00:00:00+00:00,88.27120745498779,88.70155679943446,87.97839331768564,88.53816496137838,61323896
QQQ,2025-11-06 00:00:00+00:00,89.8233949880318,90.36201671688345,88.81121002112758,89.55961319166609,66453641
QQQ,2025-11-07 00:00:00+00:00,89.51985899448134,89.71387867119137,88.75307674608206,89.50351154482104,20719716
QQQ,2025-11-10 00:00:00+00:00,89.89900518020625,91.3200511594039,89.08382655440603,90.15496427507756,18599249
QQQ,2025-11-11 00:00:00+00:00,88.81051305113832,89.8703237477662,87.74198773199977,88.36084069264466,30844349
QQQ,2025-11-12 00:00:00+00:00,86.52498945390691,86.64856274151927,85.11492742955788,86.48507424014429,32406030
QQQ,2025-11-13 00:00:00+00:00,86.67068514471856,88.61762740669693,85.8211403989571,86.96104307631578,50137329
QQQ,2025-11-14 00:00:00+00:00,83.84410024668041,85.19016659955923,82.31377645055468,83.94413987389778,11162886
QQQ,2025-11-17 00:00:00+00:00,82.60628656563172,83.5524692353751,81.67322093263562,82.2934985509479,70508199
QQQ,2025-11-18 00:00:00+00:00,82.91172221661691,84.87151720346942,82.60261148467,83.29287853873586,67449934
QQQ,2025-11-19 00:00:00+00:00,82.48035585802764,83.3931207515571,81.42193010604464,82.05768280908562,79158920
QQQ,2025-11-20 00:00:00+00:00,80.57335285040404,80.9235957016796,78.9563610851164,80.36764083886678,76318201
QQQ,2025-11-21 00:00:00+00:00,78.26083870125558,79.58131969326209,77.64884535942659,78.34235240109858,35341795
QQQ,2025-11-24 00:00:00+00:00,78.85337879392002,80.36330473666278,77.15397447369463,78.45561834775819,57344111
QQQ,2025-11-25 00:00:00+00:00,78.2190236486507,78.38631516268953,76.61014247099357,77.71109488224849,62618198
QQQ,2025-11-26 00:00:00+00:00,78.00227498308222,78.82704206602683,77.36807752419995,77.82806765607481,63225368
QQQ,2025-11-27 00:00:00+00:00,77.43083489837682,77.8413506775199,77.02279986138436,77.3814864792037,11850948
QQQ,2025-11-28 00:00:00+00:00,80.93744791431085,82.40851452483516,80.12975792335614,80.38236960880765,70139169
QQQ,2025-12-01 00:00:00+00:00,79.94048943757171,80.16592251517523,78.73780217623451,79.4960170797681,81250910
QQQ,2025-12-02 00:00:00+00:00,75.82826037138473,77.33445765491554,74.75169934330313,76.09209292713811,35898175
QQQ,2025-12-03 00:00:00+00:00,76.09311249193487,76.5264507255521,75.59197171354846,76.15202447769384,63738403
QQQ,2025-12-04 00:00:00+00:00,75.96447095121984,77.02804445565712,74.51091013640644,76.02569908040729,25141731
QQQ,2025-12-05 00:00:00+00:00,76.0339329889287,77.228377079522,75.93732142829738,76.15100068875641,82178513
QQQ,2025-12-08 00:00:00+00:00,73.03377363470821,74.58015725223889,71.87077003167008,73.44538111358814,23018947
QQQ,2025-12-09 00:00:00+00:00,75.3774296709987,75.52877080148073,74.80592729601747,75.1237226401181,26830717
QQQ,2025-12-10 00:00:00+00:00,74.96859682993042,75.73179524644216,73.44906171584157,74.94509927334944,34931256
QQQ,2025-12-11 00:00:00+00:00,74.77611844776088,75.02937269138114,74.53405915539186,74.74846528748417,49732854
QQQ,2025-12-12 00:00:00+00:00,72.50958579972898,72.7564445776535,70.79466746854415,72.129054368363,49948434
QQQ,2025-12-15 00:00:00+00:00,72.58704304073571,73.03753892158448,71.96071177848312,72.74106596810265,69497340
QQQ,2025-12-16 00:00:00+00:00,72.49972089236998,72.79154958400967,72.03251012309644,72.5151918957991,69242096
QQQ,2025-12-17 00:00:00+00:00,74.59677561585485,75.99653433594486,74.38797340359991,74.52027015139738,12019932
QQQ,2025-12-18 00:00:00+00:00,73.61356321359712,74.59192884252982,73.23319220584327,73.7330971717944,38006308
QQQ,2025-12-19 00:00:00+00:00,71.65297825694921,72.10005820694516,71.05955324393057,71.68281995989017,77288411
QQQ,2025-12-22 00:00:00+00:00,71.96438934439827,72.7002033508533,70.4105855492433,71.75815703404903,33179757
QQQ,2025-12-23 00:00:00+00:00,70.24453513742903,70.39042530131533,68.88277954795082,70.24681044713718,66623154
QQQ,2025-12-24 00:00:00+00:00,71.1076857805233,71.4706444862932,70.57657181631346,70.75437012598891,36688435
QQQ,2025-12-25 00:00:00+00:00,68.81908064879049,69.90473861011252,68.01545467151963,69.01350359460015,73045849
QQQ,2025-12-26 00:00:00+00:00,68.75773091806933,69.7338404823342,68.59451963834631,68.70571080275393,58558079
QQQ,2025-12-29 00:00:00+00:00,67.89081010761116,69.12318159299915,67.68906989355031,68.25638883303398,23000530
QQQ,2025-12-30 00:00:00+00:00,68.06007814540098,69.43220395985334,67.19557499119516,68.09029710121195,43468877
QQQ,2025-12-31 00:00:00+00:00,67.05240910167153,68.54822472969727,66.31417147520598,67.22970413678487,72163860
QQQ,2026-01-01 00:00:00+00:00,66.29714797814626,67.41398191782872,64.7655758983069,65.95974754043857,23157546
QQQ,2026-01-02 00:00:00+00:00,65.94756337605648,66.59707960930677,64.5687410777492,65.7636826677133,55358571
QQQ,2026-01-05 00:00:00+00:00,64.96602970149787,65.96556643865657,64.58047913302065,64.84202754551012,89288879
QQQ,2026-01-06 00:00:00+00:00,65.39376885996778,65.76874670837469,64.09642175886364,64.94349504284432,21992991
QQQ,2026-01-07 00:00:00+00:00,64.80628452042322,65.9359907197381,63.404663948367904,64.45660667881364,43971642
QQQ,2026-01-08 00:00:00+00:00,61.4932848085367,61.8395439040624,60.36617584186191,61.32767402892157,20562279
QQQ,2026-01-09 00:00:00+00:00,60.98360324376814,62.354377124102164,60.265311209729845,61.142237342995664,62650890
QQQ,2026-01-12 00:00:00+00:00,62.53641592639276,62.957523098017035,61.86519371107539,62.87834033631535,78617667
QQQ,2026-01-13 00:00:00+00:00,63.17247727832377,64.19850872908602,62.42383640493434,63.17954294588359,59399796
QQQ,2026-01-14 00:00:00+00:00,63.798994861505435,64.55605141372583,63.23438163270449,63.884461120859775,41879883
QQQ,2026-01-15 00:00:00+00:00,64.24281613534232,65.46282199547576,63.488788062244076,64.39958640897807,15006576
QQQ,2026-01-16 00:00:00+00:00,63.57922331139853,64.34265724718006,62.43853712004116,63.6487996941517,31763759
QQQ,2026-01-19 00:00:00+00:00,61.371712284410876,62.795955151686485,60.90457444959345,61.75623423125152,78575124
QQQ,2026-01-20 00:00:00+00:00,63.078000108347574,63.99007288148683,62.138002856416584,62.72594625291125,39458239
QQQ,2026-01-21 00:00:00+00:00,63.76957430776577,64.88643847209828,63.17504289403928,64.04461956410321,13172752
QQQ,2026-01-22 00:00:00+00:00,64.54950047740397,65.9477292421739,63.42221218289541,64.713267557172,64773108
QQQ,2026-01-23 00:00:00+00:00,65.33064326695495,65.54233094141108,64.82237311342327,65.1906964046497,27523856
QQQ,2026-01-26 00:00:00+00:00,65.22758310779645,66.85074766884563,64.61777175596853,65.63015149013751,20908810
QQQ,2026-01-27 00:00:00+00:00,65.70700827271037,66.42412274854871,64.47953153329306,65.47969358361424,10306358
QQQ,2026-01-28 00:00:00+00:00,65.98390412341755,66.93682975139966,65.19563644096819,65.75143973836757,22955358
QQQ,2026-01-29 00:00:00+00:00,65.57920017253628,66.55583224870861,64.44765909412575,65.65657549181444,85539696
QQQ,2026-01-30 00:00:00+00:00,65.73382698939156,66.55944252017063,64.99642352254463,66.0021162025889,61971295
QQQ,2026-02-02 00:00:00+00:00,64.46200420456961,65.28826981228079,64.27638348942253,64.57739769061757,88150186
QQQ,2026-02-03 00:00:00+00:00,63.1656724637479,64.84898885633766,62.66234934599668,63.60972978722429,81544423
QQQ,2026-02-04 00:00:00+00:00,64.61172073941417,65.27572186855777,64.03201875977138,64.27506319767993,87902087
QQQ,2026-02-05 00:00:00+00:00,63.718553016234424,64.89197577003199,63.11000695076807,63.70551491209141,63750437
QQQ,2026-02-06 00:00:00+00:00,60.241236506333045,60.479219948142244,59.764105074418126,60.40912872245121,11951842
QQQ,2026-02-09 00:00:00+00:00,60.260256276770455,61.187632728434494,59.81143075249222,60.46743940904361,85604807
QQQ,2026-02-10 00:00:00+00:00,57.62737621988084,58.4394629278798,56.53917298712605,57.502812631080666,45657947
QQQ,2026-02-11 00:00:00+00:00,60.12477360200929,60.636425662917524,58.70630205310544,59.78537551505226,32646477
QQQ,2026-02-12 00:00:00+00:00,60.31258666524733,60.75832457842307,59.38626495231895,60.604175281666606,70878366
QQQ,2026-02-13 00:00:00+00:00,61.23923810504541,62.35749550551605,60.286566876748076,61.372500706584276,38325964
QQQ,2026-02-16 00:00:00+00:00,60.01149555400397,61.33766954829023,58.93349842931901,60.41294823182331,39118979
QQQ,2026-02-17 00:00:00+00:00,59.037303791224524,59.52399719596864,57.801354810713384,58.88689794377462,39818200
QQQ,2026-02-18 00:00:00+00:00,58.560255978791425,58.727387391660514,58.27318912048435,58.52562905460558,32614560
QQQ,2026-02-19 00:00:00+00:00,58.953131885656774,59.95237907639733,57.39876803091263,58.45391032805852,38696203
QQQ,2026-02-20 00:00:00+00:00,57.38617242568732,58.31670289414413,57.15316780513969,57.41275828528561,40247468
QQQ,2026-02-23 00:00:00+00:00,57.41675836008415,58.480632825099725,57.06273991544621,57.51152406859684,31495616
QQQ,2026-02-24 00:00:00+00:00,58.10338376586621,59.22432084645578,57.17218578779718,58.259663864051475,70890951
QQQ,2026-02-25 00:00:00+00:00,59.09866228045212,59.45320903701966,58.68952474428087,58.90854080525821,73419073
QQQ,2026-02-26 00:00:00+00:00,57.17934517078938,58.27421521639045,56.07431286975602,57.53387028802673,54935468
QQQ,2026-02-27 00:00:00+00:00,55.02619678008823,55.56819492079534,53.84416269236798,54.870366448210184,32664485
QQQ,2026-03-02 00:00:00+00:00,54.83753924315999,55.299100507780174,54.73148453767194,54.78636050241147,47200077
QQQ,2026-03-03 00:00:00+00:00,53.83861653668987,54.4163647793258,53.133822248802154,53.9418273861705,46617666
QQQ,2026-03-04 00:00:00+00:00,54.18151517867669,55.11711416336697,53.174598185372815,54.36730218134129,47789694
QQQ,2026-03-05 00:00:00+00:00,56.422527176801715,57.5489631951297,55.56485504041055,56.19809331498765,28707793
QQQ,2026-03-06 00:00:00+00:00,58.49896133569004,59.082814288340806,57.43827144031258,58.089406169837865,89701065
QQQ,2026-03-09 00:00:00+00:00,58.25244957445338,58.81575297793301,57.5447423938596,58.35098951138909,64169428
QQQ,2026-03-10 00:00:00+00:00,59.76065455437677,60.53336616231504,58.95457668583257,59.64103826383011,36354048
QQQ,2026-03-11 00:00:00+00:00,62.059591398379446,62.86358389211513,60.909480012061756,61.652511606140656,38895120
QQQ,2026-03-12 00:00:00+00:00,61.47338495613479,62.15649945253095,60.617104908847075,61.618183308425685,65279963
QQQ,2026-03-13 00:00:00+00:00,61.81994457846622,62.700375928203435,60.63497739163459,61.87902462336238,63669357
QQQ,2026-03-16 00:00:00+00:00,62.6158716763722,63.75461149774905,62.4552873224601,62.906835568107034,36211727
QQQ,2026-03-17 00:00:00+00:00,62.730111565886034,63.71841134038473,62.38832728358491,62.765283019707944,36305598
QQQ,2026-03-18 00:00:00+00:00,61.99647149938404,62.274468790602064,61.92770998901686,62.01564558946512,74035932
QQQ,2026-03-19 00:00:00+00:00,60.85578750999601,61.76920005714989,60.71765227414927,60.95251979419204,18017848
QQQ,2026-03-20 00:00:00+00:00,60.70107652606976,61.41592989224558,60.407783486612416,60.87178514746223,41014297
QQQ,2026-03-23 00:00:00+00:00,59.632438970634226,61.055255059140485,58.550744814158236,59.9928564380223,67530970
QQQ,2026-03-24 00:00:00+00:00,60.611043781963964,61.69875595891215,60.18745487873199,60.92204494507892,11717987
QQQ,2026-03-25 00:00:00+00:00,60.185550480589974,61.40082971727609,59.43790435068431,60.409600043665165,85564745
META,2025-01-02 00:00:00+00:00,156.45846286587465,157.6619156539631,154.83591645435303,155.55256890334266,51848018
META,2025-01-03 00:00:00+00:00,155.5794614234191,157.6993530583875,154.39817553972364,156.14480718275783,75842222
META,2025-01-06 00:00:00+00:00,157.7601031895628,158.38831211978385,155.39844367986788,157.78876127649175,39598817
META,2025-01-07 00:00:00+00:00,157.91075695903643,159.23439156788848,156.89524324768303,157.77989544325385,56688577
META,2025-01-08 00:00:00+00:00,155.79477044288956,156.72524801429873,154.3120180235475,156.41508091948396,35923111
META,2025-01-09 00:00:00+00:00,158.65208507638724,161.5524035639971,155.89618934334285,157.98592167904445,72307101
META,2025-01-10 00:00:00+00:00,157.90899352294764,159.10291732215666,157.18661491005048,157.8218495623899,18816045
META,2025-01-13 00:00:00+00:00,155.0060540035755,157.92253494865315,154.17464123258011,154.75414277192561,84440793
META,2025-01-14 00:00:00+00:00,153.9307520223732,155.55298718662206,150.9549226613655,155.00007895144302,64356628
META,2025-01-15 00:00:00+00:00,150.43749412235908,153.57978438225175,147.80659182550966,151.52396529965915,13339398
META,2025-01-16 00:00:00+00:00,152.36163448696652,156.00535316147395,149.6479391672884,154.08716851851602,50902217
META,2025-01-17 00:00:00+00:00,155.2022887051022,157.45141416250203,153.3591794948495,155.3445707439471,83377758
META,2025-01-20 00:00:00+00:00,152.4885381609033,155.11125979404179,150.87466021346324,152.65249665357823,59896328
META,2025-01-21 00:00:00+00:00,153.62876340455227,154.00019097675795,152.7386399443324,153.20841078688542,59930258
META,2025-01-22 00:00:00+00:00,157.4936835799258,159.8634417964912,155.71483744703886,156.58571397739794,79541801
META,2025-01-23 00:00:00+00:00,150.63332399056733,151.0351472863586,150.16089582626066,150.8096487340744,55976885
META,2025-01-24 00:00:00+00:00,150.24498327659867,151.441869208495,148.57527367393612,150.42991857007152,56066930
META,2025-01-27 00:00:00+00:00,155.07219751112925,157.72386913864062,153.37993934602997,154.8163488728295,23881642
META,2025-01-28 00:00:00+00:00,151.55470628559945,153.34863159403073,150.0099373505025,150.65469333692218,80988890
META,2025-01-29 00:00:00+00:00,149.68357556094017,153.00888456152632,149.25278370829577,150.2018658892347,49077279
META,2025-01-30 00:00:00+00:00,146.83288866703097,149.38458219601696,144.74263934160166,146.48768828827878,75123096
META,2025-01-31 00:00:00+00:00,146.13564943225472,147.6252391908087,145.5976442593217,146.30241285462353,29565580
META,2025-02-03 00:00:00+00:00,140.051811640831,141.1513999374747,139.87750598242914,140.26085566731754,52221465
META,2025-02-04 00:00:00+00:00,136.73955471344505,137.4055584159925,135.59441864532567,136.31492943325742,88268957
META,2025-02-05 00:00:00+00:00,134.57689769427319,135.2681263090524,132.38920920156679,135.02460716267052,59542646
META,2025-02-06 00:00:00+00:00,134.7415356887509,137.31826823863636,132.92311114569586,135.34092993605597,11703172
META,2025-02-07 00:00:00+00:00,136.57403849624518,138.80222873083568,134.7563146600759,136.23118815857316,47625471
META,2025-02-10 00:00:00+00:00,137.20607064140498,137.5018375078195,136.4813865649954,137.24021775676633,14722790
META,2025-02-11 00:00:00+00:00,139.8559207162399,141.4724646329833,138.4736720401474,140.02435815622545,41010259
META,2025-02-12 00:00:00+00:00,141.64310852554334,144.11872606700064,141.47479855069454,141.73966735216086,43543192
META,2025-02-13 00:00:00+00:00,143.8421556223888,145.73364774421688,142.54663962468035,143.57757919991906,68506446
META,2025-02-14 00:00:00+00:00,140.8863003519661,142.37422340129532,139.46214377554625,141.11607636965022,59632829
META,2025-02-17 00:00:00+00:00,141.1277084303852,143.81459263080723,140.3310954076912,140.71688234208113,58084632
META,2025-02-18 00:00:00+00:00,149.03216252153635,150.37821713057596,147.01828147492162,148.80703659777458,79660220
META,2025-02-19 00:00:00+00:00,155.74449690082753,156.8244561616269,153.39129208801322,154.84810813997055,39581125
META,2025-02-20 00:00:00+00:00,157.88348402497954,159.5329740679988,156.79119526351036,157.10989560251485,80456060
META,2025-02-21 00:00:00+00:00,159.67895552533832,160.8908576234285,158.55142176106696,159.1556201179048,62227907
META,2025-02-24 00:00:00+00:00,161.7816984790234,163.3047915791768,160.11879689149248,161.9364328572924,42072380
META,2025-02-25 00:00:00+00:00,160.82966623409482,162.50916891535465,157.87551285153904,160.7765467645315,52854577
META,2025-02-26 00:00:00+00:00,165.99023115265928,166.82044601500792,165.64480668627493,166.40902269641632,18722821
META,2025-02-27 00:00:00+00:00,167.16153732674755,169.2454792888664,163.36721709111538,165.29817628395338,18902247
META,2025-02-28 00:00:00+00:00,164.87650833631778,167.03817186201923,163.82063240413396,165.04636970589118,85827593
META,2025-03-03 00:00:00+00:00,171.84713675674777,174.34229119889756,170.0527843778577,171.48970781108295,69595993
META,2025-03-04 00:00:00+00:00,166.17360880096908,167.1067617325211,162.2353315853755,165.29748772810586,47181949
META,2025-03-05 00:00:00+00:00,165.41287233200492,166.63935104623275,163.26823516439708,166.3435597290374,49732157
META,2025-03-06 00:00:00+00:00,160.79409773030432,163.68128465395299,159.76482730254781,161.3499147135721,70505179
META,2025-03-07 00:00:00+00:00,159.21366299669486,160.7652194755505,157.6878182558376,159.48776184027344,84266179
META,2025-03-10 00:00:00+00:00,158.5615039728522,161.1842143168819,155.44657233241904,159.2172248139637,39973016
META,2025-03-11 00:00:00+00:00,157.39263108834646,159.1896409409242,154.64149001989793,158.21741461495077,81928116
META,2025-03-12 00:00:00+00:00,158.34139430124992,159.90051375124696,156.90214824407875,158.69116807860593,17520725
META,2025-03-13 00:00:00+00:00,157.32912462339314,158.2725300075064,154.80837340930302,156.54046246048892,19098191
META,2025-03-14 00:00:00+00:00,156.6741469649343,158.29737854516432,154.72533429799614,156.24221776764,88667421
META,2025-03-17 00:00:00+00:00,152.98605272166535,155.02195797524288,152.39443235346872,152.9850503664066,31288698
META,2025-03-18 00:00:00+00:00,151.92510583627947,152.75938494643123,148.97971043267523,151.9279620575305,47006950
META,2025-03-19 00:00:00+00:00,147.22696493451144,149.27028609864502,146.4387405453762,148.23184348864532,65724999
META,2025-03-20 00:00:00+00:00,150.3496529663838,151.82095848861871,149.17697130159956,149.9512931567121,24519211
META,2025-03-21 00:00:00+00:00,146.77252307741793,148.86139137186973,146.08774527771172,146.54169112449603,26025789
META,2025-03-24 00:00:00+00:00,147.67921445778006,149.52960848602913,144.88894260148138,148.34085805036332,64071284
META,2025-03-25 00:00:00+00:00,147.34844730756882,147.67003575750095,144.53893066706402,147.24549435009348,75935760
META,2025-03-26 00:00:00+00:00,146.31281434338925,148.03475367037322,144.39558936551703,146.4444859750139,11019649
META,2025-03-27 00:00:00+00:00,149.19944516925403,150.9685884277153,147.5516643056397,149.52863269225088,63882415
META,2025-03-28 00:00:00+00:00,149.1924055041286,152.79173969512638,147.3961594545369,149.80424839982786,29806864
META,2025-03-31 00:00:00+00:00,144.43252454485705,146.58391767342076,143.27164667162126,144.84251028644812,86044261
META,2025-04-01 00:00:00+00:00,145.55081287209623,146.39488728753855,142.9443287994135,146.12053822618878,11141424
META,2025-04-02 00:00:00+00:00,139.01661710886384,140.85625096947453,137.16951004014106,138.7779022557834,38105567
META,2025-04-03 00:00:00+00:00,139.61242553205273,139.9718144382785,137.01939512996202,139.42614603739133,80851192
META,2025-04-04 00:00:00+00:00,138.58800331141072,139.7073575105435,136.46162607637083,138.42674402261267,65049554
META,2025-04-07 00:00:00+00:00,134.90314020213347,135.24353724632482,133.02797468458806,135.0184937533951,64453596
META,2025-04-08 00:00:00+00:00,134.95978269607315,136.87569690415867,133.1039322989782,135.197132070623,58170799
META,2025-04-09 00:00:00+00:00,135.5303501299898,136.11082968316828,132.33176646827218,134.44828102838733,31305113
META,2025-04-10 00:00:00+00:00,138.26197087091865,141.9558917779933,135.98696843708814,139.3170575139299,64536398
META,2025-04-11 00:00:00+00:00,138.8693868286063,139.51850508403822,136.29227650718795,138.22462831412912,53873440
META,2025-04-14 00:00:00+00:00,143.2561008785759,146.03440831054957,142.05613167182722,143.0711449544965,85855141
META,2025-04-15 00:00:00+00:00,146.64579404799952,149.33856215950865,145.7432059924158,146.62309986501515,44245829
META,2025-04-16 00:00:00+00:00,144.71364845263335,146.5989490775062,144.03019018092746,145.02658552007046,38192682
META,2025-04-17 00:00:00+00:00,142.78131132852798,144.32716755773617,140.31634431437243,142.92375750388462,16909267
META,2025-04-18 00:00:00+00:00,145.60017108485243,147.53997889505337,144.11067854700903,146.3120891862803,28512350
META,2025-04-21 00:00:00+00:00,145.11868197582987,148.16932831058782,144.97266079287664,145.94638676553106,34682888
META,2025-04-22 00:00:00+00:00,146.26793739853258,147.01985621612658,144.4568059496137,146.35091494802032,74374039
META,2025-04-23 00:00:00+00:00,144.69452827627183,146.80399132709744,142.17565127649604,145.67711374633095,67202136
META,2025-04-24 00:00:00+00:00,143.01992234772675,143.3224339843028,139.9274047544236,142.55824218562952,22092502
META,2025-04-25 00:00:00+00:00,142.2181267540896,143.51505591696537,138.93665995722995,141.6034138886362,14501765
META,2025-04-28 00:00:00+00:00,137.25806470801692,139.83540423173784,134.85540838654512,139.19016610198065,54106052
META,2025-04-29 00:00:00+00:00,134.5733137186551,137.93216939348574,133.98688788994733,135.43056415737365,56224081
META,2025-04-30 00:00:00+00:00,134.843821631648,136.13297224590383,133.25845640247812,134.71303241879508,84083831
META,2025-05-01 00:00:00+00:00,139.16231547228804,139.89066002476767,137.04991852118434,139.06068895331248,58373926
META,2025-05-02 00:00:00+00:00,143.1678435190235,144.05536202125674,141.22838174938067,143.12071247176047,77746841
META,2025-05-05 00:00:00+00:00,143.17622035818496,143.80426198096717,141.83460550343332,142.9515143760367,34748059
META,2025-05-06 00:00:00+00:00,143.6984616467973,144.08516102236894,143.04246791280033,143.28703821571818,65311605
META,2025-05-07 00:00:00+00:00,145.07833474229474,145.37025700699363,141.99547909701087,144.59397417669345,88632656
META,2025-05-08 00:00:00+00:00,149.18170983509762,151.36175742159173,145.7996853880816,148.13783381241265,11125651
META,2025-05-09 00:00:00+00:00,148.97067958769935,149.41731871381384,146.37050939842797,148.97145179355726,12802517
META,2025-05-12 00:00:00+00:00,148.18827509238795,150.7061421824773,146.46492374900913,147.69447856338158,88395819
META,2025-05-13 00:00:00+00:00,145.6854280860955,149.49678775058914,144.85312502858653,146.65369131561096,20459303
META,2025-05-14 00:00:00+00:00,149.5488310512896,152.39327961350813,147.00052742634128,149.6439326442493,46203753
META,2025-05-15 00:00:00+00:00,155.98145785775438,157.44600684128724,153.88556215190232,156.7632759338966,89426439
META,2025-05-16 00:00:00+00:00,155.85356835474204,158.35757132589518,152.88633091501976,155.00641665518938,33281557
META,2025-05-19 00:00:00+00:00,150.7910082345073,152.65332578518078,149.16468506940566,149.41147507188663,78786664
META,2025-05-20 00:00:00+00:00,151.89454221842465,154.775885037019,151.12194315057988,151.58226357780256,15374186
META,2025-05-21 00:00:00+00:00,150.56003218392394,152.3579408534954,148.2085509058324,151.36340780070265,73181231
META,2025-05-22 00:00:00+00:00,151.6447545538731,153.62568026259225,148.94735050893317,151.72901987530852,21539213
META,2025-05-23 00:00:00+00:00,155.1165958712073,157.08764785673628,153.91757212250917,155.11449766122342,60492156
META,2025-05-26 00:00:00+00:00,155.39895366466277,156.11435402698493,152.5629537864306,155.2916462635434,13646605
META,2025-05-27 00:00:00+00:00,152.28171660019157,154.17071910256573,150.9686935987956,151.63658836399944,87427373
META,2025-05-28 00:00:00+00:00,146.9326173294779,149.10410002984864,144.62957936915606,146.38878956805894,54794947
META,2025-05-29 00:00:00+00:00,144.6896372814927,148.64266362569145,143.58484484462474,146.25437852687566,52330175
META,2025-05-30 00:00:00+00:00,144.0110367823111,146.49672328224335,141.6461003909705,143.24236516529794,40461735
META,2025-06-02 00:00:00+00:00,143.6784693864638,144.1953921994803,142.997796295549,143.9786905642495,87594245
META,2025-06-03 00:00:00+00:00,140.39089718422352,142.88829156357727,139.22888714312117,140.71948326528772,33549487
META,2025-06-04 00:00:00+00:00,140.60312215386952,141.61037885454542,138.458001829395,139.82447962688826,85758686
META,2025-06-05 00:00:00+00:00,136.01946592155207,138.29482531775994,134.38607144707333,136.1781547258947,75461779
META,2025-06-06 00:00:00+00:00,134.53211406724193,135.81097810371318,133.87358912314042,135.28691084451088,16714337
META,2025-06-09 00:00:00+00:00,133.47589677462207,135.2937564393404,131.80687561831246,134.20045870827022,16401465
META,2025-06-10 00:00:00+00:00,135.6498146075067,136.83243199133918,134.95007830174717,135.6315742597283,59441090
META,2025-06-11 00:00:00+00:00,139.42078112442752,141.40250784321222,136.21411347493222,138.92981973470484,43758691
META,2025-06-12 00:00:00+00:00,139.2832265388676,141.05212171779235,137.69168235501317,138.46510125625366,38173626
META,2025-06-13 00:00:00+00:00,136.22675834823758,138.5770232299548,135.80678123229882,136.33284213972712,74252661
META,2025-06-16 00:00:00+00:00,140.91584018721525,141.35116491370187,140.04897655857468,141.19375201726552,38208436
META,2025-06-17 00:00:00+00:00,143.01835333052077,143.93424528580417,140.433201983218,142.1091597102902,76392474
META,2025-06-18 00:00:00+00:00,143.39336644324555,145.8223586928641,142.0342819146438,143.66982554263842,18965446
META,2025-06-19 00:00:00+00:00,146.0743687781926,146.8851719312766,143.27600164004522,145.24090360740564,66728779
META,2025-06-20 00:00:00+00:00,149.2015008073079,151.7424745687948,148.61538281705253,149.07557601825235,52767703
META,2025-06-23 00:00:00+00:00,151.92491709426972,152.97307281149557,150.453337052952,151.79496597200978,51923930
META,2025-06-24 00:00:00+00:00,153.4885120585302,155.7481521826466,151.71340719653014,153.6473614042226,83098474
META,2025-06-25 00:00:00+00:00,155.94251673200858,156.26209755337638,152.73153943685477,155.77199402032244,22719855
META,2025-06-26 00:00:00+00:00,153.08643936663807,156.20896237579663,150.35496202937875,153.3855205213656,10799529
META,2025-06-27 00:00:00+00:00,151.2893971154443,152.1912835357719,149.49490881580672,151.7154476300379,41625199
META,2025-06-30 00:00:00+00:00,151.3265147920366,152.75678506352585,150.31152134551428,151.42233292210815,57410648
META,2025-07-01 00:00:00+00:00,151.26484683530532,152.94672823108382,150.78355442080814,151.67323719469326,68324700
META,2025-07-02 00:00:00+00:00,151.89214861464703,152.91976905740026,149.74666792095184,151.7214553191169,42359272
META,2025-07-03 00:00:00+00:00,152.6011435243939,154.30802215954,150.77767332542388,152.56304071191389,72463815
META,2025-07-04 00:00:00+00:00,152.45993316182182,154.30796478773402,150.93365870431592,152.6339500648269,51281165
META,2025-07-07 00:00:00+00:00,151.3303715353865,153.90220938589383,149.10819426202747,151.46515551579515,58827052
META,2025-07-08 00:00:00+00:00,146.96451604495525,149.97664638826913,145.51817900465005,147.11241122790537,23257597
META,2025-07-09 00:00:00+00:00,150.3613370402175,152.79927672030726,146.97605914609966,149.33625662509468,81897052
META,2025-07-10 00:00:00+00:00,150.90010139177699,153.14459010201645,149.92191483916233,150.91943204729756,14089725
META,2025-07-11 00:00:00+00:00,148.1896403218346,149.26302787980677,147.11954698139084,148.556106923019,55168311
META,2025-07-14 00:00:00+00:00,149.69782532770745,150.64316636126702,146.95320484438653,149.8888556901532,23027090
META,2025-07-15 00:00:00+00:00,151.3405763042494,151.52767994876973,149.14275411252524,150.95447714995782,77808369
META,2025-07-16 00:00:00+00:00,151.01611095211464,151.56931572361074,148.12504246541206,151.1512148001858,15449785
META,2025-07-17 00:00:00+00:00,146.13886950322254,148.5619022059438,145.82205376549942,146.2404785791009,82374681
META,2025-07-18 00:00:00+00:00,142.94715667913403,143.40476674953788,140.292475097438,143.10702489944168,35834498
META,2025-07-21 00:00:00+00:00,141.6509099217332,142.5178181758269,141.27486418445434,141.570771583618,23443611
META,2025-07-22 00:00:00+00:00,145.94959622586788,147.15862863525243,143.5191110876736,145.73544036966885,16254474
META,2025-07-23 00:00:00+00:00,143.74632725336204,144.31938582453174,141.78253756949803,143.50505790092885,21661135
META,2025-07-24 00:00:00+00:00,141.66762212594304,143.67665783524745,141.1991140771684,142.61376764776972,26573649
META,2025-07-25 00:00:00+00:00,139.18674232960302,140.60617123550344,138.2464948806606,139.79642854568277,89031925
META,2025-07-28 00:00:00+00:00,137.09601933675995,139.7811213798845,135.70915530258415,138.565296634154,34287670
META,2025-07-29 00:00:00+00:00,139.853639489966,140.46787106278404,137.80221950333623,139.42004075015927,33682045
META,2025-07-30 00:00:00+00:00,134.90359420041023,135.10415210550207,132.94207954251763,134.32110906208797,65946850
META,2025-07-31 00:00:00+00:00,128.29794154236362,130.64128407330267,127.45278875362071,127.64643848428163,45874357
META,2025-08-01 00:00:00+00:00,129.23535266421746,131.18827594253085,126.60331335349483,129.17348073209575,79110808
META,2025-08-04 00:00:00+00:00,129.83541020198123,131.86511439611652,128.25994149191035,129.25400478822422,43893012
META,2025-08-05 00:00:00+00:00,127.82491165157111,128.60275894015382,125.94204755626296,127.85611682354379,60024266
META,2025-08-06 00:00:00+00:00,130.02568591420214,132.5537684509627,127.60097502582181,130.10100947534806,77863937
META,2025-08-07 00:00:00+00:00,131.56152074581223,134.61809594461377,128.99453158629078,132.3897612768585,81718074
META,2025-08-08 00:00:00+00:00,127.08346620326961,128.61129440438273,126.51292135992537,127.49449968117553,10999452
META,2025-08-11 00:00:00+00:00,126.79692333327797,127.93600847394846,124.52062612351389,127.10989084200293,50040472
META,2025-08-12 00:00:00+00:00,130.12951760521426,132.22037800976457,128.2730336625025,129.66594458154975,49257950
META,2025-08-13 00:00:00+00:00,128.95279732500535,129.13279390964144,126.39270837957429,128.11560919025354,41179486
META,2025-08-14 00:00:00+00:00,127.14349808620727,128.90739858237606,126.42213350980762,127.3944957479663,46934894
META,2025-08-15 00:00:00+00:00,129.7765522268382,132.0462702261089,129.11163485038506,129.59604188500032,49892601
META,2025-08-18 00:00:00+00:00,129.10193631604756,131.46915582607195,127.42381163547594,128.9721247567737,17876823
META,2025-08-19 00:00:00+00:00,125.82315790137231,128.569103378516,123.53820786674855,126.22567615069696,59700381
META,2025-08-20 00:00:00+00:00,123.8065773653564,125.81682737005193,122.69799673883328,124.67647272823311,45698417
META,2025-08-21 00:00:00+00:00,121.36073237135395,121.89702731591376,119.04163681836727,121.73898360665441,11071848
META,2025-08-22 00:00:00+00:00,122.23814348596339,123.8962750617898,120.47680456882583,122.95638851128348,79941923
META,2025-08-25 00:00:00+00:00,119.03991153616967,119.93356441199981,118.87844048198457,119.20209664236417,83754872
META,2025-08-26 00:00:00+00:00,121.28671110108797,122.82262281659251,119.01329802851883,121.36743062248767,14118318
META,2025-08-27 00:00:00+00:00,117.7311075133078,119.56902746514511,117.36194187775811,117.82805214581578,67693109
META,2025-08-28 00:00:00+00:00,117.83118137975532,120.23577179939565,117.21643312084431,117.92227433752073,30024374
META,2025-08-29 00:00:00+00:00,115.06172727946216,115.87459525882912,113.5084443362426,114.85149467198741,22517005
META,2025-09-01 00:00:00+00:00,113.76254675549613,115.10079709678865,111.61794045187608,114.19925581523103,58623778
META,2025-09-02 00:00:00+00:00,116.7175319774957,117.02596369134203,115.90240592673135,116.31667956793136,47058293
META,2025-09-03 00:00:00+00:00,117.88192658512952,120.68396554949474,117.09745805136741,118.6868334975995,53462133
META,2025-09-04 00:00:00+00:00,121.52100963849892,122.79388710905891,121.2765675195875,121.5033208380236,61220893
META,2025-09-05 00:00:00+00:00,121.48315576795981,122.14283755835702,120.98356363917526,121.30744857647294,70788173
META,2025-09-08 00:00:00+00:00,121.14303919282318,122.8226497938353,120.03041040892528,121.54015239210283,61416595
META,2025-09-09 00:00:00+00:00,121.25726501117245,123.29372983041755,119.80945608685262,122.04756799685462,37376410
META,2025-09-10 00:00:00+00:00,123.70692934165766,125.7517513745598,122.08368633750233,123.40536573637121,49971061
META,2025-09-11 00:00:00+00:00,122.17788491252819,123.17749227220912,121.94558395447253,122.52059426468534,19850948
META,2025-09-12 00:00:00+00:00,125.34455863037266,126.6770666420486,123.82457769252284,124.96781613597057,46705226
META,2025-09-15 00:00:00+00:00,126.07231399804695,127.2641228604576,124.51412604388199,125.70013501582693,39605915
META,2025-09-16 00:00:00+00:00,128.29518431824403,128.6850097569615,125.88735783554759,128.31207004044134,11015800
META,2025-09-17 00:00:00+00:00,129.40286325938672,129.8865066538183,128.46842419679473,129.4177056309407,76429826
META,2025-09-18 00:00:00+00:00,131.5062680478996,132.23933592286485,129.29612869545255,131.00405415895028,36200408
META,2025-09-19 00:00:00+00:00,129.4727705539194,130.67164001342687,127.96474526017062,129.29254848248834,44853612
META,2025-09-22 00:00:00+00:00,127.83419553085015,129.8089971432653,125.81599857699555,128.32627261102118,58596643
META,2025-09-23 00:00:00+00:00,125.44664731186919,127.34841338211439,123.81182008460382,125.37636737679327,41732073
META,2025-09-24 00:00:00+00:00,124.97117423293496,127.25716408243717,122.23359166384279,124.70913995438619,15913183
META,2025-09-25 00:00:00+00:00,124.39970209734824,124.7404446810308,122.68379390718393,124.31278368698871,72547781
META,2025-09-26 00:00:00+00:00,126.27643909943362,128.7386033193853,125.2493500815904,126.19485750905366,87321954
META,2025-09-29 00:00:00+00:00,123.28008635951191,124.45665273395032,122.17223460085819,123.36611509245431,56833918
META,2025-09-30 00:00:00+00:00,130.68201157392133,132.82831757913877,128.42576379011953,130.75810567735567,83863421
META,2025-10-01 00:00:00+00:00,129.96859760360292,131.4233712754622,128.9295751973322,130.46948635136803,20943246
META,2025-10-02 00:00:00+00:00,132.67932389657435,135.44029370305194,130.21044726708908,133.45534870955336,16370606
META,2025-10-03 00:00:00+00:00,136.56905408790894,138.48451491411896,134.6995688187223,135.97370652942124,40437923
META,2025-10-06 00:00:00+00:00,129.59794470771106,130.11932248772723,127.14589439373216,129.94193197221637,72156627
META,2025-10-07 00:00:00+00:00,129.42823718938732,131.70109766859443,128.82911984532583,129.32784594012534,84510231
META,2025-10-08 00:00:00+00:00,131.99216466298867,133.04433658085333,129.89394962478622,132.80112367864845,12341875
META,2025-10-09 00:00:00+00:00,127.19451796636318,128.51194350944212,125.9271743788011,127.12823826499283,19285394
META,2025-10-10 00:00:00+00:00,128.45824562768297,129.55837501037556,127.77619230862706,128.89737030224862,70978102
META,2025-10-13 00:00:00+00:00,128.27299296747572,129.84332728317565,125.2389283755915,126.78791050867254,84160918
META,2025-10-14 00:00:00+00:00,125.20147884070683,126.28597242000721,124.93458764074957,125.72535848880145,34669280
META,2025-10-15 00:00:00+00:00,125.73145209241184,127.81790625810716,125.12825129433661,126.23072885478614,74366671
META,2025-10-16 00:00:00+00:00,122.50362895292845,124.41817799026988,119.97188013895554,122.05879956673866,69878814
META,2025-10-17 00:00:00+00:00,123.02754325483188,124.53823153161021,121.14491067264429,122.48637914545198,62463235
META,2025-10-20 00:00:00+00:00,120.03799808837725,123.1147262031147,119.14654812035383,121.06682498716398,23157656
META,2025-10-21 00:00:00+00:00,119.54942629108533,120.53546762023299,118.99455002453436,119.44152068754059,38181324
META,2025-10-22 00:00:00+00:00,121.36531955825333,123.02820611668224,120.46619687795588,120.95577646159302,62491298
META,2025-10-23 00:00:00+00:00,128.1928285411926,130.0589042326927,127.5046601553939,128.83470954183943,43698323
META,2025-10-24 00:00:00+00:00,129.96681206465732,132.3573858832169,128.36443696376662,129.62861249672005,78798990
META,2025-10-27 00:00:00+00:00,130.63243250240023,131.2889893494541,130.4520182590551,130.92181748895806,82273306
META,2025-10-28 00:00:00+00:00,130.2633892831163,133.0893467641549,129.62533154752848,130.79760494565738,15288572
META,2025-10-29 00:00:00+00:00,128.90632058217253,129.2630666059314,127.72885970826408,129.10103398111676,62931986
META,2025-10-30 00:00:00+00:00,129.4452039008466,131.9358771624461,127.1449715393002,129.69805451099052,86580738
META,2025-10-31 00:00:00+00:00,132.53373793518352,133.63510436517896,130.22147944415084,133.28575582219264,84476520
META,2025-11-03 00:00:00+00:00,134.9095797585482,136.831355690041,131.22498152038284,133.7346121937998,18510133
META,2025-11-04 00:00:00+00:00,135.6279020334761,136.28759337224167,134.91226704162577,135.88940403058155,78339913
META,2025-11-05 00:00:00+00:00,134.9113761282898,137.4704703593541,134.45802585931088,135.32859483197387,11069639
META,2025-11-06 00:00:00+00:00,142.06612335690588,142.80896412221688,139.17513718534684,141.6013682361474,33100665
META,2025-11-07 00:00:00+00:00,137.39759202294516,137.77402228748565,135.43625849363676,137.45294842752065,75810370
META,2025-11-10 00:00:00+00:00,139.62032595892748,142.06802581756466,138.11022443413324,138.8997089243641,11728537
META,2025-11-11 00:00:00+00:00,140.0863093604353,141.92791636701975,138.79305318251463,140.25137557546512,51015567
META,2025-11-12 00:00:00+00:00,141.0955364933859,143.50826848366142,138.2984194430128,140.91488105759663,51995480
META,2025-11-13 00:00:00+00:00,138.13555118421576,140.3523211698263,135.81869097846356,138.10030133131033,12803910
META,2025-11-14 00:00:00+00:00,135.3625340733315,135.7403866634448,132.74649900085214,135.28852683383076,53019882
META,2025-11-17 00:00:00+00:00,134.57733821089934,135.08557580456585,133.17987057058818,134.7043578205799,62423224
META,2025-11-18 00:00:00+00:00,134.8604488962652,136.8995898537922,134.2320913182769,134.93196934052838,49593411
META,2025-11-19 00:00:00+00:00,132.8679475035122,135.13581183190487,130.52011944492435,132.00402643991248,50679178
META,2025-11-20 00:00:00+00:00,129.11567725607796,130.05381378887836,128.7083858741643,129.4806913975991,19364198
META,2025-11-21 00:00:00+00:00,130.47874917521096,133.11228521188661,130.0580954014574,130.7777291444241,89590288
META,2025-11-24 00:00:00+00:00,133.01654165008281,133.41374140787602,132.65360658660967,133.21382924252111,83148677
META,2025-11-25 00:00:00+00:00,132.14127315538155,134.20298868877964,131.09470277598507,131.8577635545588,88090657
META,2025-11-26 00:00:00+00:00,130.38491876574332,132.069945183308,129.65693701826766,130.19256944882838,70249999
META,2025-11-27 00:00:00+00:00,128.94378259372058,130.01621717104678,127.72385721478383,128.4815031773685,80300252
META,2025-11-28 00:00:00+00:00,133.5929942503521,135.43326115984254,131.69501346461408,134.32334598028484,48058776
META,2025-12-01 00:00:00+00:00,135.61583445809168,136.54396301654324,133.62584182053314,135.49201989357,51849903
META,2025-12-02 00:00:00+00:00,135.19994903221746,136.66831561937425,134.99857462509718,135.3103099394325,49319041
META,2025-12-03 00:00:00+00:00,137.58884055001113,139.20882503907552,135.2057308747853,137.76142813778225,75492219
META,2025-12-04 00:00:00+00:00,143.62708308470124,144.22123380933428,141.17034880577046,143.5503535532255,13396829
META,2025-12-05 00:00:00+00:00,145.42132685139245,146.768062483384,142.66693717962772,146.58384973855536,68918957
META,2025-12-08 00:00:00+00:00,142.976982132534,144.55130698069104,142.10440305832677,142.83872399295956,30100209
META,2025-12-09 00:00:00+00:00,142.65836583563666,143.31738844148217,140.47227178779036,142.59311781409446,31801962
META,2025-12-10 00:00:00+00:00,140.71374349371322,141.93831318872566,139.0839062267886,141.53235807899074,68930558
META,2025-12-11 00:00:00+00:00,140.56453053992706,141.44864340638853,138.5369050745907,140.63389517058167,69815372
META,2025-12-12 00:00:00+00:00,138.38694959884188,138.90518726508685,135.0587129408388,137.55729556517687,64040425
META,2025-12-15 00:00:00+00:00,136.33632890380986,138.94393149981835,135.9896694191109,136.5623359869571,33660699
META,2025-12-16 00:00:00+00:00,134.19203495491658,135.06701651752883,131.61855610134234,133.89259175912318,68962186
META,2025-12-17 00:00:00+00:00,134.54876252186318,136.4769803127894,132.21875212588174,134.684804312478,43616275
META,2025-12-18 00:00:00+00:00,134.31515325785026,134.92426071987234,132.5347650434625,134.76450830292146,75441312
META,2025-12-19 00:00:00+00:00,130.84897462049855,133.1250873656029,129.71973799441884,131.34367178940047,16389894
META,2025-12-22 00:00:00+00:00,127.11897406445452,129.77048347389123,125.68474168109347,127.33432895057888,45916794
META,2025-12-23 00:00:00+00:00,126.84491056108061,128.79147719154645,125.74587761600797,126.2088070831868,20941290
META,2025-12-24 00:00:00+00:00,128.06760008100736,130.05425482170807,125.73457981141992,127.66914063978162,80495630
META,2025-12-25 00:00:00+00:00,128.4070558516263,129.93345995184976,126.93383802827347,128.78236507921014,50102765
META,2025-12-26 00:00:00+00:00,129.09169204564526,130.39159033133083,127.06362554386185,128.59746934986185,22620382
META,2025-12-29 00:00:00+00:00,121.05364810731886,123.3248173676663,119.30131888804333,121.12895030611298,77028014
META,2025-12-30 00:00:00+00:00,119.6811966217578,120.68356023460096,119.33149642847826,120.02373541669145,41620477
META,2025-12-31 00:00:00+00:00,118.59086341999881,119.8485424394921,118.17745848050559,118.40247535680481,73534983
META,2026-01-01 00:00:00+00:00,117.22062872514097,119.4070052445011,116.83831271376425,117.65926272659769,51151326
META,2026-01-02 00:00:00+00:00,114.34011566716487,115.9221307374109,114.05193829751265,115.06909642758166,22547290
META,2026-01-05 00:00:00+00:00,114.71742829454183,115.86088253622752,112.29254606711248,114.14519449500732,48560324
META,2026-01-06 00:00:00+00:00,111.92625840434681,112.94379186452235,111.53280027284883,112.75521865739505,53403564
META,2026-01-07 00:00:00+00:00,118.62612610506864,120.28243630817288,117.41930695802714,118.38555265080159,60191258
META,2026-01-08 00:00:00+00:00,119.13032784383144,120.36836244865113,117.52458074011886,119.86774729623251,34530987
META,2026-01-09 00:00:00+00:00,119.3925466195626,120.12654053595064,118.6881530661588,119.41989213871246,20917898
META,2026-01-12 00:00:00+00:00,119.17853900444884,119.91452012510958,116.99490334125164,119.28546508950097,26387813
META,2026-01-13 00:00:00+00:00,118.77857462131158,120.74175492031762,116.5973105009048,118.99901532901265,41693759
META,2026-01-14 00:00:00+00:00,118.32665241734937,120.39815798757647,117.32986142050862,119.37305300679407,39277372
META,2026-01-15 00:00:00+00:00,118.40833883055414,120.82833378746447,116.97017163204464,118.4726400503139,83175136
META,2026-01-16 00:00:00+00:00,118.37343191847947,120.3205790654407,116.487941841683,118.40393337513817,64396723
META,2026-01-19 00:00:00+00:00,120.14489520424733,122.82331674191141,117.78377442300362,120.58662266173508,89869164
META,2026-01-20 00:00:00+00:00,122.33144107886687,124.09785651446253,120.59888977295856,122.37779093047612,84021868
META,2026-01-21 00:00:00+00:00,123.49970709174539,124.16289000547256,121.8556096901481,123.02992524994951,15067075
META,2026-01-22 00:00:00+00:00,125.61908359251164,126.89188601047208,125.38997319308989,125.99080393826267,17786729
META,2026-01-23 00:00:00+00:00,126.58373707093267,127.5848738464246,124.80019567494823,126.46886459182356,15057555
META,2026-01-26 00:00:00+00:00,123.63678721563916,124.81721970811572,121.96455893091364,124.21512019094257,33446526
META,2026-01-27 00:00:00+00:00,120.4949613051255,121.68394241794678,118.62054712178438,120.32608312917773,37631777
META,2026-01-28 00:00:00+00:00,119.08093970572142,120.989848289406,117.88886837044264,118.79327843694865,69852963
META,2026-01-29 00:00:00+00:00,119.7779946748527,121.08539529898623,116.56687653514496,118.62748992836634,21935780
META,2026-01-30 00:00:00+00:00,119.86680611817823,120.36531979063741,117.98760965052564,119.45194009211123,49824668
META,2026-02-02 00:00:00+00:00,121.96127292529692,123.7812728535255,120.7642783591107,121.76568715332827,74008039
META,2026-02-03 00:00:00+00:00,121.13664020453129,123.47911917301603,119.80127387559426,120.47848628158457,41028910
META,2026-02-04 00:00:00+00:00,118.2295161798193,119.89702572715588,118.04261691306569,118.70803813241022,44936415
META,2026-02-05 00:00:00+00:00,120.83784568486689,121.28396961157627,118.5925457393762,120.3406542903373,74128813
META,2026-02-06 00:00:00+00:00,122.6164891614627,124.72191770871723,121.75791321856929,122.89347270988347,67993050
META,2026-02-09 00:00:00+00:00,121.49613816817896,123.17577077128253,119.40333264607108,121.80630205083902,11447896
META,2026-02-10 00:00:00+00:00,123.03624897342966,125.04854356562781,121.6466512755511,122.51854450221339,29870624
META,2026-02-11 00:00:00+00:00,125.66966118923034,127.24151834079129,124.71071407866538,125.56606341193026,85708413
META,2026-02-12 00:00:00+00:00,126.91046283295076,129.13987434121145,124.25567769140659,126.26206625970354,41555034
META,2026-02-13 00:00:00+00:00,125.37092908803544,126.26474966791348,124.34016859868893,126.104232485649,31769120
META,2026-02-16 00:00:00+00:00,121.5469885365429,123.17072009696388,119.03209118427208,121.42803156388032,40596084
META,2026-02-17 00:00:00+00:00,124.06681244147423,125.88220902959165,122.60955736597106,124.33642642278129,77747658
META,2026-02-18 00:00:00+00:00,125.61157924736047,127.7439967341445,123.24872897132038,125.75738109429363,75731389
META,2026-02-19 00:00:00+00:00,125.05086246270798,126.65991533198732,124.63656739500423,126.01026787515121,76786070
META,2026-02-20 00:00:00+00:00,125.37465439779604,126.89456602509301,124.68884105264081,124.92423736635064,84135164
META,2026-02-23 00:00:00+00:00,122.20329009922023,122.94579063196603,121.95980789190111,122.1129824954304,77024652
META,2026-02-24 00:00:00+00:00,121.37726954107659,123.73094567706875,119.23557384944937,121.8615896752062,37289964
META,2026-02-25 00:00:00+00:00,120.93920766967717,121.90080964988934,119.72255102999526,121.59508398531622,59527488
META,2026-02-26 00:00:00+00:00,123.55994546576537,124.49074767923443,121.7142600176993,123.995434497606,41472718
META,2026-02-27 00:00:00+00:00,121.93880671328417,124.25073215738654,119.94937211761071,121.2810122758105,61911921
META,2026-03-02 00:00:00+00:00,124.3859487166646,126.31395832066953,121.97521535995874,124.44528431040156,25528640
META,2026-03-03 00:00:00+00:00,124.3177844148007,125.21218749866043,122.28033374600638,124.49141976378898,13850641
META,2026-03-04 00:00:00+00:00,127.39096381652439,128.27413603052383,125.8684649374681,127.15390946795482,30424198
META,2026-03-05 00:00:00+00:00,124.91082680946958,126.06952421986041,124.35668939908439,124.9145319025915,44167874
META,2026-03-06 00:00:00+00:00,125.77108252940673,126.45471222581088,124.62258977355825,125.6656400394764,81982112
META,2026-03-09 00:00:00+00:00,128.79737311434653,129.26940993556502,127.34917992196085,128.43071092680054,60030082
META,2026-03-10 00:00:00+00:00,128.8219297622584,131.32466301334222,127.65472409417615,128.66319123553086,85223562
META,2026-03-11 00:00:00+00:00,125.68632051760154,126.31774455807984,123.43583916635873,125.26180454839071,31841759
META,2026-03-12 00:00:00+00:00,123.89277118158564,126.37886214759357,121.79910808517687,124.48520191213365,64795830
META,2026-03-13 00:00:00+00:00,125.68396901399055,127.52471986126262,123.55367110713075,125.66086463607341,64496782
META,2026-03-16 00:00:00+00:00,122.31748870454156,124.33058777679226,121.73772446271317,122.49589630308536,49267406
META,2026-03-17 00:00:00+00:00,119.35610420792032,120.16260266241257,118.8117773745598,119.31309480868867,54195508
META,2026-03-18 00:00:00+00:00,119.7636916535424,120.41523816833147,118.11818735970242,119.78932011935447,39597639
META,2026-03-19 00:00:00+00:00,117.42125756871587,119.21861155549264,115.6681440624013,117.72171849332103,63395780
META,2026-03-20 00:00:00+00:00,118.97609452679848,121.5182786191418,117.08544960669222,119.1457394964557,82420110
META,2026-03-23 00:00:00+00:00,117.04294806339003,118.02438803401996,114.49575340449351,116.61463921073789,78498481
META,2026-03-24 00:00:00+00:00,112.53542932110533,113.36659303188631,111.70428097747524,112.78560954068722,43846973
META,2026-03-25 00:00:00+00:00,110.63934591125522,112.37267302007703,110.38598253798392,111.18799538669481,36745448
TSLA,2025-01-02 00:00:00+00:00,163.86814169524988,167.3088370630567,162.89822632399412,164.7721636944307,20900526
TSLA,2025-01-03 00:00:00+00:00,162.57547853196186,164.9296845131522,161.62443034454412,162.86245999536328,64239959
TSLA,2025-01-06 00:00:00+00:00,161.32859079980165,162.56134481622493,159.9760521451074,160.8364140524981,54370265
TSLA,2025-01-07 00:00:00+00:00,163.08140898669578,164.89677847109826,160.94108850874147,163.51779402542087,39036346
TSLA,2025-01-08 00:00:00+00:00,166.3601355871444,167.5631404051123,163.05035224994486,166.30446938231367,69904509
TSLA,2025-01-09 00:00:00+00:00,167.76164601212082,170.06348110504874,166.616746648951,167.78156812149408,44984903
TSLA,2025-01-10 00:00:00+00:00,170.28607658032797,173.25736111294364,168.457818601524,169.91789931427124,42208111
TSLA,2025-01-13 00:00:00+00:00,171.6891798272612,172.96583764270596,169.2423594397515,171.81542894353177,19005694
TSLA,2025-01-14 00:00:00+00:00,171.68687989694936,174.92753156623056,170.5133455192227,171.7864180576055,57018539
TSLA,2025-01-15 00:00:00+00:00,164.72492336363752,166.78730947871193,164.1638616142876,165.30721329465968,34871154
TSLA,2025-01-16 00:00:00+00:00,158.00068807430537,159.63370319662596,155.66470891109137,157.76811572209968,34375843
TSLA,2025-01-17 00:00:00+00:00,150.0125087084578,151.46982135228794,148.85148298678814,150.58557058057826,67161169
TSLA,2025-01-20 00:00:00+00:00,151.70320687287284,152.1050197155885,150.47109034411122,150.63264549308911,85420574
TSLA,2025-01-21 00:00:00+00:00,150.102707271729,150.8392259781338,149.01608871925822,150.1151471357338,54107924
TSLA,2025-01-22 00:00:00+00:00,149.73641540122213,150.73818016586955,147.08471684765,149.87400495759834,84581423
TSLA,2025-01-23 00:00:00+00:00,151.25848423851662,152.66755850020542,150.46838486696817,150.77132228597168,84163090
TSLA,2025-01-24 00:00:00+00:00,150.173464904464,151.78579231301947,147.4801895863461,150.22580815195923,48035884
TSLA,2025-01-27 00:00:00+00:00,147.37022152772371,149.8828540458849,145.44966562240973,147.31686521274878,30413134
TSLA,2025-01-28 00:00:00+00:00,142.9242867794467,144.07460712492718,140.5197667314686,142.95507836517484,81995725
TSLA,2025-01-29 00:00:00+00:00,137.173922608615,139.7219029514625,135.57434751527038,137.58303588404777,28324837
TSLA,2025-01-30 00:00:00+00:00,140.75807895623547,142.11490913204682,138.71687672764696,141.2920230209619,22373849
TSLA,2025-01-31 00:00:00+00:00,143.75689089027657,145.62391896418112,141.19219324079845,144.1702007217773,68989069
TSLA,2025-02-03 00:00:00+00:00,140.98043148857948,141.3264873117836,139.73083940834098,140.32940217087148,68683425
TSLA,2025-02-04 00:00:00+00:00,139.3412161200463,142.20810323156965,138.91042598648832,139.70059499251573,86535770
TSLA,2025-02-05 00:00:00+00:00,140.9283087629848,142.24973108976963,139.2576386307901,141.16311620721316,11469184
TSLA,2025-02-06 00:00:00+00:00,145.8457116348438,148.0393204049113,144.372439250254,146.1147330916442,39371096
TSLA,2025-02-07 00:00:00+00:00,144.8771610910691,146.5688467015733,142.89121240326904,144.4640883442058,53123524
TSLA,2025-02-10 00:00:00+00:00,146.34403337991486,147.84762968110496,144.0275907115835,145.1655142364342,41484326
TSLA,2025-02-11 00:00:00+00:00,148.32714904016507,149.7164536460886,145.41720243774375,148.89129648880638,11030533
TSLA,2025-02-12 00:00:00+00:00,144.08217284369383,146.48241841016693,141.96546650133172,143.75906346757338,14369732
TSLA,2025-02-13 00:00:00+00:00,141.8112495537516,143.22606117438804,139.95561894746388,141.74193248431692,44634954
TSLA,2025-02-14 00:00:00+00:00,141.61534447164402,142.28783867886662,141.39701354857885,141.79138201806975,28757017
TSLA,2025-02-17 00:00:00+00:00,140.125375038471,140.5314104489364,138.9610500075026,139.83592079020994,39599890
TSLA,2025-02-18 00:00:00+00:00,145.55149860758297,147.85993735073242,144.62481132433535,146.3133134558181,82752059
TSLA,2025-02-19 00:00:00+00:00,149.66939559457845,151.4261721069326,146.19807836430027,149.1606669051896,10846002
TSLA,2025-02-20 00:00:00+00:00,150.08130433024257,151.01878707963644,149.4035417338768,149.94577327943193,88151841
TSLA,2025-02-21 00:00:00+00:00,146.53457799475677,147.9393254566604,144.9816329811601,147.135716028345,89070962
TSLA,2025-02-24 00:00:00+00:00,150.9734314088948,153.50584606000425,147.76006113391807,149.99417516565558,49270646
TSLA,2025-02-25 00:00:00+00:00,152.6921379370518,154.828998457695,150.2127617490572,152.16183622945928,20069198
TSLA,2025-02-26 00:00:00+00:00,151.42025757164384,151.984952077853,148.37114982808134,150.70277786058642,78325431
TSLA,2025-02-27 00:00:00+00:00,148.6172819421741,151.9528157957438,147.44803782629046,149.50813599315953,73709111
TSLA,2025-02-28 00:00:00+00:00,145.00937255451484,145.47429810571478,144.4153351551823,145.17077026533738,27313594
TSLA,2025-03-03 00:00:00+00:00,144.786126974634,147.565938707323,144.01473601486424,145.09672137763746,42250358
TSLA,2025-03-04 00:00:00+00:00,148.28728388019192,150.7927151802669,146.21583006545578,147.9079291268608,61838690
TSLA,2025-03-05 00:00:00+00:00,152.0372010412631,152.54666512703227,149.5537150880329,151.19848235485077,89357305
TSLA,2025-03-06 00:00:00+00:00,152.0136766265281,156.2470263484075,150.6878183309911,153.20904233967795,83072896
TSLA,2025-03-07 00:00:00+00:00,156.0532135811881,158.87878091720046,153.1597684803847,156.0402731941946,87903984
TSLA,2025-03-10 00:00:00+00:00,154.21979095500652,154.97792994367794,152.89128838825334,154.2993921621619,37988092
TSLA,2025-03-11 00:00:00+00:00,153.58161673094668,155.6420776795984,152.18564155593572,152.9559335356654,53600729
TSLA,2025-03-12 00:00:00+00:00,156.9945772661565,158.56411837779746,155.0445664529927,157.0207093111291,61033448
TSLA,2025-03-13 00:00:00+00:00,157.84980781237746,159.2707089932189,155.9466865071376,158.67599585787113,26601941
TSLA,2025-03-14 00:00:00+00:00,156.1056311653605,156.9991642721216,153.62146612923053,156.2299675624606,69525843
TSLA,2025-03-17 00:00:00+00:00,157.37004706213608,158.81748109412928,155.53880425221152,158.0402896210036,39293205
TSLA,2025-03-18 00:00:00+00:00,160.4621799558448,163.19064372135313,160.27762887249816,160.97457735842113,21258920
TSLA,2025-03-19 00:00:00+00:00,163.5696001294646,165.51096224494935,161.87412150422307,163.5413943135341,85833527
TSLA,2025-03-20 00:00:00+00:00,163.75766569585693,167.27081714728763,163.02052922125148,164.08053787246803,30730950
TSLA,2025-03-21 00:00:00+00:00,162.6762140142469,163.78540001023347,161.6030761679323,162.49066209885592,84568750
TSLA,2025-03-24 00:00:00+00:00,163.00201714497643,165.68261848316757,160.45401917399082,164.02046306495274,57449016
TSLA,2025-03-25 00:00:00+00:00,171.71810650689162,173.10310385218676,166.8207548405251,170.10287422615016,36775005
TSLA,2025-03-26 00:00:00+00:00,171.68242920349837,173.10042381504087,167.7994412297464,170.80116807394285,30723245
TSLA,2025-03-27 00:00:00+00:00,169.10345819216636,171.1477856972253,167.68543797098525,168.608509329577,64101507
TSLA,2025-03-28 00:00:00+00:00,169.08063914917022,172.68783264972686,167.54259998264936,169.98001215772484,22846808
TSLA,2025-03-31 00:00:00+00:00,164.3674002790901,168.15165121124002,161.5152169671233,165.83147266651577,16457840
TSLA,2025-04-01 00:00:00+00:00,166.20605656246204,167.3273163645289,163.38282857658965,166.79517593857761,22886215
TSLA,2025-04-02 00:00:00+00:00,165.76599573797773,166.95956296968413,165.41758159161648,165.9237234644582,65894896
TSLA,2025-04-03 00:00:00+00:00,170.98874693915556,173.19535430236706,168.37608356531635,169.44222838620647,72623254
TSLA,2025-04-04 00:00:00+00:00,170.88500462268556,173.52906708153944,167.89388129431816,169.9767517497323,69596728
TSLA,2025-04-07 00:00:00+00:00,173.5389576154564,176.9538204965106,172.72041250773148,173.9127239296068,46802942
TSLA,2025-04-08 00:00:00+00:00,183.5426860023824,184.985332721445,182.3869718412938,182.64018700119067,24958995
TSLA,2025-04-09 00:00:00+00:00,182.9032320888076,184.68062830528004,181.0463064603945,181.99228180561113,54454552
TSLA,2025-04-10 00:00:00+00:00,179.03925842094898,179.38239825888454,177.00703731801866,179.02788377192726,87201751
TSLA,2025-04-11 00:00:00+00:00,181.8294121970374,183.80419607325686,178.2916078955988,180.92897262292618,60850531
TSLA,2025-04-14 00:00:00+00:00,181.01825356598061,182.24580349546974,178.05780511247025,180.77428051696003,15534263
TSLA,2025-04-15 00:00:00+00:00,180.99993662662445,183.4818047418241,178.87272769677944,181.48618895967897,36005726
TSLA,2025-04-16 00:00:00+00:00,178.5334205091487,181.62181101878608,176.32425768752643,179.39554121467873,39178124
TSLA,2025-04-17 00:00:00+00:00,181.56947191041354,182.43360362847753,179.5909835435728,181.66084439563775,62592016
TSLA,2025-04-18 00:00:00+00:00,182.84174987507296,183.28745855448454,179.169102265397,182.0986700987986,19043574
TSLA,2025-04-21 00:00:00+00:00,173.2845933156645,176.78590814075017,170.9701253066988,174.25052204095337,46146816
TSLA,2025-04-22 00:00:00+00:00,172.41598507244538,176.11457361598855,170.00762120351007,173.55966861722433,84311853
TSLA,2025-04-23 00:00:00+00:00,175.32951297860419,178.7948946937762,171.75938447562572,174.93613996722033,17398563
TSLA,2025-04-24 00:00:00+00:00,177.45771978831465,181.3488438560717,176.88417242442583,179.451959531318,57555553
TSLA,2025-04-25 00:00:00+00:00,178.79734077308876,179.20519735953098,177.16792849453856,177.47444884462405,51888278
TSLA,2025-04-28 00:00:00+00:00,174.38424516922728,175.1295306518874,172.44758785001227,174.69863216823694,30883780
TSLA,2025-04-29 00:00:00+00:00,179.63342748553148,183.12569051532543,177.3990178453002,179.09684104028088,49922519
TSLA,2025-04-30 00:00:00+00:00,178.34948332272035,181.01868975604535,173.77188573333927,177.00336018787056,65103558
TSLA,2025-05-01 00:00:00+00:00,176.5020558058497,178.29116107440572,175.29084725468286,177.55573345081993,24104626
TSLA,2025-05-02 00:00:00+00:00,178.70625683105226,181.10010294131723,176.23062920824572,179.477452225907,86781855
TSLA,2025-05-05 00:00:00+00:00,184.0955009273668,184.9638624419027,179.83052872535282,182.42263766560467,88918519
TSLA,2025-05-06 00:00:00+00:00,182.40982583854537,185.49971118012348,181.40078492790826,182.62243309074532,13846192
TSLA,2025-05-07 00:00:00+00:00,178.51636664541476,181.27131202834397,178.30939860554446,178.60974479962007,51944024
TSLA,2025-05-08 00:00:00+00:00,182.74281220213172,186.14453350590767,180.93874519311998,182.57321121945793,59320368
TSLA,2025-05-09 00:00:00+00:00,181.88043017182483,184.33406823304372,180.22215419495814,181.09775314697103,81914649
TSLA,2025-05-12 00:00:00+00:00,180.28185188303956,181.84897215779117,178.48115860095479,179.30979857219097,66280060
TSLA,2025-05-13 00:00:00+00:00,187.2050575569378,190.6347617502262,185.29694868902052,187.12099374381316,49665044
TSLA,2025-05-14 00:00:00+00:00,190.4836046049842,192.32515585662233,189.64469594269977,190.7451184187206,48378996
TSLA,2025-05-15 00:00:00+00:00,186.72830011302796,189.55407623953118,184.55484188020378,186.75616097897037,40917347
TSLA,2025-05-16 00:00:00+00:00,185.2922308383728,186.25039682532508,182.71201521835187,185.06273385120548,44546686
TSLA,2025-05-19 00:00:00+00:00,185.27292155343181,186.4324349828325,182.45482897605234,184.28584586512895,27995293
TSLA,2025-05-20 00:00:00+00:00,181.70129761723342,183.97167294343964,179.4718012671473,181.6006340392947,66918151
TSLA,2025-05-21 00:00:00+00:00,175.96230691519116,177.1209723393714,173.8317962489548,174.66204184306716,57787204
TSLA,2025-05-22 00:00:00+00:00,177.13328956319285,180.83957103832014,175.0192891943102,177.75720272146327,53294159
TSLA,2025-05-23 00:00:00+00:00,181.20155265060856,183.16087147384678,177.6942350624403,180.808194856416,53503164
TSLA,2025-05-26 00:00:00+00:00,183.1946376349911,186.6096945991972,178.77364653910698,181.88833797627808,43311335
TSLA,2025-05-27 00:00:00+00:00,181.48773430265308,183.74339883946274,179.97878025710776,180.53682737173526,78456416
TSLA,2025-05-28 00:00:00+00:00,181.74086170438318,183.9128054322384,180.19352730316047,181.49408464015056,62426683
TSLA,2025-05-29 00:00:00+00:00,183.41412348241766,186.03506062772885,180.73035650573175,184.07875735635986,26754682
TSLA,2025-05-30 00:00:00+00:00,179.7692465427907,181.14018791275294,177.57114652708248,180.2944526790891,58544389
TSLA,2025-06-02 00:00:00+00:00,179.0969365996545,180.58438314059427,177.60215558541657,179.21168919223976,43103852
TSLA,2025-06-03 00:00:00+00:00,177.52274697186687,180.72275810737642,174.3131389221334,177.2975365646478,17044671
TSLA,2025-06-04 00:00:00+00:00,179.85308252293908,182.53429289292947,176.6144197577633,180.03657796076092,37407593
TSLA,2025-06-05 00:00:00+00:00,180.09513136592284,184.0059714621634,177.99023436754354,181.17395782937598,38703680
TSLA,2025-06-06 00:00:00+00:00,175.9748731407641,178.0781681031596,174.96395479603018,176.5076618669028,68153520
TSLA,2025-06-09 00:00:00+00:00,174.78159188415265,175.62820719458944,171.04787206903083,174.4123152450865,81508211
TSLA,2025-06-10 00:00:00+00:00,181.6996390720473,184.62632790447995,179.247174102852,181.0811432077225,42502235
TSLA,2025-06-11 00:00:00+00:00,176.6053297973487,179.20847142232847,175.2676517249053,177.62191460181066,22723943
TSLA,2025-06-12 00:00:00+00:00,178.0645170985277,181.14590004347846,177.457345919535,178.33011015998582,68574722
TSLA,2025-06-13 00:00:00+00:00,174.95867364845762,176.56658108524664,171.65012578887743,176.1646228387521,51736181
TSLA,2025-06-16 00:00:00+00:00,180.5169230572691,182.32559336359327,177.96818504733216,180.93417152565013,12718045
TSLA,2025-06-17 00:00:00+00:00,183.46517955705218,185.91499005336928,180.41939114402635,180.84492602181376,60963511
TSLA,2025-06-18 00:00:00+00:00,179.40955022103034,182.7619112997268,178.5646610681928,179.36290464551152,43033208
TSLA,2025-06-19 00:00:00+00:00,174.94097940453912,176.03218970567016,171.69358436808648,175.18843211947842,19602301
TSLA,2025-06-20 00:00:00+00:00,174.02355115267463,177.87257725945025,173.5996535295579,174.44356018287536,82028615
TSLA,2025-06-23 00:00:00+00:00,176.73284868837217,180.06718457501913,174.28682759550944,177.61181797064825,26012335
TSLA,2025-06-24 00:00:00+00:00,178.88297313797798,181.1178748815704,176.76953195125256,180.25319282868116,60512619
TSLA,2025-06-25 00:00:00+00:00,175.4870173057837,175.74265616146323,173.64433896693785,175.51728516641572,35823330
TSLA,2025-06-26 00:00:00+00:00,181.22680614983406,184.81432747024007,178.6645394675241,181.43185200228132,41941637
TSLA,2025-06-27 00:00:00+00:00,181.74357797262672,184.25768307672263,179.3164870496921,180.6519500941111,57953473
TSLA,2025-06-30 00:00:00+00:00,175.70642512401474,179.49557041394488,173.44087919612582,176.8902328871017,12260300
TSLA,2025-07-01 00:00:00+00:00,177.8150734139579,179.38938465422478,174.36408283016237,177.49887373655383,20101052
TSLA,2025-07-02 00:00:00+00:00,176.325367342726,176.79583162878328,173.28012324035836,175.36326361315625,26568009
TSLA,2025-07-03 00:00:00+00:00,172.01937432922162,175.15763319560762,170.13196415915286,173.4076004243261,71351991
TSLA,2025-07-04 00:00:00+00:00,171.74441013820424,174.01619511853866,169.12186830886026,171.28355682519478,30757128
TSLA,2025-07-07 00:00:00+00:00,169.96685132460541,172.1666547420004,169.19536100606322,171.09390183717937,64568021
TSLA,2025-07-08 00:00:00+00:00,169.82023478841433,173.08582709970125,168.21493304091857,169.45823360659318,71032152
TSLA,2025-07-09 00:00:00+00:00,164.67141430176625,167.25730376278568,161.29204850682845,163.68345135358086,74255318
TSLA,2025-07-10 00:00:00+00:00,165.584316613877,165.81076993104074,163.6318861914082,165.5868920456547,59882457
TSLA,2025-07-11 00:00:00+00:00,164.12182307665736,165.20455923371765,163.397909546429,163.92933468223262,29288764
TSLA,2025-07-14 00:00:00+00:00,167.68620481914883,171.20880012576313,164.75300087466266,168.16327370451884,27646878
TSLA,2025-07-15 00:00:00+00:00,170.36331324198503,172.9523203889413,168.66199014943336,170.16196679276672,53324480
TSLA,2025-07-16 00:00:00+00:00,173.27186700962648,176.08658362790248,171.49162770105335,172.47315752766917,25511406
TSLA,2025-07-17 00:00:00+00:00,173.11887039604028,174.0414082176942,172.45381262584962,173.24840978322638,78715225
TSLA,2025-07-18 00:00:00+00:00,177.98442977445225,181.24391261358983,174.6785918153576,178.08593566537644,58972267
TSLA,2025-07-21 00:00:00+00:00,177.29194675928105,179.68718703465007,174.37522580276826,177.00932599067656,44925963
TSLA,2025-07-22 00:00:00+00:00,174.1157089983437,175.6275237139914,172.33720915084538,173.53146808067862,26321756
TSLA,2025-07-23 00:00:00+00:00,173.727855458128,177.34307953026908,172.91884298026113,174.89838210849598,55628038
TSLA,2025-07-24 00:00:00+00:00,165.48288317969946,166.41715592743756,162.6001120873845,165.4422325472673,43875328
TSLA,2025-07-25 00:00:00+00:00,163.83934169919968,167.26624056718578,163.21880383276056,164.29949296527312,42814064
TSLA,2025-07-28 00:00:00+00:00,165.48140214622177,165.89451796654623,163.34333669535783,165.14581141875885,71302811
TSLA,2025-07-29 00:00:00+00:00,164.53836922473045,165.5398605068957,161.59973264330833,163.84362992693886,69199067
TSLA,2025-07-30 00:00:00+00:00,168.49056863712295,170.95826845229664,165.10809118317485,168.27559237194288,58051912
TSLA,2025-07-31 00:00:00+00:00,171.75369000748537,173.2905636329686,168.45222390477804,170.85062406212458,60228583
TSLA,2025-08-01 00:00:00+00:00,170.67376121447012,174.4152299618378,170.1539928206324,171.3680885096199,67320121
TSLA,2025-08-04 00:00:00+00:00,169.78673062163568,172.9134568906021,167.93871186462454,170.07074361961014,70113196
TSLA,2025-08-05 00:00:00+00:00,173.37912706126835,176.5078599205242,170.2041531514015,174.08354876867745,62022240
TSLA,2025-08-06 00:00:00+00:00,171.81468569461094,173.16216434043562,170.71914175199828,171.77271411509074,87554322
TSLA,2025-08-07 00:00:00+00:00,170.48335980254373,172.07663153836856,169.96062464619285,170.4160716915853,55332918
TSLA,2025-08-08 00:00:00+00:00,173.04286389874144,174.44603712792053,172.67731225810428,173.18287585793058,72293099
TSLA,2025-08-11 00:00:00+00:00,174.57450473208536,176.65990160987522,171.63261348861496,175.44417906772367,73726163
TSLA,2025-08-12 00:00:00+00:00,183.04459718134135,183.32703422896228,179.614242299994,183.1015705644962,55802560
TSLA,2025-08-13 00:00:00+00:00,182.07713566279924,183.48204132332668,180.29944352666251,182.4030503669831,44098918
TSLA,2025-08-14 00:00:00+00:00,175.99758707009792,178.50042267014967,174.36611190499684,175.56287243047316,30354634
TSLA,2025-08-15 00:00:00+00:00,177.89115800078906,180.09972058144834,176.3696997348371,178.08722444631556,18173961
TSLA,2025-08-18 00:00:00+00:00,183.76356897613698,185.10129031708865,182.09078552239302,182.8926353698755,51051459
TSLA,2025-08-19 00:00:00+00:00,182.55988103888248,183.87316824177924,180.69240112580277,182.3866898810764,62016597
TSLA,2025-08-20 00:00:00+00:00,187.0440817469275,189.30793277032606,185.1799818374695,188.47603913574414,85708504
TSLA,2025-08-21 00:00:00+00:00,195.5245752166444,196.1434857324011,193.34695630455536,195.6626002210385,79205950
TSLA,2025-08-22 00:00:00+00:00,191.981102895122,193.87188942192645,191.40580489046604,193.110183179009,88800013
TSLA,2025-08-25 00:00:00+00:00,192.07923416925357,194.54151746731833,187.58696009158385,191.3204347175902,40649154
TSLA,2025-08-26 00:00:00+00:00,187.64487369168393,191.1459655853614,184.14420390335013,186.54956114200147,19818765
TSLA,2025-08-27 00:00:00+00:00,188.74959545492618,191.4217810455696,186.50712609700932,188.76953445405687,59984739
TSLA,2025-08-28 00:00:00+00:00,192.05871420855146,193.5097316453032,188.50742948662685,191.7101562984604,63802324
TSLA,2025-08-29 00:00:00+00:00,193.09086212752518,196.5107013293052,192.7186037037655,194.2392357429235,69239832
TSLA,2025-09-01 00:00:00+00:00,187.72404393466013,190.13742296383182,185.44485983739452,189.46705215018736,11808275
TSLA,2025-09-02 00:00:00+00:00,186.19217201695525,187.0941739969234,184.69906392854995,186.6153843298759,50555087
TSLA,2025-09-03 00:00:00+00:00,181.09902678675667,181.6847925629883,178.71195576887087,181.2876851992018,18623214
TSLA,2025-09-04 00:00:00+00:00,174.3697245133276,177.519832721724,171.08698706295462,175.4556503613114,86002630
TSLA,2025-09-05 00:00:00+00:00,170.80843933847402,172.88109936745107,170.3472302179213,170.74405589797806,39712310
TSLA,2025-09-08 00:00:00+00:00,165.5674589899583,166.22065853104561,164.64538750985432,165.35499152391554,45651353
TSLA,2025-09-09 00:00:00+00:00,165.2628367676748,168.38729668748144,163.56353344351896,164.82802256190342,17723199
TSLA,2025-09-10 00:00:00+00:00,167.42525856298099,168.03986137863305,164.51545130904873,166.3692359429901,19361041
TSLA,2025-09-11 00:00:00+00:00,169.18411107199194,170.99221236135858,165.80168244770624,168.62426869608234,62057322
TSLA,2025-09-12 00:00:00+00:00,168.3953889894321,170.89551287589734,165.87929466240757,168.64720254308517,29953788
TSLA,2025-09-15 00:00:00+00:00,166.4901721961505,166.75639981761498,164.51492658422973,166.4174453339053,49888028
TSLA,2025-09-16 00:00:00+00:00,166.88341430224997,167.9097068203019,165.6963720889346,166.47282518178017,17198035
TSLA,2025-09-17 00:00:00+00:00,167.81291532804127,170.4069893457581,166.03966958442464,168.53286036149964,40832263
TSLA,2025-09-18 00:00:00+00:00,168.50799255511953,170.8452124233088,166.02730302984057,167.59629340168883,84510989
TSLA,2025-09-19 00:00:00+00:00,168.48943584204073,170.84082121911874,167.34027729933715,167.86870500008214,78092908
TSLA,2025-09-22 00:00:00+00:00,166.74717521851989,169.16441398332367,163.6819407240933,166.90017727583933,66715073
TSLA,2025-09-23 00:00:00+00:00,164.76219454637848,165.58636793257165,161.96366136836645,165.19181147039035,38477279
TSLA,2025-09-24 00:00:00+00:00,167.97080481838105,168.3221550075226,163.3006909293913,165.3935977018618,54217325
TSLA,2025-09-25 00:00:00+00:00,162.27134029488505,165.08592151154667,160.79288097349155,161.71327810936452,29768002
TSLA,2025-09-26 00:00:00+00:00,165.9805101177653,166.61171877348065,163.36531448768886,165.3425616116305,22786109
TSLA,2025-09-29 00:00:00+00:00,161.36315022417426,162.6370133266395,159.03802899275792,160.1821974107236,32723527
TSLA,2025-09-30 00:00:00+00:00,162.44535759081145,165.20268746010603,159.63899285809794,161.79361129296836,65993506
TSLA,2025-10-01 00:00:00+00:00,157.53018828856523,157.82066097407693,157.1238931349923,157.39261877183839,11791511
TSLA,2025-10-02 00:00:00+00:00,162.92077173239826,165.7388526017637,160.4264817540937,162.45054763411292,55194371
TSLA,2025-10-03 00:00:00+00:00,164.852239718622,167.6898225081387,162.93423266405145,165.46843022345402,67789241
TSLA,2025-10-06 00:00:00+00:00,163.2831410869848,164.64758032056048,159.7787017702812,162.8037985391521,11156072
TSLA,2025-10-07 00:00:00+00:00,160.36697532210815,162.27899931158782,158.4665059129624,161.38127750274586,61616435
TSLA,2025-10-08 00:00:00+00:00,158.02634359587273,159.74962792827483,155.2465032149144,157.74999376489995,15278982
TSLA,2025-10-09 00:00:00+00:00,157.9997385447666,160.63253325041484,156.81428036837707,157.6369627333319,43255148
TSLA,2025-10-10 00:00:00+00:00,158.0426844020876,159.82485606918044,156.22545068968174,159.05490586240157,10838151
TSLA,2025-10-13 00:00:00+00:00,169.0546330075209,170.01703207764155,166.53333535120353,167.7328314777109,75382098
TSLA,2025-10-14 00:00:00+00:00,162.39186567397113,164.86882172358983,159.18904236721355,163.15636076436618,64738367
TSLA,2025-10-15 00:00:00+00:00,168.18089649053806,170.93754305752628,164.24553840736363,167.45974316359866,36491700
TSLA,2025-10-16 00:00:00+00:00,165.18863468102708,167.01899572255707,164.25383826936178,165.542210077122,69310665
TSLA,2025-10-17 00:00:00+00:00,166.78102344516628,168.25089632396615,164.4238092404678,166.5635448524709,27136969
TSLA,2025-10-20 00:00:00+00:00,169.2342333158045,172.95977473851113,168.83598106137384,169.6859443266107,46315937
TSLA,2025-10-21 00:00:00+00:00,173.4341740094571,175.3696964888786,169.71615676575334,171.6763318507224,12660921
TSLA,2025-10-22 00:00:00+00:00,173.9974081496656,176.77119556690656,169.8431152136154,173.2589539379063,89233836
TSLA,2025-10-23 00:00:00+00:00,173.92599820439486,176.32518538644183,172.00843800738946,172.6392408206428,24214365
TSLA,2025-10-24 00:00:00+00:00,173.252691897602,175.23035418588753,170.1247081395706,172.69090709722676,45719296
TSLA,2025-10-27 00:00:00+00:00,173.81910452112308,175.42658489409484,171.44545619636838,173.31645198128925,45947779
TSLA,2025-10-28 00:00:00+00:00,177.8491418664624,180.2383757923391,174.19763778015997,177.72994281570672,22293821
TSLA,2025-10-29 00:00:00+00:00,172.36268107223577,175.42226649488214,170.85262457405275,172.5215303400093,36437573
TSLA,2025-10-30 00:00:00+00:00,171.30078765159575,171.94046738744214,168.0084301083023,170.86484778125958,65230620
TSLA,2025-10-31 00:00:00+00:00,166.73533576711674,167.75667822401016,164.56020217667475,166.61526335828006,45539809
TSLA,2025-11-03 00:00:00+00:00,163.32916906184354,164.2379220683837,160.68346693457102,163.419761953859,18251630
TSLA,2025-11-04 00:00:00+00:00,159.93774512845638,163.4702479773609,157.18815091117042,160.83367644509636,14309104
TSLA,2025-11-05 00:00:00+00:00,164.39088716181092,165.76331876710248,162.20296898533334,164.58594357032297,15704060
TSLA,2025-11-06 00:00:00+00:00,172.5297839365882,174.1723890148928,170.7744444782769,172.090819247083,12102035
TSLA,2025-11-07 00:00:00+00:00,176.71114076196122,178.943934480622,174.53294255340538,177.03916658380234,72972795
TSLA,2025-11-10 00:00:00+00:00,173.116705125938,176.4371268409369,170.08902807990034,172.85694186174908,64086050
TSLA,2025-11-11 00:00:00+00:00,173.11820298243768,173.390583802535,170.24644518594053,173.2052737144961,41042468
TSLA,2025-11-12 00:00:00+00:00,168.5846654242601,170.05065445604023,166.3925308781437,169.28635519583113,43226155
TSLA,2025-11-13 00:00:00+00:00,170.3055515424194,173.91557021424802,168.66039027085776,170.92431388830408,37632048
TSLA,2025-11-14 00:00:00+00:00,175.01638237240255,177.2349706561234,174.56231645551821,175.53448893807237,72856173
TSLA,2025-11-17 00:00:00+00:00,177.55571472149913,179.17073418503693,176.98787424839367,177.75194600178298,56987224
TSLA,2025-11-18 00:00:00+00:00,180.87028641152722,184.4760978800705,178.47126381098573,181.04855594497337,77664286
TSLA,2025-11-19 00:00:00+00:00,181.4291409662985,181.97964299845725,179.04715571142586,180.5852143212555,29828355
TSLA,2025-11-20 00:00:00+00:00,172.7427413743952,173.72376314984328,170.34887250868772,173.49916554375346,38915696
TSLA,2025-11-21 00:00:00+00:00,165.26614870284925,169.68492068261526,163.4655658559214,166.6475907982882,27969671
TSLA,2025-11-24 00:00:00+00:00,166.8706305959835,169.6376348154687,164.9604383477348,166.38763421838652,46640575
TSLA,2025-11-25 00:00:00+00:00,168.14449741686533,170.3323635960385,167.32273290187868,168.44353750319917,58190978
TSLA,2025-11-26 00:00:00+00:00,172.91398935575916,174.02841921295865,169.95748450247467,172.9820387009392,71199747
TSLA,2025-11-27 00:00:00+00:00,173.64060937357686,176.38040693051684,170.76908950876495,171.82784330191282,63878128
TSLA,2025-11-28 00:00:00+00:00,173.22196043347768,173.91414732853312,169.93488180303171,172.17161405260435,20687081
TSLA,2025-12-01 00:00:00+00:00,173.59515850881343,175.17584873266054,172.65158732829144,173.1595135701473,12372688
TSLA,2025-12-02 00:00:00+00:00,177.77257378208185,178.52873179704926,173.64929297697208,177.06744156161494,74463543
TSLA,2025-12-03 00:00:00+00:00,177.0003163054178,178.54588683146892,176.20548908169744,176.89528499542334,29387214
TSLA,2025-12-04 00:00:00+00:00,173.73787766843856,173.93054483340302,171.20981952752143,173.0394670856079,39350996
TSLA,2025-12-05 00:00:00+00:00,176.58941005064696,178.73559169456678,173.68859189601932,177.01394333194185,56267604
TSLA,2025-12-08 00:00:00+00:00,178.09656506100274,180.31380568706487,177.13061571303334,178.5990498991968,29920746
TSLA,2025-12-09 00:00:00+00:00,179.76620203843672,183.6325849512696,177.38261784981034,180.0915944676699,12739279
TSLA,2025-12-10 00:00:00+00:00,176.6836761145509,178.13277102355457,173.99062887409386,175.52705940221435,47478498
TSLA,2025-12-11 00:00:00+00:00,176.72236328458465,178.68490314214378,172.1955702321757,175.58156323268352,22572571
TSLA,2025-12-12 00:00:00+00:00,169.16347520657115,170.22222403852803,168.56434776751766,169.56593028830582,61797817
TSLA,2025-12-15 00:00:00+00:00,163.58527367463114,164.62569286081626,162.0362258797205,162.79105950626072,75619297
TSLA,2025-12-16 00:00:00+00:00,161.98749708393848,162.9437206475814,160.14760205014264,162.07462879153937,77056957
TSLA,2025-12-17 00:00:00+00:00,161.43321142522922,164.5803851893713,158.46469227929703,160.70590113782396,24838035
TSLA,2025-12-18 00:00:00+00:00,162.47406536754997,163.22375033553965,160.53392503928717,162.66663979590138,75786269
TSLA,2025-12-19 00:00:00+00:00,168.31218748060712,170.5344416901181,166.8852520693947,167.63423322716721,63795977
TSLA,2025-12-22 00:00:00+00:00,167.5372874063413,170.4101762633915,165.80883652609276,167.59316203267858,12831713
TSLA,2025-12-23 00:00:00+00:00,173.7613574586401,177.23276690803743,173.3733586791948,173.94446130892254,22659956
TSLA,2025-12-24 00:00:00+00:00,171.94130069143708,174.4169930773234,169.564027258918,171.93528704033503,23114551
TSLA,2025-12-25 00:00:00+00:00,174.86745017557647,175.64297092224447,173.4648844981799,174.73162737209196,80302045
TSLA,2025-12-26 00:00:00+00:00,169.93513370827634,173.46698605278235,166.6619986139861,170.31943978659754,37034318
TSLA,2025-12-29 00:00:00+00:00,169.90446710567653,172.6877259092826,168.44322198560994,170.84138827593674,57183117
TSLA,2025-12-30 00:00:00+00:00,171.01675214287616,172.90251162091445,169.4771367235111,169.81351756346461,76682910
TSLA,2025-12-31 00:00:00+00:00,168.9136977628874,172.2014806430119,168.70603355183636,169.16424259273901,45805481
TSLA,2026-01-01 00:00:00+00:00,170.04691906919962,171.52544651667992,168.81257143539378,171.30172859178518,84638617
TSLA,2026-01-02 00:00:00+00:00,163.3575411159865,167.28972730875276,162.38201974762882,164.87089062405815,46195594
TSLA,2026-01-05 00:00:00+00:00,163.4594549295155,167.89597729955386,160.3437464308718,165.33967694942493,65566929
TSLA,2026-01-06 00:00:00+00:00,162.29252828317485,164.91377786341258,159.72407224733448,162.67947285330862,51879125
TSLA,2026-01-07 00:00:00+00:00,164.0796092016149,164.84848607226436,161.84443993121144,163.1465242938156,73578640
TSLA,2026-01-08 00:00:00+00:00,163.46407095733926,167.56486468974578,162.49299883658472,164.5444162448978,37983429
TSLA,2026-01-09 00:00:00+00:00,163.17811183312742,164.2773088960346,162.80482946225933,163.37059735162268,25445934
TSLA,2026-01-12 00:00:00+00:00,160.99988185196116,163.36200590738636,160.46082687968942,162.20089750545938,29121447
TSLA,2026-01-13 00:00:00+00:00,159.22080300817024,161.90526248610217,156.0858611834733,158.47991326673286,68719135
TSLA,2026-01-14 00:00:00+00:00,160.61450634140758,163.58461044360507,160.01732624397675,160.35059181262886,57110641
TSLA,2026-01-15 00:00:00+00:00,158.45721753920023,159.4092075652217,155.70605731585738,158.22424083313268,61060350
TSLA,2026-01-16 00:00:00+00:00,160.6570330820087,162.28001366907858,158.38920791377072,159.7469855963548,14512706
TSLA,2026-01-19 00:00:00+00:00,156.28334589997928,158.96351268163232,153.04103933866216,155.21063229964793,83937636
TSLA,2026-01-20 00:00:00+00:00,160.4046296648335,162.2051373335759,157.67426584578806,159.70441296527235,13195368
TSLA,2026-01-21 00:00:00+00:00,156.11453958070177,157.2962115768896,155.63574043233098,156.46290746654066,69564964
TSLA,2026-01-22 00:00:00+00:00,159.4484234006784,161.5882435883488,156.99954864268886,160.29702198742248,70865768
TSLA,2026-01-23 00:00:00+00:00,158.24489617670633,160.9703781968529,155.44826078538136,158.90260662146196,25268607
TSLA,2026-01-26 00:00:00+00:00,159.6326509323289,163.13864649008192,159.13802649920692,160.76629767101545,72010359
TSLA,2026-01-27 00:00:00+00:00,161.58273252495272,162.69068493949453,157.2489928890122,160.3673004628537,22730648
TSLA,2026-01-28 00:00:00+00:00,162.59165909688886,163.44245970465033,159.93836275949502,162.69364186746398,80757887
TSLA,2026-01-29 00:00:00+00:00,162.89607031611774,165.47486210493506,160.74954778282455,162.78424343492222,29721282
TSLA,2026-01-30 00:00:00+00:00,167.32066629491374,168.4530643301915,164.78144842218697,167.15932716263998,13246219
TSLA,2026-02-02 00:00:00+00:00,170.99287505003298,171.96281398151555,169.2397264048775,169.55812688329212,55975187
TSLA,2026-02-03 00:00:00+00:00,171.6544213314896,173.13966957907408,170.74166900903919,172.0252796219292,34782390
TSLA,2026-02-04 00:00:00+00:00,178.99811763119885,179.96255727701262,174.85936806965566,178.10336329324224,29128071
TSLA,2026-02-05 00:00:00+00:00,175.90162058189682,176.52441996205246,172.59809236378317,175.65393177144227,27984484
TSLA,2026-02-06 00:00:00+00:00,180.40773287349452,181.9939230007512,179.4811224527952,180.49152085873132,63041298
TSLA,2026-02-09 00:00:00+00:00,179.44217401211253,181.66802296708582,177.39768449853895,180.84034305984477,45725447
TSLA,2026-02-10 00:00:00+00:00,176.20915380572043,178.55218679796798,174.1927562076521,175.5167785572121,61198526
TSLA,2026-02-11 00:00:00+00:00,176.81545083984426,177.8550585307683,176.01020861495596,177.3293011809045,62093002
TSLA,2026-02-12 00:00:00+00:00,176.36581846958154,178.04430245323792,173.5702191086708,176.67058122683991,42319449
TSLA,2026-02-13 00:00:00+00:00,183.17967537254106,186.66370079267463,180.44707302766048,182.97953262902632,74361092
TSLA,2026-02-16 00:00:00+00:00,181.32876295615856,183.08894734785073,180.81101659312387,181.22801091931987,84164439
TSLA,2026-02-17 00:00:00+00:00,182.3653330981451,185.63833273160694,179.00881586052398,181.49567217467703,54431550
TSLA,2026-02-18 00:00:00+00:00,181.9823023670002,183.42854429788107,181.75685986263156,182.45548433163876,70456472
TSLA,2026-02-19 00:00:00+00:00,175.6904951862735,178.48920382765652,175.04728056245654,175.54242261223413,48551799
TSLA,2026-02-20 00:00:00+00:00,177.69756249611626,178.1666799736513,175.89061937004755,177.46446491025688,21094629
TSLA,2026-02-23 00:00:00+00:00,174.0109105987948,177.32989259071306,173.67274061829352,173.9630015224656,70457771
TSLA,2026-02-24 00:00:00+00:00,179.67476078538337,183.13826499017358,177.19398494993666,179.1430392299027,28340957
TSLA,2026-02-25 00:00:00+00:00,185.2943070375958,188.08062303988046,182.70418766261838,185.45703563142393,23298801
TSLA,2026-02-26 00:00:00+00:00,186.46357282965968,187.3682405441635,184.4148450028967,185.51154942719324,18747172
TSLA,2026-02-27 00:00:00+00:00,179.16545824323,182.4255718704332,176.61296219463307,179.6599053822197,88422877
TSLA,2026-03-02 00:00:00+00:00,179.37647673498728,183.35269440552835,178.9538598142294,180.41480192735847,66942136
TSLA,2026-03-03 00:00:00+00:00,181.15290650242454,183.58600723917766,180.66711805319008,181.15250505903396,81853752
TSLA,2026-03-04 00:00:00+00:00,184.86100004685005,187.77274426489197,182.01039842613915,183.93537651569113,25336238
TSLA,2026-03-05 00:00:00+00:00,182.54919714865844,183.9707216873231,182.26784786202143,182.90638023326542,64178088
TSLA,2026-03-06 00:00:00+00:00,178.14685447910577,181.40582434081924,175.40215391921424,178.57793145002609,46172487
TSLA,2026-03-09 00:00:00+00:00,177.91789093703358,179.08196355744778,174.7264674835519,178.14125994548417,13223825
TSLA,2026-03-10 00:00:00+00:00,175.02056296592332,176.87817792679402,174.67468829872803,174.87195374469505,17412416
TSLA,2026-03-11 00:00:00+00:00,181.32927592657626,182.97400612184543,178.39464576622942,181.42941502504897,84323998
TSLA,2026-03-12 00:00:00+00:00,179.15957533717665,180.06474370615234,176.78486496055515,178.90005193349234,80138878
TSLA,2026-03-13 00:00:00+00:00,175.38585932333135,177.6466365414649,171.96271721403068,176.60542894721073,32937539
TSLA,2026-03-16 00:00:00+00:00,177.637988184238,180.80245841334352,173.65712963888495,176.51846637308307,69682906
TSLA,2026-03-17 00:00:00+00:00,172.60756644958457,172.98220778018097,169.03815244468518,172.1651194614733,71817403
TSLA,2026-03-18 00:00:00+00:00,170.10279754843796,172.44321730494806,167.17054370176075,170.6784778004989,63178610
TSLA,2026-03-19 00:00:00+00:00,171.27650323117672,173.01784636393174,167.35520356230194,170.28527775505518,82839778
TSLA,2026-03-20 00:00:00+00:00,169.00742877003182,169.5332544625197,166.06997391996782,168.66596122249283,65888545
TSLA,2026-03-23 00:00:00+00:00,168.92336417054028,169.36078460139873,164.8187859552467,167.8772886431741,17548351
TSLA,2026-03-24 00:00:00+00:00,171.48115593049525,173.88791613785335,171.0275679075339,172.28616988445827,38978620
TSLA,2026-03-25 00:00:00+00:00,175.1242193024017,176.49131379606828,171.075086891459,173.90641913477333,39403915
GOOGL,2025-01-02 00:00:00+00:00,180.72329892865505,183.4734077330412,177.77550842842808,181.03603260937928,25170589
GOOGL,2025-01-03 00:00:00+00:00,183.23981475388138,185.30214261746877,182.21407551575712,184.04841012566277,89555235
GOOGL,2025-01-06 00:00:00+00:00,183.34106447517655,186.1948305936424,181.19582241414383,183.24683294638263,72500697
GOOGL,2025-01-07 00:00:00+00:00,182.64003578268833,183.07199570053248,179.98606901311476,182.5368068247526,62718453
GOOGL,2025-01-08 00:00:00+00:00,186.2277239384001,188.60944647118606,183.93431547025685,186.57460379771624,83532497
GOOGL,2025-01-09 00:00:00+00:00,187.81459484391348,191.39279413330317,184.86700538702763,187.7886419129782,64436512
GOOGL,2025-01-10 00:00:00+00:00,190.75719361207183,193.22740223063346,187.4800524749748,189.9959699904182,47982086
GOOGL,2025-01-13 00:00:00+00:00,186.43606127492947,189.95301545498378,183.92800556777388,185.20301975766557,66697192
GOOGL,2025-01-14 00:00:00+00:00,184.99460567297638,188.93334684584298,182.75141115137342,185.4107345685244,72941543
GOOGL,2025-01-15 00:00:00+00:00,191.08641820681822,194.04771408574055,187.85481502147388,190.56598370832847,30661040
GOOGL,2025-01-16 00:00:00+00:00,194.30560942548087,197.68791775955793,193.85530905497953,194.52139285910414,74897994
GOOGL,2025-01-17 00:00:00+00:00,195.28887204934708,199.08369468461544,191.5099824813379,196.14963575990504,56919262
GOOGL,2025-01-20 00:00:00+00:00,195.0453075989588,197.13172702151292,191.60327986383,194.0813215096826,77139398
GOOGL,2025-01-21 00:00:00+00:00,191.9053576121853,194.97629576878094,187.89176647114283,191.6351962461718,16132681
GOOGL,2025-01-22 00:00:00+00:00,193.72109009627488,196.8172239502029,190.2759835688855,193.64342719233105,22520587
GOOGL,2025-01-23 00:00:00+00:00,200.1890375980264,203.66846522179122,199.61890957842525,199.9378101302988,59232038
GOOGL,2025-01-24 00:00:00+00:00,200.12474066647994,200.5145314976386,199.61068465686944,200.28747261840903,49236386
GOOGL,2025-01-27 00:00:00+00:00,205.37808490363642,206.6304285058964,201.83315128699113,206.28036270618426,61126254
GOOGL,2025-01-28 00:00:00+00:00,206.5143726535849,208.5412040388496,203.928796607153,205.09137229628428,62400233
GOOGL,2025-01-29 00:00:00+00:00,211.4729389414506,214.56786806215058,206.88752351579495,210.74912713616183,60391692
GOOGL,2025-01-30 00:00:00+00:00,206.5197503515078,208.37085994141245,202.289982429306,206.33631706053492,34480484
GOOGL,2025-01-31 00:00:00+00:00,208.12096207814344,209.83862659618376,204.11754541507634,207.35434210527325,70366248
GOOGL,2025-02-03 00:00:00+00:00,203.71945333766953,204.00178171516043,200.1020300039276,202.71040192169986,72775751
GOOGL,2025-02-04 00:00:00+00:00,205.6420488711567,208.41915017069581,203.7209140482282,205.8404030643392,33675582
GOOGL,2025-02-05 00:00:00+00:00,209.07463463389678,213.0779109002933,204.80849531006254,208.6191548489379,60860457
GOOGL,2025-02-06 00:00:00+00:00,204.17802951109593,207.07392835919316,201.53430551268093,204.47702638022537,74244611
GOOGL,2025-02-07 00:00:00+00:00,201.80741567401603,202.94906641913943,200.76234158739715,201.32168292388332,37784996
GOOGL,2025-02-10 00:00:00+00:00,199.29864726350098,202.14434312172466,196.34937587394649,199.53456238777974,69573154
GOOGL,2025-02-11 00:00:00+00:00,195.1188877760074,196.6861287192535,191.85872128530482,193.26919923467375,74042768
GOOGL,2025-02-12 00:00:00+00:00,189.22735038580575,191.03715791122045,188.54994581258396,189.52946985838955,44877601
GOOGL,2025-02-13 00:00:00+00:00,186.46719811470032,186.85232943036542,184.63197106981795,186.1140963518136,41939166
GOOGL,2025-02-14 00:00:00+00:00,189.81531584596465,192.5800540085298,186.2145833469061,189.4956849869213,19320514
GOOGL,2025-02-17 00:00:00+00:00,195.2118530500189,195.70427347556372,192.26350871535104,195.5060586504129,22143116
GOOGL,2025-02-18 00:00:00+00:00,194.458653246201,197.75787874300454,192.17215194195344,193.76517434414197,29331507
GOOGL,2025-02-19 00:00:00+00:00,192.60433992799804,192.91707372982796,189.39678705489086,192.7007023928163,13217594
GOOGL,2025-02-20 00:00:00+00:00,193.41471034246445,196.82584830710707,191.1652509305604,193.76613778189926,49631956
GOOGL,2025-02-21 00:00:00+00:00,191.68296358307683,193.17868678433294,190.25719069728376,191.71367431243743,17004562
GOOGL,2025-02-24 00:00:00+00:00,190.0963386561663,192.15658583534758,189.53753654705238,190.70072869035542,86176947
GOOGL,2025-02-25 00:00:00+00:00,195.29911826154787,197.31344607526788,191.6885235378728,194.40102405855563,27420068
GOOGL,2025-02-26 00:00:00+00:00,196.00256139320584,196.88566963520498,194.43003845141556,195.54614363163552,26581556
GOOGL,2025-02-27 00:00:00+00:00,196.07520439307257,197.04226012535457,193.26823024156448,195.34042522207534,74287931
GOOGL,2025-02-28 00:00:00+00:00,191.98028527462134,195.86744042343997,190.91459665914346,193.05555573189778,75308827
GOOGL,2025-03-03 00:00:00+00:00,199.7446343064968,203.3928056928904,196.96872362467548,199.56170318983848,39205383
GOOGL,2025-03-04 00:00:00+00:00,196.40997772344116,197.7721966574233,195.99442859919645,197.04871972492754,30506473
GOOGL,2025-03-05 00:00:00+00:00,197.77084542864927,199.00272598808414,196.49006331775132,197.73544627184847,29034090
GOOGL,2025-03-06 00:00:00+00:00,194.40982827401083,198.22885953051588,190.96380928043627,193.45623668140422,57042457
GOOGL,2025-03-07 00:00:00+00:00,191.26530811105533,193.95339131328868,187.8490182095599,191.100722219456,75439244
GOOGL,2025-03-10 00:00:00+00:00,191.48718116931028,195.18432350944386,188.64255115544952,191.6536861956612,82070465
GOOGL,2025-03-11 00:00:00+00:00,190.9735639970428,192.56353220873007,188.92216879513094,190.15332871786754,13856845
GOOGL,2025-03-12 00:00:00+00:00,193.2984287653818,196.31327023692182,190.9054580765052,192.55194867035044,45874621
GOOGL,2025-03-13 00:00:00+00:00,194.39142720231698,197.20900287771283,190.9656483447009,192.99669756748847,41903442
GOOGL,2025-03-14 00:00:00+00:00,185.94642380829785,190.20920911840443,182.41642754745294,187.37204936202352,27605710
GOOGL,2025-03-17 00:00:00+00:00,178.454378388317,180.24821814782396,177.4719805469302,178.25058127865643,66079248
GOOGL,2025-03-18 00:00:00+00:00,182.00567776536275,183.53792785103911,179.09588059595688,182.339681445064,34797528
GOOGL,2025-03-19 00:00:00+00:00,179.5013744726452,181.58911620779523,178.93433523421442,180.16142707343076,43254335
GOOGL,2025-03-20 00:00:00+00:00,186.3199242201615,187.01381724796343,183.10814966913506,186.2650021801953,69696749
GOOGL,2025-03-21 00:00:00+00:00,185.5752357167221,186.93850658284683,184.9987008667855,186.47323460489622,10022705
GOOGL,2025-03-24 00:00:00+00:00,181.84526166964298,185.02416854869082,180.34192356006096,183.51516330328874,63557552
GOOGL,2025-03-25 00:00:00+00:00,185.22601183820345,189.1411331898255,183.7396845882886,185.92797128253477,77059492
GOOGL,2025-03-26 00:00:00+00:00,184.74741769064542,186.3192948484619,182.22081033724461,184.97134185252324,60151995
GOOGL,2025-03-27 00:00:00+00:00,186.521693432055,188.69537977057604,183.8726549088696,185.16994666398637,28089734
GOOGL,2025-03-28 00:00:00+00:00,181.01803352558716,184.5954795227148,178.06497711230045,181.57203399248866,27039612
GOOGL,2025-03-31 00:00:00+00:00,183.39058314072764,184.83468419829612,179.7735309980956,184.2825053891304,58858468
GOOGL,2025-04-01 00:00:00+00:00,187.3955397480612,190.43972848678354,184.65037383875674,188.9211223914169,70365553
GOOGL,2025-04-02 00:00:00+00:00,186.6070834472919,188.40166446097825,186.34492338138963,186.90087260793274,87852667
GOOGL,2025-04-03 00:00:00+00:00,194.30570420641456,197.3502339697398,193.75698521573355,194.52469529973826,77052459
GOOGL,2025-04-04 00:00:00+00:00,192.34207836890508,195.83846213110223,189.1313422264855,192.25987637793597,37513782
GOOGL,2025-04-07 00:00:00+00:00,192.31721628704312,193.68964192246167,190.63242734453428,193.46822427247932,46952511
GOOGL,2025-04-08 00:00:00+00:00,186.18493941533865,188.90435273177889,184.18598946923046,186.78524061829597,48966899
GOOGL,2025-04-09 00:00:00+00:00,177.54226019804034,179.38661352810476,174.51333446152296,179.19708958019902,32012288
GOOGL,2025-04-10 00:00:00+00:00,187.9088426538962,189.17051468486116,185.07881819389618,187.81361009916156,18479206
GOOGL,2025-04-11 00:00:00+00:00,192.68712685951195,195.60448569223436,190.56493238116798,193.93653103214695,58621646
GOOGL,2025-04-14 00:00:00+00:00,196.82639455539297,200.3075534731839,195.506837898588,199.0461864931309,17286034
GOOGL,2025-04-15 00:00:00+00:00,192.76695576427903,194.47134912623113,191.42312280776758,191.90800568571916,72911118
GOOGL,2025-04-16 00:00:00+00:00,193.37227566757045,194.89361202502698,192.40681749367636,193.0140996278522,20782721
GOOGL,2025-04-17 00:00:00+00:00,195.19578373391198,197.2412607217414,194.56273838103098,194.95399008375625,46378432
GOOGL,2025-04-18 00:00:00+00:00,195.6879986453522,196.8133376834068,193.76599517748136,195.44620068008473,68994029
GOOGL,2025-04-21 00:00:00+00:00,196.03287933415007,198.5369890701047,192.30737536768237,196.88064392112756,54861418
GOOGL,2025-04-22 00:00:00+00:00,193.89282760410296,194.8948107468422,192.49678018756074,193.09537419201354,39762382
GOOGL,2025-04-23 00:00:00+00:00,191.72622629816016,194.29541029587332,189.6583902451981,192.56523621425222,69842474
GOOGL,2025-04-24 00:00:00+00:00,189.35359137342056,192.09095003740683,185.5598731510739,187.94737304584075,41961406
GOOGL,2025-04-25 00:00:00+00:00,186.7913017020467,187.08653833826696,183.12820428158165,186.65325308167633,83378620
GOOGL,2025-04-28 00:00:00+00:00,186.90711487896522,192.0890234995651,183.18700504775197,188.32734056529912,39374181
GOOGL,2025-04-29 00:00:00+00:00,185.87282842064926,186.58441432041988,182.76586644206571,185.25925139054573,16366832
GOOGL,2025-04-30 00:00:00+00:00,185.69906523835965,188.67897062696417,182.0598631008594,184.27475546334938,60796066
GOOGL,2025-05-01 00:00:00+00:00,182.46015449785017,183.85641250355923,179.82534887478872,182.67592262977269,65104782
GOOGL,2025-05-02 00:00:00+00:00,183.62379152910103,184.05556527859179,181.17629408098875,182.87348731427073,62919181
GOOGL,2025-05-05 00:00:00+00:00,186.56076531884037,189.73631800051086,183.6079041015491,186.7494226917457,15095950
GOOGL,2025-05-06 00:00:00+00:00,187.35952059158842,190.06650602725406,184.19301369471737,187.8616895214473,23103592
GOOGL,2025-05-07 00:00:00+00:00,187.65137338779536,190.77759323341212,186.6971944818566,189.64046393471256,31541290
GOOGL,2025-05-08 00:00:00+00:00,184.74954228822185,186.26932724405881,181.83972698134295,183.86984161981212,20533790
GOOGL,2025-05-09 00:00:00+00:00,182.19027246636236,185.7249235191399,180.92356211376347,182.5446560602024,64495948
GOOGL,2025-05-12 00:00:00+00:00,186.24445796046697,188.93146968866301,185.36317283194575,185.99152004810745,82326646
GOOGL,2025-05-13 00:00:00+00:00,181.78265512579583,183.78884606173534,180.14735745398434,182.6401296616868,23975369
GOOGL,2025-05-14 00:00:00+00:00,180.35422466345204,182.0371961314129,178.10104518332943,181.04117622134243,88615776
GOOGL,2025-05-15 00:00:00+00:00,178.12021968865977,180.21291827992803,175.43386594082062,177.35558319351102,63224789
GOOGL,2025-05-16 00:00:00+00:00,182.45153932510064,183.36423832237523,180.9370010243225,182.76296383941641,62599595
GOOGL,2025-05-19 00:00:00+00:00,180.76666065115964,182.05459300512268,178.67695461888871,181.085878026991,72599004
GOOGL,2025-05-20 00:00:00+00:00,177.40770919117307,181.2425624990736,175.52859377929516,178.3351154654185,38085815
GOOGL,2025-05-21 00:00:00+00:00,181.02369403073016,183.6996939629919,180.6255666035849,180.90008450163464,64508654
GOOGL,2025-05-22 00:00:00+00:00,186.0037248884847,186.28008093174427,182.83793172947207,185.45476749602832,60954101
GOOGL,2025-05-23 00:00:00+00:00,187.237130355371,189.3940788715095,184.24357398765687,187.612032695826,75877617
GOOGL,2025-05-26 00:00:00+00:00,191.66404218601937,193.4825800956368,189.79156760871354,191.8376924683003,24200745
GOOGL,2025-05-27 00:00:00+00:00,191.89303076086426,195.7650060090371,189.3260322811148,192.86497022380667,58820970
GOOGL,2025-05-28 00:00:00+00:00,193.50442565712484,195.26304776050102,191.37674137386216,192.45354510264534,75846460
GOOGL,2025-05-29 00:00:00+00:00,190.23067691082304,191.74626560683745,187.40409314786044,190.73200961585974,50233691
GOOGL,2025-05-30 00:00:00+00:00,188.5976531003123,191.95059402423655,186.77846733904371,188.7438100758089,42972952
GOOGL,2025-06-02 00:00:00+00:00,187.64096052789668,188.51853645735807,183.95577217856987,186.41194562970426,88905067
GOOGL,2025-06-03 00:00:00+00:00,187.85367060454487,190.553850518838,185.26496096703954,188.05250971715927,78151627
GOOGL,2025-06-04 00:00:00+00:00,186.51822016357954,188.90808252909753,184.80104062817105,187.71317349752763,37261128
GOOGL,2025-06-05 00:00:00+00:00,187.47351149246512,190.60065696683975,186.61913025665547,188.19974508891613,84203728
GOOGL,2025-06-06 00:00:00+00:00,190.54570361883074,191.66509993673895,186.959337335543,190.84812891322218,23766009
GOOGL,2025-06-09 00:00:00+00:00,192.0831752417687,195.4724476535489,187.55469211319618,190.74818197300314,20645939
GOOGL,2025-06-10 00:00:00+00:00,185.35654978752757,186.84339689887145,183.68330702879248,185.2171378003766,49606255
GOOGL,2025-06-11 00:00:00+00:00,181.955060434556,184.68258210538878,180.46478691768363,182.1452638174693,87282258
GOOGL,2025-06-12 00:00:00+00:00,178.4047725148578,181.1249942011397,174.7971780240381,177.83861670353062,56909836
GOOGL,2025-06-13 00:00:00+00:00,171.52320224913586,173.21897227240754,168.04446834361477,170.6542043883604,69586468
GOOGL,2025-06-16 00:00:00+00:00,170.61413529311855,173.08231191222816,169.54447085724502,171.1585788985365,38965131
GOOGL,2025-06-17 00:00:00+00:00,167.75460948450402,168.30111505326622,164.0477398640504,166.81752241678709,12222209
GOOGL,2025-06-18 00:00:00+00:00,162.8239589393768,164.66045946412402,161.07971637102122,162.28642268703467,86242547
GOOGL,2025-06-19 00:00:00+00:00,158.85781294019304,160.6216029461863,155.8981303968753,158.59296633568522,49407179
GOOGL,2025-06-20 00:00:00+00:00,160.2107403332873,164.68163273449971,159.714153908742,161.76864497930887,36553768
GOOGL,2025-06-23 00:00:00+00:00,160.87577355875354,162.11223147310895,157.71503581994216,160.76995603735142,12866433
GOOGL,2025-06-24 00:00:00+00:00,165.34304886367758,165.9892206697875,163.1353602368918,164.44323739017915,24916170
GOOGL,2025-06-25 00:00:00+00:00,164.02115297436072,165.65312358668177,160.986941070075,164.22260888303148,82213953
GOOGL,2025-06-26 00:00:00+00:00,164.2497908818322,166.86512522299134,161.83392873992358,162.75934029538388,52866958
GOOGL,2025-06-27 00:00:00+00:00,164.9248256721392,165.12575272036418,163.5623165693865,164.89637119453042,65358576
GOOGL,2025-06-30 00:00:00+00:00,166.47295690224564,167.45876811301113,165.50463736526845,167.17661611841893,27795643
GOOGL,2025-07-01 00:00:00+00:00,168.08344657489764,171.44114398107155,165.6672756907783,167.7036162506921,18057143
GOOGL,2025-07-02 00:00:00+00:00,164.20156976165842,166.09883729450084,163.07278033690085,164.02706178926564,60238230
GOOGL,2025-07-03 00:00:00+00:00,163.01294204374267,165.4012963806185,160.24219374313293,162.4875463739661,68001366
GOOGL,2025-07-04 00:00:00+00:00,158.25932660393445,159.98046875452795,156.05724222440307,158.419368142123,33327933
GOOGL,2025-07-07 00:00:00+00:00,158.42702120039027,159.17314010953558,155.16336309503512,157.61888225068236,76363381
GOOGL,2025-07-08 00:00:00+00:00,157.66644756106516,160.19960160673386,156.15088550259088,158.03781554681007,39318439
GOOGL,2025-07-09 00:00:00+00:00,163.43914547997053,164.3517005379139,161.87916100047028,163.37077789547948,66638128
GOOGL,2025-07-10 00:00:00+00:00,167.75772228641748,170.23906607753244,166.79171209688843,168.6229009521984,64920449
GOOGL,2025-07-11 00:00:00+00:00,170.68159914856932,172.1064263481894,168.93352104788755,171.25178587203408,66719080
GOOGL,2025-07-14 00:00:00+00:00,175.10861351249162,178.30476503707746,173.05331384194025,174.98427312447586,64357835
GOOGL,2025-07-15 00:00:00+00:00,175.49010493918934,177.46628232255927,174.38934008490006,175.9744451575415,69847032
GOOGL,2025-07-16 00:00:00+00:00,186.77743700866083,189.79263870253018,184.6108590623007,187.13638911112088,13819755
GOOGL,2025-07-17 00:00:00+00:00,193.45580773616305,194.50101586757708,192.63011077973522,193.63736570362667,77323322
GOOGL,2025-07-18 00:00:00+00:00,205.53855844408696,208.12234948684392,203.51234543132315,205.35044050268766,55215245
GOOGL,2025-07-21 00:00:00+00:00,207.8156414084898,209.18957624500294,205.71030356255002,207.19688674944723,25711244
GOOGL,2025-07-22 00:00:00+00:00,209.83032396265713,210.51408006211994,206.87325052624823,209.2037911068264,55308972
GOOGL,2025-07-23 00:00:00+00:00,215.08302953500643,216.58987097406978,210.85033476706528,214.22026133076412,72169936
GOOGL,2025-07-24 00:00:00+00:00,215.3869085088807,215.86367367646605,214.8889496198369,215.2304035600245,38768422
GOOGL,2025-07-25 00:00:00+00:00,216.3278436152111,219.52543455882696,214.30384887751464,216.82597868163748,64841769
GOOGL,2025-07-28 00:00:00+00:00,210.9079943155161,214.7398280602102,210.2941438955411,212.28718561169853,39615246
GOOGL,2025-07-29 00:00:00+00:00,216.51300330336335,220.5724872393576,214.8382618270409,216.838252027319,39236736
GOOGL,2025-07-30 00:00:00+00:00,216.88266528603737,217.93251913081895,213.6324524295512,217.60279799429844,58468869
GOOGL,2025-07-31 00:00:00+00:00,219.98278753796302,223.56960133323992,217.10729078352242,221.62863714618004,36712393
GOOGL,2025-08-01 00:00:00+00:00,222.12181792351936,226.49900608057212,217.44893452568823,220.67436482503442,72562775
GOOGL,2025-08-04 00:00:00+00:00,210.7384299464402,213.94764431445972,207.26778268491458,212.33570870420468,69794657
GOOGL,2025-08-05 00:00:00+00:00,215.0912166960196,215.54555107635014,213.19882121661732,214.80253790279096,72456700
GOOGL,2025-08-06 00:00:00+00:00,220.9664770065026,224.5457192538165,218.7085885152088,220.492091773717,39861617
GOOGL,2025-08-07 00:00:00+00:00,214.26238197617928,215.07945804320943,213.28149636939648,214.485274073711,77639010
GOOGL,2025-08-08 00:00:00+00:00,212.24154794139977,215.33355108449337,208.54656844336378,210.06466344402762,89180783
GOOGL,2025-08-11 00:00:00+00:00,208.78453609604543,211.08161830502905,206.12354866677737,208.78607722354084,52567108
GOOGL,2025-08-12 00:00:00+00:00,207.09851350573203,211.4301398031819,204.25462264242444,207.761031991712,32191158
GOOGL,2025-08-13 00:00:00+00:00,201.646688131522,203.8150845358982,197.33746620114417,200.2390433575129,30605781
GOOGL,2025-08-14 00:00:00+00:00,207.53610522165368,211.12400726393062,205.2118368516103,208.22872464995868,87573273
GOOGL,2025-08-15 00:00:00+00:00,211.76116301848697,214.2712052512186,211.34553322875422,213.01727024220662,68628344
GOOGL,2025-08-18 00:00:00+00:00,209.38108963836882,214.39257292319232,206.60411816122323,210.2552943714685,76761512
GOOGL,2025-08-19 00:00:00+00:00,201.5993384001148,203.14753323161844,198.1532716043658,202.14271461421382,23139648
GOOGL,2025-08-20 00:00:00+00:00,203.8811700064049,207.3254911241435,200.2779676337162,203.8618670698443,76373283
GOOGL,2025-08-21 00:00:00+00:00,213.33176888927906,216.309916393234,212.75465777365616,213.059865522244,11561709
GOOGL,2025-08-22 00:00:00+00:00,215.7274714960675,219.28774961809648,213.96604363320574,217.0840054395605,66978325
GOOGL,2025-08-25 00:00:00+00:00,223.07198949032716,224.87786001074568,220.4739070902016,222.77629659318396,21131066
GOOGL,2025-08-26 00:00:00+00:00,220.27243337965314,220.84989842653988,215.51108043278077,218.31766014544021,35349450
GOOGL,2025-08-27 00:00:00+00:00,218.8894676393429,223.07261800366584,215.36047387953084,219.54438213218592,14299343
GOOGL,2025-08-28 00:00:00+00:00,212.39003000094442,213.65338751595323,212.0667794530785,212.52254935620095,61632910
GOOGL,2025-08-29 00:00:00+00:00,222.69065332309484,226.6048230013506,218.06394908749036,222.08460987034124,43792084
GOOGL,2025-09-01 00:00:00+00:00,226.07189955609982,230.11213188470393,222.9034419299435,224.99340442465163,35046261
GOOGL,2025-09-02 00:00:00+00:00,214.31371781411153,215.9882121441331,210.16459213791103,214.91471609422007,41668577
GOOGL,2025-09-03 00:00:00+00:00,205.62922953013864,207.8005466912092,202.3411959025468,206.4530462336725,89949590
GOOGL,2025-09-04 00:00:00+00:00,207.87031353171037,211.77137208392372,206.09646898304607,208.74271402483842,87156167
GOOGL,2025-09-05 00:00:00+00:00,210.38871492963173,213.65542468225905,205.48356665160375,209.4762055999045,57444831
GOOGL,2025-09-08 00:00:00+00:00,208.88912098375144,209.291266099915,206.10151786621364,208.1479075842622,78207605
GOOGL,2025-09-09 00:00:00+00:00,209.21461380659522,214.6096119653999,208.57409627302704,211.08658478510642,88395861
GOOGL,2025-09-10 00:00:00+00:00,218.7872236852615,224.3666270635899,217.73408364415215,220.72222429196412,76167311
GOOGL,2025-09-11 00:00:00+00:00,221.47452748436996,225.46965430754886,218.99723193059316,222.61174732274338,14964525
GOOGL,2025-09-12 00:00:00+00:00,212.72963942812714,217.88975385280668,209.451754251844,214.05145345726814,68883194
GOOGL,2025-09-15 00:00:00+00:00,213.7389879581155,217.9159753682,211.9290151255783,213.40369458208113,53491695
GOOGL,2025-09-16 00:00:00+00:00,207.59890196466043,208.61503452711074,203.52873709630234,207.43253781882632,24500017
GOOGL,2025-09-17 00:00:00+00:00,205.49149394745325,209.3791834810007,202.69159438657167,203.88871203082604,52395597
GOOGL,2025-09-18 00:00:00+00:00,206.0902705027026,209.67092265358986,201.42565762349557,205.4464352218916,22438038
GOOGL,2025-09-19 00:00:00+00:00,204.85085176025314,207.3427900212255,202.03926390007763,204.7676635677604,65881742
GOOGL,2025-09-22 00:00:00+00:00,201.05344751592006,201.6764782277362,197.1195987801484,200.11267071563594,75597022
GOOGL,2025-09-23 00:00:00+00:00,199.3342290378362,203.93207160394132,197.67023702884447,200.0765029379636,61196348
GOOGL,2025-09-24 00:00:00+00:00,195.4614551341966,199.56708276348152,193.29078582651414,196.59416419215495,70990981
GOOGL,2025-09-25 00:00:00+00:00,198.98272653590948,200.58081899514139,197.44088123424982,198.9737664033663,36683914
GOOGL,2025-09-26 00:00:00+00:00,198.72525447435146,200.1423387683206,195.88985578963633,197.98808767365892,13858344
GOOGL,2025-09-29 00:00:00+00:00,198.43796646754112,203.57806228880207,195.06491975184034,199.7689197347857,31992563
GOOGL,2025-09-30 00:00:00+00:00,199.36988874342222,200.44342172937567,195.57070047314392,198.6657649103377,43195343
GOOGL,2025-10-01 00:00:00+00:00,202.71837279545116,206.0805721548909,198.6634484659541,202.03130236859005,23802471
GOOGL,2025-10-02 00:00:00+00:00,201.06645836431787,203.39378817979988,199.28848987583368,201.4940402044397,31632579
GOOGL,2025-10-03 00:00:00+00:00,201.6232645845483,204.49378270890443,200.16339259492375,201.50255887968524,86158434
GOOGL,2025-10-06 00:00:00+00:00,198.8363278541991,202.3818855911436,196.40100372741492,199.07525533184284,54266499
GOOGL,2025-10-07 00:00:00+00:00,199.80757577283703,200.38522580247573,195.9453385166587,199.75930617024858,82664897
GOOGL,2025-10-08 00:00:00+00:00,192.7865801368428,193.9331018617398,189.40383094015192,192.17332146295306,46156149
GOOGL,2025-10-09 00:00:00+00:00,203.16020825666763,204.48849880094892,202.0592399010497,203.84324561209925,26286946
GOOGL,2025-10-10 00:00:00+00:00,201.7009970296252,203.4437971977547,197.6447837901931,200.87025054564901,47324267
GOOGL,2025-10-13 00:00:00+00:00,202.05708239396927,202.80361508835824,197.77211372281678,201.36296726849392,89583950
GOOGL,2025-10-14 00:00:00+00:00,200.04378409867104,203.72346945768592,196.33646824869274,199.3266974819071,59703039
GOOGL,2025-10-15 00:00:00+00:00,195.6542016337212,200.39917484275318,192.76107740950437,197.24992848171178,39009908
GOOGL,2025-10-16 00:00:00+00:00,197.53044243808068,201.4511005001595,194.7912546311475,199.05355817969502,71923026
GOOGL,2025-10-17 00:00:00+00:00,197.41399284255272,198.32727670790698,194.5636360210518,196.87782455617958,81175034
GOOGL,2025-10-20 00:00:00+00:00,194.597154953187,196.05454623749068,192.94496928484423,195.07903502976188,78304434
GOOGL,2025-10-21 00:00:00+00:00,188.74978164715208,191.61686980478993,185.98675557578358,189.29768401906242,48832636
GOOGL,2025-10-22 00:00:00+00:00,184.93923548260997,188.9167994839854,183.27394979324504,185.53192442585905,73936024
GOOGL,2025-10-23 00:00:00+00:00,179.85817485223856,184.24657001566183,179.07253203452763,180.8604654730788,40230192
GOOGL,2025-10-24 00:00:00+00:00,187.97716145294746,191.72410587197058,184.58992466285926,188.21319997562375,43395507
GOOGL,2025-10-27 00:00:00+00:00,182.25479454363872,184.11138609237963,178.9009762693747,182.80775947742512,78409597
GOOGL,2025-10-28 00:00:00+00:00,178.08605738114474,181.12373726897894,177.4826053233528,178.57776053229534,82303221
GOOGL,2025-10-29 00:00:00+00:00,179.70499457469964,181.65576961487778,176.45134988710973,179.37210345245947,11947069
GOOGL,2025-10-30 00:00:00+00:00,184.2257434110094,187.27076451195316,181.86920548544143,185.13173519670354,88328032
GOOGL,2025-10-31 00:00:00+00:00,179.19334427171586,181.67798233568172,177.0947326068215,178.39408210153283,71595552
GOOGL,2025-11-03 00:00:00+00:00,170.87623009133713,173.58717999697419,169.63486216265807,172.44965420680944,87089761
GOOGL,2025-11-04 00:00:00+00:00,174.70103356164861,175.76416355184352,172.30144542527282,172.95400990957182,14348442
GOOGL,2025-11-05 00:00:00+00:00,173.2921525586004,175.81079374928524,171.64985655503534,174.27138543031086,83081044
GOOGL,2025-11-06 00:00:00+00:00,169.34078137143092,170.26033554915742,168.10583283628497,168.9555996788764,33642309
GOOGL,2025-11-07 00:00:00+00:00,163.00538569903512,165.83332728192113,160.1793918292272,162.4173445829826,69669826
GOOGL,2025-11-10 00:00:00+00:00,159.02575347102143,160.30774229289193,156.0103160991419,159.04271982956033,83840219
GOOGL,2025-11-11 00:00:00+00:00,162.1757979472487,162.45664396908512,160.62567766561148,161.70105908490424,19927511
GOOGL,2025-11-12 00:00:00+00:00,161.4828575334011,163.67359568487643,160.52864499497045,161.56865350671438,34868542
GOOGL,2025-11-13 00:00:00+00:00,163.06742984839516,167.50116311516865,161.28853010702971,164.25941410222495,74422489
GOOGL,2025-11-14 00:00:00+00:00,164.10728063470106,165.98348890384594,163.36846950983585,163.8923640381262,13938091
GOOGL,2025-11-17 00:00:00+00:00,164.53887890439358,165.58822940157438,163.18610061972208,163.7913792846911,51721360
GOOGL,2025-11-18 00:00:00+00:00,165.6475974823716,169.04730362600958,164.92422435841667,166.03533770127333,20118096
GOOGL,2025-11-19 00:00:00+00:00,164.45979935943282,167.76621639813817,161.70547298918743,165.61885246228184,25322391
GOOGL,2025-11-20 00:00:00+00:00,166.07218309011822,168.62060740667812,164.3186723411335,166.4955139776334,86522453
GOOGL,2025-11-21 00:00:00+00:00,163.40431633882363,164.9975151146119,160.5993300507996,163.20332734396166,72982189
GOOGL,2025-11-24 00:00:00+00:00,161.25908057601814,163.7836243581852,158.3652831676208,161.07587870934276,42804290
GOOGL,2025-11-25 00:00:00+00:00,163.47378650948428,165.71965386702902,161.66111532757117,162.75656150100048,38858331
GOOGL,2025-11-26 00:00:00+00:00,162.26354473799083,164.10983106074116,161.2096103614069,161.91073644430693,39463861
GOOGL,2025-11-27 00:00:00+00:00,159.59422685611383,160.767741138663,158.9376191059496,159.2800014354607,73972351
GOOGL,2025-11-28 00:00:00+00:00,160.27827387190263,164.1798172441917,157.88200284726327,161.61025808961506,82384964
GOOGL,2025-12-01 00:00:00+00:00,165.0429290936522,168.0637971696408,161.73700235096013,163.57384024692195,46523651
GOOGL,2025-12-02 00:00:00+00:00,163.5739081948548,164.0213638788565,160.74616872366872,163.55603973394318,77881138
GOOGL,2025-12-03 00:00:00+00:00,161.40593852861628,161.64760570632333,158.6905530217985,160.85535422411002,64624806
GOOGL,2025-12-04 00:00:00+00:00,163.82103125114105,164.54155967391796,163.12872589010718,164.0672869177561,29754105
GOOGL,2025-12-05 00:00:00+00:00,173.21539427899657,176.3869595467863,171.44723286345024,173.33815092513254,30726256
GOOGL,2025-12-08 00:00:00+00:00,170.26359125610398,172.43115682084144,168.7553804386993,170.23744833142726,19599410
GOOGL,2025-12-09 00:00:00+00:00,165.60801108300998,167.02396573457682,164.02687755318743,164.56651841167104,59135866
GOOGL,2025-12-10 00:00:00+00:00,162.75717325403463,165.93590752765945,161.17529045090967,161.7717527484883,81603167
GOOGL,2025-12-11 00:00:00+00:00,158.87292063343236,161.88258180915378,156.2046011690206,158.48736632664762,79515347
GOOGL,2025-12-12 00:00:00+00:00,155.37573494760633,156.7830109777354,152.05089373098426,154.14173843030713,40498048
GOOGL,2025-12-15 00:00:00+00:00,149.93009667182892,151.3891356980687,148.58305128281845,150.18428493091804,25036071
GOOGL,2025-12-16 00:00:00+00:00,153.32205145218433,155.02759387439338,152.49534922998103,153.01144199872869,46838181
GOOGL,2025-12-17 00:00:00+00:00,155.62928375597568,157.84322662039077,154.71293566113755,155.93144558286502,54516962
GOOGL,2025-12-18 00:00:00+00:00,161.93004193504694,164.68243292782986,159.58619905917882,161.09193071200178,22590008
GOOGL,2025-12-19 00:00:00+00:00,163.7688606250894,166.66584359394582,161.29381667241694,163.75685427493767,34194600
GOOGL,2025-12-22 00:00:00+00:00,162.6769589522116,163.7200859955875,160.60311534909926,162.04251598017194,42851452
GOOGL,2025-12-23 00:00:00+00:00,167.10592273497502,169.9852610714155,163.40587636359373,165.9512749440686,62427581
GOOGL,2025-12-24 00:00:00+00:00,162.3331924757321,164.1333686407771,161.04563985980002,163.72883764229823,81486394
GOOGL,2025-12-25 00:00:00+00:00,163.90448063015057,164.71699553390218,160.45502213500336,162.4768690956076,46011040
GOOGL,2025-12-26 00:00:00+00:00,158.52699187441925,159.94962749566133,155.92266507255434,158.33160332753377,82699717
GOOGL,2025-12-29 00:00:00+00:00,162.43245125152205,163.05193776437594,160.97647816053467,162.65486858130794,13792876
GOOGL,2025-12-30 00:00:00+00:00,164.99100964648065,167.5644529938917,163.35486831695468,166.30234025466848,25194832
GOOGL,2025-12-31 00:00:00+00:00,164.39181925315165,164.8552609260694,164.05838123400486,164.6055303214457,17853407
GOOGL,2026-01-01 00:00:00+00:00,161.929249883421,166.1402237504257,161.42125869081153,163.47439789838438,61401208
GOOGL,2026-01-02 00:00:00+00:00,163.63928494987366,165.90541825277538,161.31032026471402,163.59025173255,17842796
GOOGL,2026-01-05 00:00:00+00:00,164.17880267622675,165.27878760567916,163.71320086080996,164.30272186981855,21324863
GOOGL,2026-01-06 00:00:00+00:00,168.60761231441296,170.45238926665604,166.60464915403878,167.37054645936757,38763543
GOOGL,2026-01-07 00:00:00+00:00,167.36708984196952,169.00946234138553,165.65597546107,167.60063976541883,50461673
GOOGL,2026-01-08 00:00:00+00:00,169.79996157188245,172.61393539506514,165.91924053351622,169.06848503770493,41912394
GOOGL,2026-01-09 00:00:00+00:00,164.3354573826874,165.41754718366667,160.30276121847047,163.5648446979855,72753584
GOOGL,2026-01-12 00:00:00+00:00,163.82903393564249,164.72846567824377,159.9128095287273,162.46729558581814,82485845
GOOGL,2026-01-13 00:00:00+00:00,156.00108223843012,158.627486219569,154.77316471543838,156.16742630033548,30719707
GOOGL,2026-01-14 00:00:00+00:00,162.892121764253,165.39566317992532,161.6839750381878,162.39505222617197,21908276
GOOGL,2026-01-15 00:00:00+00:00,166.3872357355595,169.84202300887142,164.93095964700248,167.43616757527258,57095678
GOOGL,2026-01-16 00:00:00+00:00,169.29211714314465,170.4484574156265,168.9200195707834,170.07190341581483,63507262
GOOGL,2026-01-19 00:00:00+00:00,174.05408626264224,174.56824305180666,172.93875934926595,174.25721178993263,25556579
GOOGL,2026-01-20 00:00:00+00:00,182.06067025188898,185.48608575171772,179.42971969988116,182.0864343569917,15703654
GOOGL,2026-01-21 00:00:00+00:00,184.9296594991159,189.48218001525856,182.56945465676966,185.8622554324657,32358077
GOOGL,2026-01-22 00:00:00+00:00,179.12934740972494,180.31756383799208,175.7850840892678,179.44009448097978,65061733
GOOGL,2026-01-23 00:00:00+00:00,179.10530254931257,180.95731569939647,177.35734654641442,178.60048206787621,61245159
GOOGL,2026-01-26 00:00:00+00:00,169.23773037248853,171.22393416964408,167.72678414171233,169.56160661489326,20507080
GOOGL,2026-01-27 00:00:00+00:00,166.41201283540576,167.58839555562048,163.92197635882295,166.52419904384405,36952068
GOOGL,2026-01-28 00:00:00+00:00,161.40525171880535,162.40616054193836,160.47143537738833,162.00212566939103,58663569
GOOGL,2026-01-29 00:00:00+00:00,162.8537902175047,163.7996020964556,161.0440641042618,161.9433027990817,27384837
GOOGL,2026-01-30 00:00:00+00:00,164.49080715750148,167.6584299049661,160.1073605183311,163.30635343629868,30650076
GOOGL,2026-02-02 00:00:00+00:00,160.10434583692646,161.61130159498364,158.75835060605908,159.9756300887896,35697501
GOOGL,2026-02-03 00:00:00+00:00,158.8706081996775,159.7318078688661,156.06742468124708,158.95056511897712,33752131
GOOGL,2026-02-04 00:00:00+00:00,160.98266239626852,161.3749810527844,158.51311501222182,159.89686034359187,70969803
GOOGL,2026-02-05 00:00:00+00:00,159.61870926936714,161.7371373314766,156.42972986317056,159.31120895001763,87516613
GOOGL,2026-02-06 00:00:00+00:00,158.2103480426023,161.3427996397064,155.56018891699833,158.65069599748244,43378376
GOOGL,2026-02-09 00:00:00+00:00,149.6075395679722,151.31437212876386,148.62473929633472,150.44374108310723,68979487
GOOGL,2026-02-10 00:00:00+00:00,148.59108717928572,151.23944510308638,148.30076209687556,148.95525879321517,58081581
GOOGL,2026-02-11 00:00:00+00:00,152.89546344638012,153.11106821089928,149.47129723541764,151.5361376396982,72027855
GOOGL,2026-02-12 00:00:00+00:00,151.9852651957468,152.8866193511257,150.84859849818776,152.36003832603248,30825796
GOOGL,2026-02-13 00:00:00+00:00,149.17524146826807,151.1347797911765,146.36026788260264,147.4325177574668,88562949
GOOGL,2026-02-16 00:00:00+00:00,146.50656230735066,146.9204394873041,144.36850423982725,146.51158703370265,59893125
GOOGL,2026-02-17 00:00:00+00:00,147.19691697330992,148.78018154699572,145.89887471507308,147.331201000476,10405420
GOOGL,2026-02-18 00:00:00+00:00,144.94649387253102,146.4259351080809,143.26524065888685,144.1677219919374,13383850
GOOGL,2026-02-19 00:00:00+00:00,146.1300036130738,146.50469616253858,143.59335856870823,146.28058185350764,86099458
GOOGL,2026-02-20 00:00:00+00:00,143.90277152495068,146.29524415866538,141.366590859594,143.6827573406647,14551850
GOOGL,2026-02-23 00:00:00+00:00,141.98704649223944,144.74170250021407,139.66781809595776,142.59837930639702,39651315
GOOGL,2026-02-24 00:00:00+00:00,141.48520111289014,144.49301489735512,140.46637954115522,142.21425375139944,27371388
GOOGL,2026-02-25 00:00:00+00:00,148.85265555645645,151.30780589664738,145.93930260708404,149.30767521269175,72315210
GOOGL,2026-02-26 00:00:00+00:00,148.34485316107182,149.2870633363426,146.62663579944183,148.21241885632952,73171879
GOOGL,2026-02-27 00:00:00+00:00,145.91486969403874,148.39456500367424,144.8942071584479,146.31659897449944,85303523
GOOGL,2026-03-02 00:00:00+00:00,147.39241907460217,150.35469763304062,146.8555714310036,148.59222803544213,24010116
GOOGL,2026-03-03 00:00:00+00:00,147.29831776505162,149.1907273423067,144.60465972283166,147.01375627975114,64039981
GOOGL,2026-03-04 00:00:00+00:00,147.49083051176842,149.8500903425918,145.36721125432007,147.59317544946578,43569997
GOOGL,2026-03-05 00:00:00+00:00,140.24622930221562,141.32199412680413,137.60957786287923,140.40963533748783,63552177
GOOGL,2026-03-06 00:00:00+00:00,140.92980954070575,143.88229429883322,140.5388615474187,141.2875504690698,89474695
GOOGL,2026-03-09 00:00:00+00:00,139.87455632060744,142.5622530098293,139.58940542120283,141.18145639816555,26122686
GOOGL,2026-03-10 00:00:00+00:00,138.07847671853588,139.0457894147004,134.7293473792249,137.18588932775543,28631933
GOOGL,2026-03-11 00:00:00+00:00,141.01536218035264,142.85426101245616,140.199481832669,141.295914822824,37338496
GOOGL,2026-03-12 00:00:00+00:00,140.81224023629898,143.5567281340599,139.48501409078662,140.51025556423187,21698930
GOOGL,2026-03-13 00:00:00+00:00,140.65727199679554,142.68134460534822,139.38253240849028,139.85975447024663,44083910
GOOGL,2026-03-16 00:00:00+00:00,136.45754854471562,136.84118093344605,134.4000700690197,135.82981209190615,32098336
GOOGL,2026-03-17 00:00:00+00:00,131.12224478515438,131.94089301498488,130.3691153651877,131.01498011008343,16175817
GOOGL,2026-03-18 00:00:00+00:00,129.34722679406056,131.13177809377967,129.06755979648474,129.3438114692935,52558795
GOOGL,2026-03-19 00:00:00+00:00,125.19624846581655,127.5994897860242,122.64824470930284,125.04039886069279,57564929
GOOGL,2026-03-20 00:00:00+00:00,126.82252173433139,128.2476950366346,125.89486705446718,126.35341931776894,81765456
GOOGL,2026-03-23 00:00:00+00:00,129.05264797894404,130.5074530784447,127.72136897344112,128.74790926343005,73524799
GOOGL,2026-03-24 00:00:00+00:00,126.68439426973568,127.04722765072931,126.07547905393577,126.9184551416171,12513873
GOOGL,2026-03-25 00:00:00+00:00,122.68673981294292,123.16635801174807,120.42221051360481,122.46159331557206,78319906
AMZN,2025-01-02 00:00:00+00:00,188.4627202612978,191.87628439119442,187.8444623130644,189.50958941964257,52520688
AMZN,2025-01-03 00:00:00+00:00,180.64237448109742,181.88544337196518,178.76174430988908,181.38741157976582,12675554
AMZN,2025-01-06 00:00:00+00:00,183.70181461578457,187.0698907703541,181.63294827776897,184.2300477645108,19867254
AMZN,2025-01-07 00:00:00+00:00,185.76111331703234,189.10303914252464,183.8942314042395,186.0736169153059,48586300
AMZN,2025-01-08 00:00:00+00:00,186.3067308004002,187.49423180437282,183.52758269599215,186.59100532151518,89003043
AMZN,2025-01-09 00:00:00+00:00,191.90292212934102,193.85897511797364,188.30530416605853,192.42010336291395,15836246
AMZN,2025-01-10 00:00:00+00:00,188.5546548479954,191.02023021633647,187.71322331520733,188.12305777015328,30388304
AMZN,2025-01-13 00:00:00+00:00,179.6809955656784,183.12442011042705,176.74856228892023,179.06058647919417,27404598
AMZN,2025-01-14 00:00:00+00:00,184.34868412921998,185.79419878544374,183.12805760812086,184.32356366875507,69460584
AMZN,2025-01-15 00:00:00+00:00,184.5520311776252,189.43298105939644,182.99794064865284,186.13451596966874,14296450
AMZN,2025-01-16 00:00:00+00:00,181.04156352404777,181.59858450813687,177.57638745828243,181.17653785175239,15730101
AMZN,2025-01-17 00:00:00+00:00,180.64611956770509,182.71431155189106,179.8780891579477,180.28821930341704,58012872
AMZN,2025-01-20 00:00:00+00:00,182.64479063258986,183.95507912508157,181.75017842717108,182.72799639034932,44274424
AMZN,2025-01-21 00:00:00+00:00,179.39112689638944,182.51415295269598,177.33674081570797,179.23208739576557,32147125
AMZN,2025-01-22 00:00:00+00:00,181.4923760118327,182.32442817997088,178.6889073819325,181.4486618292918,56731686
AMZN,2025-01-23 00:00:00+00:00,187.79638344212674,189.4299442476364,184.21298828860614,188.89696276141214,67934307
AMZN,2025-01-24 00:00:00+00:00,192.21118606158203,195.71227008132522,188.4659667088191,194.1084483999803,68792719
AMZN,2025-01-27 00:00:00+00:00,194.89218590107745,197.8939935053161,190.8389217902088,194.46207240287123,53824914
AMZN,2025-01-28 00:00:00+00:00,195.63398175224077,198.99035733733967,192.54734065449856,196.05263522015892,60740371
AMZN,2025-01-29 00:00:00+00:00,193.4911852314288,194.94830779430634,191.36883783372787,193.21574708880752,71293895
AMZN,2025-01-30 00:00:00+00:00,193.87879662394536,197.01711264549203,192.63621044658737,194.13279053598941,43793173
AMZN,2025-01-31 00:00:00+00:00,193.28730733475032,194.18728271321382,189.9258033474647,193.4419914483138,32445447
AMZN,2025-02-03 00:00:00+00:00,191.4493664539055,193.2790241027225,187.59004614484147,190.48686561871853,23240686
AMZN,2025-02-04 00:00:00+00:00,185.5336275411479,189.70326726151308,182.8442041940709,186.41090942534413,80853344
AMZN,2025-02-05 00:00:00+00:00,193.375462722046,194.209684538259,190.34794496858146,193.41269690813925,43163287
AMZN,2025-02-06 00:00:00+00:00,193.33407220741077,195.26312547019558,189.77392841300792,194.17077089179284,39069706
AMZN,2025-02-07 00:00:00+00:00,191.13046029940793,192.63360593077894,188.93328628410546,191.10804562483176,47133216
AMZN,2025-02-10 00:00:00+00:00,190.43891605073503,191.40538000809858,189.0118458084443,190.12432875514477,36451413
AMZN,2025-02-11 00:00:00+00:00,196.16247851379717,198.34282868179255,195.46878612229833,195.70829043622217,35288782
AMZN,2025-02-12 00:00:00+00:00,202.02087939091047,203.84071024671223,200.81339149560537,201.93667393409018,21556273
AMZN,2025-02-13 00:00:00+00:00,199.1225757970827,202.67193487713408,196.44037046015947,200.20338393526038,86617584
AMZN,2025-02-14 00:00:00+00:00,201.53558759379382,201.81605359625613,199.7672835882754,201.37976971328402,80775153
AMZN,2025-02-17 00:00:00+00:00,205.76005794552174,209.15236260672583,204.12462837858706,205.09617980988756,51324854
AMZN,2025-02-18 00:00:00+00:00,205.05283368839972,206.80674475633236,203.59317659746065,204.31221017927393,25486225
AMZN,2025-02-19 00:00:00+00:00,202.13842669080177,202.60494584184949,200.2057365906587,200.5379859183699,17262567
AMZN,2025-02-20 00:00:00+00:00,197.9307591743629,200.46351420250843,195.19952998621878,197.5391324830196,40216324
AMZN,2025-02-21 00:00:00+00:00,197.24633563271934,198.90356794359568,194.58431318365328,198.0432454716615,35442207
AMZN,2025-02-24 00:00:00+00:00,195.37283680954795,196.78906809143288,191.63560244370635,195.78974783419736,46942552
AMZN,2025-02-25 00:00:00+00:00,191.79153807715122,194.7421595545377,188.71835725540984,191.75916151124437,84159406
AMZN,2025-02-26 00:00:00+00:00,192.1333803190261,192.59115231631426,190.64264358389576,191.40172223038874,23244175
AMZN,2025-02-27 00:00:00+00:00,194.19650832745566,198.7803701984983,193.2434618866839,195.0730893937512,57827263
AMZN,2025-02-28 00:00:00+00:00,198.58753386606543,199.7159076930189,194.09833143291704,197.9313418961072,72550162
AMZN,2025-03-03 00:00:00+00:00,198.04506188728186,200.52686021195078,196.29850866231874,197.58664309413757,61190537
AMZN,2025-03-04 00:00:00+00:00,204.20976276366008,205.590386774034,201.90879984329527,204.9181229040704,22850894
AMZN,2025-03-05 00:00:00+00:00,202.97047075622967,207.02897442067817,199.23731074268537,202.53402162382042,45122284
AMZN,2025-03-06 00:00:00+00:00,202.1149848584889,206.61112946339364,199.45692640079002,202.73436119508253,76563373
AMZN,2025-03-07 00:00:00+00:00,198.2760897170588,200.98108111636904,197.92995155887945,198.3097138249805,46477053
AMZN,2025-03-10 00:00:00+00:00,201.29144744289337,202.78140109679285,199.2843644666228,201.55430117668348,12099866
AMZN,2025-03-11 00:00:00+00:00,201.72270413159933,203.3158118608286,199.33133343340694,201.57262073329517,59887838
AMZN,2025-03-12 00:00:00+00:00,195.1505468988804,198.42160150177665,192.96365799960404,196.05903089134898,11898344
AMZN,2025-03-13 00:00:00+00:00,193.98490087247225,195.20667542875663,193.02344047022123,193.62789531185572,37026629
AMZN,2025-03-14 00:00:00+00:00,198.72335444078524,202.8437958723416,194.8866207457412,200.40637354228474,51368760
AMZN,2025-03-17 00:00:00+00:00,203.13294765154583,207.1881614216173,200.99994171285837,203.47816801554524,80901016
AMZN,2025-03-18 00:00:00+00:00,203.88123557880024,205.1278711847971,201.07279345771227,204.3513445384584,52823740
AMZN,2025-03-19 00:00:00+00:00,209.22180631415398,210.51589914807948,204.7720965226823,208.00893776548978,73431408
AMZN,2025-03-20 00:00:00+00:00,203.0005745301805,206.91628880947457,201.44408902567108,202.61878716032723,46694289
AMZN,2025-03-21 00:00:00+00:00,199.70205653467514,203.5762763637465,199.40280056854013,200.10291334420532,36729283
AMZN,2025-03-24 00:00:00+00:00,195.16925430612534,196.18724856415608,192.69209541870987,195.86374270862063,83383949
AMZN,2025-03-25 00:00:00+00:00,193.42404647611667,193.9882613653437,189.8858214796137,193.42852718139275,59371752
AMZN,2025-03-26 00:00:00+00:00,192.05747189163742,195.10420867591984,188.6202696511226,192.54718638992972,70025429
AMZN,2025-03-27 00:00:00+00:00,196.44038384679533,199.75517440029748,191.37418775826748,194.817274799001,32114465
AMZN,2025-03-28 00:00:00+00:00,196.67752639135506,202.69805668662485,195.71994786789304,198.8022806040729,75963721
AMZN,2025-03-31 00:00:00+00:00,202.78523299635097,203.489349298601,199.15928242098255,202.76610293528066,36344638
AMZN,2025-04-01 00:00:00+00:00,211.18680574860187,215.34688515916582,210.67007940568422,213.20828207759192,72317413
AMZN,2025-04-02 00:00:00+00:00,212.61293681286955,214.89943595623785,210.45265179895264,211.81102230783884,24496212
AMZN,2025-04-03 00:00:00+00:00,211.53327532207436,215.86513038655633,208.00405087143412,212.21297726912695,75635694
AMZN,2025-04-04 00:00:00+00:00,215.90222349478407,218.11432357873727,214.0333965574345,214.62809997880038,43702186
AMZN,2025-04-07 00:00:00+00:00,211.476024912091,212.31566411041229,208.1272545635753,211.94701553693528,74562222
AMZN,2025-04-08 00:00:00+00:00,212.16649146771186,212.68296981153367,207.92471642740628,211.33049444817334,60910351
AMZN,2025-04-09 00:00:00+00:00,213.48329145639207,215.7267374172338,209.4608640610175,213.35121209709004,81144262
AMZN,2025-04-10 00:00:00+00:00,211.38941795085913,212.14271456329715,206.84134358714564,210.47675448606577,78780743
AMZN,2025-04-11 00:00:00+00:00,212.70775381912,215.00575406016932,209.5952405286451,212.7216305608892,70568200
AMZN,2025-04-14 00:00:00+00:00,215.41504204663647,220.56177836926204,214.51487949989598,217.90756956062788,53045499
AMZN,2025-04-15 00:00:00+00:00,213.45556942200315,216.35333893592286,212.77009127925783,214.0765780146111,24573322
AMZN,2025-04-16 00:00:00+00:00,204.7153666100819,208.4352004488974,204.19948807488717,205.96493880259166,75819467
AMZN,2025-04-17 00:00:00+00:00,207.4320920921501,207.70134622551615,205.29210849093232,206.7209517816651,51114595
AMZN,2025-04-18 00:00:00+00:00,203.73660079962244,206.63271046322507,201.94383427602048,203.35243428855404,54500673
AMZN,2025-04-21 00:00:00+00:00,204.39734369220318,204.7717025714123,200.34410084634447,204.423491389489,66230685
AMZN,2025-04-22 00:00:00+00:00,203.54580198580072,205.69057351940077,199.72489734953734,203.22597751272644,11116861
AMZN,2025-04-23 00:00:00+00:00,204.8938665931275,205.68807157245448,204.20266451934725,204.7716036270149,50717877
AMZN,2025-04-24 00:00:00+00:00,208.91565141140546,211.2166528252162,206.8380394730761,209.4015172801091,25836639
AMZN,2025-04-25 00:00:00+00:00,214.4836273973877,217.9920333225703,209.48043483963775,212.9351285361061,50624138
AMZN,2025-04-28 00:00:00+00:00,212.1877427080059,215.78927517258242,210.2360661639318,212.02699634019496,76757333
AMZN,2025-04-29 00:00:00+00:00,207.89715481754405,211.7882245994585,205.6277256096257,208.0812930310696,35667637
AMZN,2025-04-30 00:00:00+00:00,198.32426733960335,202.29404635111234,194.8231396658978,199.46515108427417,32085963
AMZN,2025-05-01 00:00:00+00:00,191.78241774882065,194.40853054596673,188.25056260319187,192.2649329962422,23709913
AMZN,2025-05-02 00:00:00+00:00,189.92034596182023,193.02577560161103,189.11211452881432,189.9403111791623,16335674
AMZN,2025-05-05 00:00:00+00:00,190.49550222713526,191.09661115989482,187.33470078111486,190.6532939472255,82184747
AMZN,2025-05-06 00:00:00+00:00,188.36661279436157,189.0388937435162,186.5690355918788,188.73661818927405,15318613
AMZN,2025-05-07 00:00:00+00:00,187.03323603388108,190.4212439769142,186.7658922007031,187.09745250199384,39192133
AMZN,2025-05-08 00:00:00+00:00,181.36972032033316,184.8568848641089,180.14389748679517,182.17448404919656,37550048
AMZN,2025-05-09 00:00:00+00:00,177.18653308599454,178.83046774498618,174.01463313466422,177.2076936604534,12019129
AMZN,2025-05-12 00:00:00+00:00,171.1013290467751,173.1452071297141,170.33255657627757,172.1385665463675,67918434
AMZN,2025-05-13 00:00:00+00:00,173.76646204704937,177.75653525818646,173.0472481747999,174.36246811458926,38667400
AMZN,2025-05-14 00:00:00+00:00,168.08555202760755,169.43913553765253,164.8619440832373,168.5837416232901,31391356
AMZN,2025-05-15 00:00:00+00:00,171.45031630705554,172.4464002647143,169.33463800568313,170.91160263949712,89924212
AMZN,2025-05-16 00:00:00+00:00,168.72558949472872,171.9200169130873,165.34799562753875,168.43796930311905,64495412
AMZN,2025-05-19 00:00:00+00:00,170.3371351105164,172.9663095471311,169.23479701425177,170.31435597681045,11515180
AMZN,2025-05-20 00:00:00+00:00,170.5151998132006,174.22790720230793,170.14604649058225,171.28931445401952,51423197
AMZN,2025-05-21 00:00:00+00:00,173.56244543697767,177.12696738200165,170.3695235576561,173.85225431121518,89068082
AMZN,2025-05-22 00:00:00+00:00,178.33133620468885,181.75447564952586,176.5599153317625,177.8172452104274,64146143
AMZN,2025-05-23 00:00:00+00:00,176.37390672287395,177.86608296992688,172.25263814495744,175.56451231665673,25160970
AMZN,2025-05-26 00:00:00+00:00,171.7569522389004,173.73154097675373,169.39024934726064,172.75004460688572,62730585
AMZN,2025-05-27 00:00:00+00:00,171.28922538151392,173.5993882044484,168.40074570268146,171.59546849863128,12742491
AMZN,2025-05-28 00:00:00+00:00,169.46750582683228,170.86945900440637,168.22262556388344,169.42321636686626,42507122
AMZN,2025-05-29 00:00:00+00:00,171.81334011704843,173.08376484438764,169.1148846566016,171.61052970256486,89505173
AMZN,2025-05-30 00:00:00+00:00,171.4078695139052,173.48323812291156,168.57953611539597,171.42753234963274,60460221
AMZN,2025-06-02 00:00:00+00:00,172.01142914061606,175.10576067414766,169.21464127347443,171.60037024849396,30817876
AMZN,2025-06-03 00:00:00+00:00,172.0582593018734,175.0058399272317,168.86492695289317,173.03400203522162,11303584
AMZN,2025-06-04 00:00:00+00:00,172.71348153046247,173.99879926717873,168.5941774200375,171.72196118479962,87854303
AMZN,2025-06-05 00:00:00+00:00,174.48166433125158,176.0744278045612,172.42702611038857,175.26915182888237,12698386
AMZN,2025-06-06 00:00:00+00:00,169.74502358062898,172.60059946318017,166.52131503811358,169.73084503362983,30693436
AMZN,2025-06-09 00:00:00+00:00,170.88427877630875,173.12427847083708,168.08576710518503,170.56927928200156,71903323
AMZN,2025-06-10 00:00:00+00:00,172.96502915874416,173.85130780211713,169.07348329779512,172.22507166241857,38310616
AMZN,2025-06-11 00:00:00+00:00,170.5573452566783,173.3587135455674,169.3642498308497,169.9959621833175,27828660
AMZN,2025-06-12 00:00:00+00:00,168.55113935164476,168.97596070996067,166.89467160959856,168.01636325651674,88526314
AMZN,2025-06-13 00:00:00+00:00,171.67619613659437,172.13546233301574,170.20819027918057,170.86829582670762,29942944
AMZN,2025-06-16 00:00:00+00:00,169.88518260675713,171.1213187011608,169.63774587061346,170.00549684180012,30624132
AMZN,2025-06-17 00:00:00+00:00,164.8107539954389,167.43108312885892,162.15260143464704,164.36283061331147,75605343
AMZN,2025-06-18 00:00:00+00:00,161.46051474711106,163.23394699177766,157.4177759689212,160.53945734618128,59790467
AMZN,2025-06-19 00:00:00+00:00,163.06537063485962,165.86982086816838,160.95300746861852,163.55696181815532,77030109
AMZN,2025-06-20 00:00:00+00:00,160.2150761977681,164.0283146302028,157.0896437037186,161.09250006785618,79840830
AMZN,2025-06-23 00:00:00+00:00,164.35787148531563,168.2669322069032,161.6275545751262,165.00868356634848,41825785
AMZN,2025-06-24 00:00:00+00:00,170.08772455639738,172.96937734046926,167.03921066884166,169.1977130187003,59684795
AMZN,2025-06-25 00:00:00+00:00,169.46053274708532,171.0408465665362,167.23372902658403,168.6822594997879,19682005
AMZN,2025-06-26 00:00:00+00:00,170.1711158622813,172.35738956484863,169.36126055018786,170.42240701867368,68535464
AMZN,2025-06-27 00:00:00+00:00,168.14522610424976,168.31844987926846,164.7835807440616,168.0074011941167,74596294
AMZN,2025-06-30 00:00:00+00:00,167.1687259959168,167.58548801464522,163.73432641526904,166.88580070546692,89885731
AMZN,2025-07-01 00:00:00+00:00,165.5367739711707,167.08031707130377,161.9139048565416,164.8951375143254,22571118
AMZN,2025-07-02 00:00:00+00:00,165.51325726189265,167.9270412158262,164.29814493537822,166.72635662892787,22846460
AMZN,2025-07-03 00:00:00+00:00,162.65621633435637,164.80342551228074,160.1779789879069,163.02027511903913,39505369
AMZN,2025-07-04 00:00:00+00:00,162.53686699190263,162.89571507869746,160.72080980324046,162.71518445316903,29670369
AMZN,2025-07-07 00:00:00+00:00,163.11828833437258,166.2222873598178,160.2249748765085,162.93678450778657,26121426
AMZN,2025-07-08 00:00:00+00:00,164.55900041694272,166.22978753449573,162.59123911347237,164.52781576822736,45994343
AMZN,2025-07-09 00:00:00+00:00,158.25753450853801,159.1136251610922,158.06430757874918,158.46442841227034,81922090
AMZN,2025-07-10 00:00:00+00:00,153.69263754438992,155.71409125014236,152.57467544649805,153.53771361179625,14184895
AMZN,2025-07-11 00:00:00+00:00,149.70564706095254,153.01074811561813,148.78795443982705,151.20204167681962,32397826
AMZN,2025-07-14 00:00:00+00:00,152.41232735816777,154.61350486954936,149.56854495151518,150.65965737619703,44655209
AMZN,2025-07-15 00:00:00+00:00,151.55673731943483,154.5568110925261,149.95589139492012,151.09653840749908,53920040
AMZN,2025-07-16 00:00:00+00:00,152.17524803332464,153.59948873300178,151.4732239672468,151.6767253501602,40402721
AMZN,2025-07-17 00:00:00+00:00,156.9047488168249,157.47092617925708,155.22365455543283,157.31328008664897,63799149
AMZN,2025-07-18 00:00:00+00:00,159.46425354920083,160.231447105484,156.22137285083218,159.22571725488038,18991490
AMZN,2025-07-21 00:00:00+00:00,162.21502756392525,163.63447530213085,158.9194229678251,160.96672777793808,31058223
AMZN,2025-07-22 00:00:00+00:00,160.717218584141,161.64829152363998,158.8166335969732,159.62246570758816,76565582
AMZN,2025-07-23 00:00:00+00:00,161.9640380735765,163.62507767196962,158.78032338251597,161.93075360354408,55530496
AMZN,2025-07-24 00:00:00+00:00,163.2103389630983,166.1328765173511,160.32931211353372,164.00022191415815,87142648
AMZN,2025-07-25 00:00:00+00:00,166.12327726010554,167.94289721896376,163.08226693568338,166.03357826650702,67443758
AMZN,2025-07-28 00:00:00+00:00,165.5473265198696,166.08416942066475,165.01420211493385,165.7502788215426,62048754
AMZN,2025-07-29 00:00:00+00:00,168.19412826499277,168.4427376516948,165.25035063491018,167.6612954291207,88733133
AMZN,2025-07-30 00:00:00+00:00,171.49477035794322,172.61355409825367,170.25147698202304,172.34997309174648,60879864
AMZN,2025-07-31 00:00:00+00:00,169.82532964654501,172.34174357584183,167.08371208360842,169.96027092735147,44491426
AMZN,2025-08-01 00:00:00+00:00,163.721634264059,165.1492718733991,162.23712185022958,163.56500984071477,12431026
AMZN,2025-08-04 00:00:00+00:00,165.7198775259785,167.9331023625594,164.7801266444119,166.02831468735894,37502324
AMZN,2025-08-05 00:00:00+00:00,168.93409817431387,170.38585513610292,165.0027910549292,168.26778032384271,34567826
AMZN,2025-08-06 00:00:00+00:00,166.8791174446439,169.9862450882598,164.00305466150857,167.6189147468473,37937920
AMZN,2025-08-07 00:00:00+00:00,165.54109381862352,169.63530592448544,163.33627647717898,166.33818111062894,64766761
AMZN,2025-08-08 00:00:00+00:00,174.54562672755483,177.00334057394227,172.7761275372075,174.79224901753392,54713116
AMZN,2025-08-11 00:00:00+00:00,173.92806564463118,174.78110970499728,171.35165515810672,173.39000787673493,83483947
AMZN,2025-08-12 00:00:00+00:00,169.48481520964427,172.20367147843174,167.1930663961926,169.69331912873048,35258741
AMZN,2025-08-13 00:00:00+00:00,167.89986390491214,169.14431775774727,166.36591919978852,168.2924661409785,69406146
AMZN,2025-08-14 00:00:00+00:00,170.36176763730762,172.76051298038635,168.36220257319164,169.85029009853966,42703177
AMZN,2025-08-15 00:00:00+00:00,168.17585230461336,170.17833134168495,167.02735100567403,168.04330636012506,42522673
AMZN,2025-08-18 00:00:00+00:00,166.56915707877715,167.12043339906725,164.42397341038966,166.91693871076612,61178566
AMZN,2025-08-19 00:00:00+00:00,167.93718756869515,168.70673040846506,166.78972741495113,167.86932517902818,58062344
AMZN,2025-08-20 00:00:00+00:00,166.45964517568078,167.5081748794279,164.97290019950364,166.62338158039614,68948152
AMZN,2025-08-21 00:00:00+00:00,167.4172971575541,168.78591726403653,165.958077269401,167.03934701554985,67674386
AMZN,2025-08-22 00:00:00+00:00,167.02942406575374,170.00243425457413,163.88347379720503,166.9494829466203,67854069
AMZN,2025-08-25 00:00:00+00:00,163.3300130298689,166.21674021413085,161.55607495011446,163.84204520962984,83766217
AMZN,2025-08-26 00:00:00+00:00,163.77471253888186,165.74585439960345,163.1439364380749,164.08604405729167,62558099
AMZN,2025-08-27 00:00:00+00:00,160.4812442609878,162.14710119120116,159.95131985106192,160.74739898449397,37681720
AMZN,2025-08-28 00:00:00+00:00,163.70216281217319,163.95901698630414,160.9210387346887,163.48130390065157,21269835
AMZN,2025-08-29 00:00:00+00:00,161.0288271245307,161.85592878349016,157.78473077775774,160.80877061033289,64503846
AMZN,2025-09-01 00:00:00+00:00,159.63443186078223,162.99235918842408,158.79217337836423,160.1551856222177,63956784
AMZN,2025-09-02 00:00:00+00:00,154.93922625213852,156.33008671107626,153.10442944958854,155.06254431876184,89096456
AMZN,2025-09-03 00:00:00+00:00,154.02784786028343,154.9840972413074,152.27969088260608,153.85678625281412,27256937
AMZN,2025-09-04 00:00:00+00:00,151.10708083361658,153.9583333502936,149.08015927716568,150.48495612764873,27700755
AMZN,2025-09-05 00:00:00+00:00,154.71744540908213,155.52491482638436,152.37461518412346,154.58012314940441,77846526
AMZN,2025-09-08 00:00:00+00:00,155.4130954124406,157.93243612688983,151.76081198473238,154.27149371150165,77430471
AMZN,2025-09-09 00:00:00+00:00,155.74661600490293,157.0311220737147,153.16240516492095,155.7423556154443,81798708
AMZN,2025-09-10 00:00:00+00:00,151.3878465379496,152.58938362110587,150.18836373922986,150.9735498362717,36300174
AMZN,2025-09-11 00:00:00+00:00,147.49413784279548,148.77404524110986,145.65768604434797,147.68914070395294,32084368
AMZN,2025-09-12 00:00:00+00:00,146.69138573433995,148.1657093539397,146.11131364565313,147.26270270228105,47315839
AMZN,2025-09-15 00:00:00+00:00,143.80396429562487,144.66757643486412,143.10207646730376,143.75561725686381,86323510
AMZN,2025-09-16 00:00:00+00:00,146.99801622862688,147.9319466875296,145.6259451345036,146.73711472772152,35245033
AMZN,2025-09-17 00:00:00+00:00,145.87295801162506,147.30719914100857,143.97279144909757,145.70276052248153,60595347
AMZN,2025-09-18 00:00:00+00:00,146.18050287672102,147.5580279190082,144.59684931870356,146.1096704196299,34910903
AMZN,2025-09-19 00:00:00+00:00,146.72107467192276,147.1191102599382,146.4428946173896,146.91862142532716,68607880
AMZN,2025-09-22 00:00:00+00:00,146.07036020710032,147.78519364480513,144.55984929444128,146.5409758641078,25749958
AMZN,2025-09-23 00:00:00+00:00,148.41259763302642,151.0566159470155,147.78593268243048,148.5944400583182,68160206
AMZN,2025-09-24 00:00:00+00:00,147.08684199530165,149.33800078477245,146.20816364352788,146.83418335288843,28305397
AMZN,2025-09-25 00:00:00+00:00,148.33864823870763,148.84381436830733,145.23651779217093,147.8085686764024,63306520
AMZN,2025-09-26 00:00:00+00:00,149.09763655127176,151.75736948273519,147.11387162309782,151.01149015230527,15410899
AMZN,2025-09-29 00:00:00+00:00,151.94049585774,153.9088106253548,150.73490030546182,151.59768544000505,20983270
AMZN,2025-09-30 00:00:00+00:00,152.5652647228481,154.54016793507333,149.56512126777054,151.94635888762855,29733891
AMZN,2025-10-01 00:00:00+00:00,151.77936030720025,152.07590648488343,148.09045900631273,151.05945063262513,57100439
AMZN,2025-10-02 00:00:00+00:00,151.4358485290416,152.4819747687991,148.62188805970433,151.2254250730975,38178448
AMZN,2025-10-03 00:00:00+00:00,153.44588541579242,155.08879683157775,152.4799771690495,153.0643763651389,88079200
AMZN,2025-10-06 00:00:00+00:00,152.13629015826484,154.53377977406188,150.07658545809153,152.40711724611947,58143524
AMZN,2025-10-07 00:00:00+00:00,147.8602832230591,149.65000925527488,146.56061738540768,147.92108711453076,76003967
AMZN,2025-10-08 00:00:00+00:00,148.64971552301947,150.61471798875323,146.97086262964748,148.36139042490382,76185166
AMZN,2025-10-09 00:00:00+00:00,147.34259972766063,150.6153757197308,146.67957158932614,147.97488041079112,46091882
AMZN,2025-10-10 00:00:00+00:00,148.75927285400883,151.85583898184473,148.25637758865656,149.2224421562708,66893527
AMZN,2025-10-13 00:00:00+00:00,149.43734117538958,150.15648780486504,146.42259576623746,149.33563641315493,88562992
AMZN,2025-10-14 00:00:00+00:00,152.78344458607236,156.266895903901,151.3040168220482,153.57992316461835,47945972
AMZN,2025-10-15 00:00:00+00:00,150.3570520270187,151.1110147767479,149.71648790901511,150.33790028826752,82044309
AMZN,2025-10-16 00:00:00+00:00,146.92259109598623,147.93142721096896,145.4794570670602,147.77400723742352,44631488
AMZN,2025-10-17 00:00:00+00:00,149.60342764086812,151.97312686592468,148.05685964329155,149.5028809528351,45508299
AMZN,2025-10-20 00:00:00+00:00,146.80570898676172,149.4817142047398,146.21912323796386,146.8009221352569,42670481
AMZN,2025-10-21 00:00:00+00:00,147.32795821947312,148.09561949866688,145.10845537001828,147.65722176666955,77953257
AMZN,2025-10-22 00:00:00+00:00,147.07430890092968,149.87652495942953,145.17873281988795,147.61835050036677,74498349
AMZN,2025-10-23 00:00:00+00:00,142.27658487767377,142.92570029975997,140.1856090417173,142.5643106417502,31258133
AMZN,2025-10-24 00:00:00+00:00,143.01477327388986,146.91696451974263,140.590552550787,144.26413444196413,74745082
AMZN,2025-10-27 00:00:00+00:00,147.57975118114896,149.26605957475158,144.9687080728004,147.81570159420718,21676834
AMZN,2025-10-28 00:00:00+00:00,148.4172335429659,149.94045904232973,145.39456503897375,148.361072140781,23028121
AMZN,2025-10-29 00:00:00+00:00,145.38212578674293,148.04228428598788,142.6430055511096,144.7245309814973,50060653
AMZN,2025-10-30 00:00:00+00:00,146.4635463521725,147.75525698378132,143.58598148892492,146.76075664259824,58902792
AMZN,2025-10-31 00:00:00+00:00,143.97071210312393,145.70238342931822,141.12498939677656,144.0781828065349,74824356
AMZN,2025-11-03 00:00:00+00:00,144.5242040242606,144.9457377109597,143.09543517782234,143.76919976048754,49482276
AMZN,2025-11-04 00:00:00+00:00,145.77789001509703,146.4139851813913,143.60466637928374,144.82461370561742,65874371
AMZN,2025-11-05 00:00:00+00:00,142.55983262854141,144.43149112551822,141.11412963969144,142.83758935925096,87628813
AMZN,2025-11-06 00:00:00+00:00,139.16478578277332,141.59491184435598,137.24644652236742,138.61843759600222,34777225
AMZN,2025-11-07 00:00:00+00:00,138.88034299169408,139.99824607332545,137.87361555154064,138.26718157365104,72190997
AMZN,2025-11-10 00:00:00+00:00,138.42067509312994,138.57387630552168,136.98886354234898,138.15777453656082,49444023
AMZN,2025-11-11 00:00:00+00:00,135.55712060209444,136.81942735079963,133.3878349722006,136.08202851497748,61217476
AMZN,2025-11-12 00:00:00+00:00,133.71709222557672,135.6144931532009,132.28880752346373,134.21179770508033,71595866
AMZN,2025-11-13 00:00:00+00:00,136.26592214629397,136.56747378855854,134.11753122369294,135.97518796271487,69142060
AMZN,2025-11-14 00:00:00+00:00,136.95579594634657,137.46642012758764,133.82728311365247,135.7515285177164,68375252
AMZN,2025-11-17 00:00:00+00:00,134.520509042726,135.33297836628032,132.7843231477262,134.62314378396698,83569908
AMZN,2025-11-18 00:00:00+00:00,133.99677029776032,136.27627769189942,133.03965606698665,133.2056955457565,85994168
AMZN,2025-11-19 00:00:00+00:00,134.5570839590696,135.7827978876086,132.49329371824612,133.59617093164124,46400738
AMZN,2025-11-20 00:00:00+00:00,133.15774869969118,134.2957024126525,131.13401785237934,133.8088003461261,21926592
AMZN,2025-11-21 00:00:00+00:00,133.0763529461503,134.8887574010192,132.01669802626083,133.39295961384076,43965894
AMZN,2025-11-24 00:00:00+00:00,130.89656497102632,132.45764577179548,127.62623686154944,130.1522906009043,69042932
AMZN,2025-11-25 00:00:00+00:00,129.76720093130623,131.41774038113408,126.8066037667057,129.29284572889443,32270339
AMZN,2025-11-26 00:00:00+00:00,128.11852462948463,130.04498679124683,126.48604888400897,127.85890254042107,63300188
AMZN,2025-11-27 00:00:00+00:00,127.98288258493373,129.5051112668522,125.46994605676011,127.99815427994619,20309685
AMZN,2025-11-28 00:00:00+00:00,130.92407097783013,131.18453864237983,129.97084152561854,130.61815577269903,32620699
AMZN,2025-12-01 00:00:00+00:00,132.47825978680817,134.4430956041404,131.1359689905635,132.81011134482392,29496496
AMZN,2025-12-02 00:00:00+00:00,135.58668733416604,137.28263759896734,131.8095978310275,134.3066623179151,14887609
AMZN,2025-12-03 00:00:00+00:00,133.95173005745775,135.97700411088536,133.58970862814203,134.55711682010852,49565037
AMZN,2025-12-04 00:00:00+00:00,132.84706227224646,134.2808248493075,131.4228787237064,133.77973205052902,63353054
AMZN,2025-12-05 00:00:00+00:00,134.62448133266048,135.2861569143399,133.3588849085711,134.55774110262007,61109034
AMZN,2025-12-08 00:00:00+00:00,134.15200601635587,135.8841699245408,132.30230366850103,133.4223975208865,25276637
AMZN,2025-12-09 00:00:00+00:00,132.3502893334105,134.68464063371445,131.1278809387133,132.6106844343421,89449021
AMZN,2025-12-10 00:00:00+00:00,130.6133863749226,130.9622195579525,128.9888679927546,130.65015325342696,16188017
AMZN,2025-12-11 00:00:00+00:00,129.98884155568462,132.52786177171447,127.5764107168915,130.5103601495324,53026871
AMZN,2025-12-12 00:00:00+00:00,130.27046158443383,131.56430989177994,130.01289600900205,130.31732592117945,81513238
AMZN,2025-12-15 00:00:00+00:00,134.04908742508934,136.32625811624519,133.545253577913,134.584536242882,63199522
AMZN,2025-12-16 00:00:00+00:00,135.3467811064827,138.04463613034045,133.44516385495368,135.88013350801504,31551243
AMZN,2025-12-17 00:00:00+00:00,134.19265873382128,135.31673988384776,132.68171227512002,134.96621758597735,56526242
AMZN,2025-12-18 00:00:00+00:00,136.49804477306245,138.82864971828397,134.48876568666998,136.79634101512275,83451883
AMZN,2025-12-19 00:00:00+00:00,136.60983789809333,138.67620128456355,133.33546259450463,135.65002033801844,77166155
AMZN,2025-12-22 00:00:00+00:00,138.01559753336485,139.42270589885763,135.72366730505576,138.05700500402145,54893879
AMZN,2025-12-23 00:00:00+00:00,140.0272879357828,140.85315008661013,138.94396737871205,139.93430443791843,63845308
AMZN,2025-12-24 00:00:00+00:00,148.4473947629533,150.2163016157816,146.44320658117954,147.19519646662727,14342381
AMZN,2025-12-25 00:00:00+00:00,144.04686474835017,146.16418686578376,142.20427269801544,144.40943472413787,21663874
AMZN,2025-12-26 00:00:00+00:00,143.64115551770473,145.45386200627658,143.3482228293543,144.20485243917167,72749553
AMZN,2025-12-29 00:00:00+00:00,144.17411737297357,145.75863133957606,142.12799421029194,143.8964912730462,14479106
AMZN,2025-12-30 00:00:00+00:00,143.93142459730578,146.79594415638445,142.0921715209106,144.62670275755508,50510336
AMZN,2025-12-31 00:00:00+00:00,146.5959856085246,148.94977025676718,144.92473472316146,146.41999074949584,82124928
AMZN,2026-01-01 00:00:00+00:00,144.55334261125694,147.29266316840773,141.44667151779103,143.92504301225375,36032119
AMZN,2026-01-02 00:00:00+00:00,141.4923199149786,144.8637579003252,141.17026872574115,142.09304293446624,70369374
AMZN,2026-01-05 00:00:00+00:00,142.5305683717767,143.03417373594033,142.33557201376453,142.82748595865107,58490225
AMZN,2026-01-06 00:00:00+00:00,146.18270267407482,148.84217127456031,142.5282396663395,145.24596212545674,20111862
AMZN,2026-01-07 00:00:00+00:00,141.81782838624102,144.93734830881434,139.40657321874014,142.40871461988127,81935632
AMZN,2026-01-08 00:00:00+00:00,138.2111963597076,141.3496218905999,137.97624836432146,138.58467035841764,79536153
AMZN,2026-01-09 00:00:00+00:00,141.48051511908238,143.75136049121664,139.28653991824777,141.3621509930781,25383221
AMZN,2026-01-12 00:00:00+00:00,143.2528001282361,146.16237318302518,141.51231724129767,143.438175545316,62943167
AMZN,2026-01-13 00:00:00+00:00,145.674174278913,149.03558310499747,145.13428404212416,146.16436506347597,55523203
AMZN,2026-01-14 00:00:00+00:00,144.56190286183354,145.0751062891806,142.41612797250295,143.68928238654752,58565659
AMZN,2026-01-15 00:00:00+00:00,142.8396718650272,143.64155809707378,141.07662010782784,143.1708641164565,87905362
AMZN,2026-01-16 00:00:00+00:00,143.89188076052451,145.5702657919305,141.9178726674681,143.7198775240083,70202338
AMZN,2026-01-19 00:00:00+00:00,144.5698188645371,147.47450575442346,143.87162973179298,144.8099669319358,25598318
AMZN,2026-01-20 00:00:00+00:00,144.35165212431434,146.09487088096654,144.1752548579211,144.49055126340158,84253850
AMZN,2026-01-21 00:00:00+00:00,143.5729966345114,145.88148146288202,143.25643095957213,144.34663249486414,21438283
AMZN,2026-01-22 00:00:00+00:00,147.40580705187656,149.9541832237799,146.07405359492486,146.89377180639104,34172986
AMZN,2026-01-23 00:00:00+00:00,145.51608314229006,147.53375653725237,144.50548927852398,145.76843207066435,27567358
AMZN,2026-01-26 00:00:00+00:00,145.06484698261048,147.4824001965614,143.65688634423717,144.36787772992378,14477950
AMZN,2026-01-27 00:00:00+00:00,142.6198155109586,145.05938338795687,141.55116839069188,143.27272318047088,28670966
AMZN,2026-01-28 00:00:00+00:00,141.71301972884388,143.5268757595454,141.29770352440215,141.98842211965484,64216720
AMZN,2026-01-29 00:00:00+00:00,142.5453299345334,144.03639667594837,141.08866572053594,142.2945539743447,37076260
AMZN,2026-01-30 00:00:00+00:00,141.80969207535827,144.09246732560544,140.7167070573476,141.76076559906932,34955964
AMZN,2026-02-02 00:00:00+00:00,140.30055681036012,141.13661467591623,139.36130086400985,140.6668662570662,23238768
AMZN,2026-02-03 00:00:00+00:00,144.07907884230866,145.23847801181705,142.8915844962872,144.16592461674156,67562212
AMZN,2026-02-04 00:00:00+00:00,144.16992500610485,145.31740687629926,141.6620637434301,144.90461443893685,45117734
AMZN,2026-02-05 00:00:00+00:00,144.06036161235096,146.00769523955748,141.73789430169316,144.04124698763476,64673579
AMZN,2026-02-06 00:00:00+00:00,145.7020411837499,148.49515243411292,145.2011942682009,147.21520412403405,16802550
AMZN,2026-02-09 00:00:00+00:00,145.88324344240687,148.50943471872307,145.37771722640625,145.7977203867935,64030267
AMZN,2026-02-10 00:00:00+00:00,146.52539972408528,147.6214715264344,144.0724039398588,145.77591772895943,83812604
AMZN,2026-02-11 00:00:00+00:00,146.0109258992494,148.7026899474054,145.1346273419081,145.52190756184493,75024649
AMZN,2026-02-12 00:00:00+00:00,144.5241607467116,145.52456047686596,141.6969964171878,144.06345370804488,83527462
AMZN,2026-02-13 00:00:00+00:00,142.8486793002244,145.799377534191,141.69549802168618,143.09116681957667,22612098
AMZN,2026-02-16 00:00:00+00:00,143.5405219229987,146.13415413523367,140.4670693121413,143.28143835815078,41506543
AMZN,2026-02-17 00:00:00+00:00,139.5266837331062,140.66141930335132,138.4122112749525,139.75404804121376,24458853
AMZN,2026-02-18 00:00:00+00:00,138.73902520118185,140.33973098008403,137.1754265220297,138.79837251396657,52481598
AMZN,2026-02-19 00:00:00+00:00,139.31648037429625,139.71761637003442,139.0088095332874,139.38126795741988,36726646
AMZN,2026-02-20 00:00:00+00:00,138.2039096788136,141.82212963168024,137.6137419226078,140.0296402104226,23375783
AMZN,2026-02-23 00:00:00+00:00,141.22402465168756,143.18675620119595,140.1087953243057,140.73430017262135,88841608
AMZN,2026-02-24 00:00:00+00:00,146.76689006070708,148.19778425443346,143.75762193722943,146.5216969387175,50306155
AMZN,2026-02-25 00:00:00+00:00,148.66432660435888,150.0319027507977,145.24757074354164,148.19555902211494,28433589
AMZN,2026-02-26 00:00:00+00:00,147.2578494949997,149.3456418441748,145.32594509976875,147.8104724456244,31420981
AMZN,2026-02-27 00:00:00+00:00,147.8643250391339,150.22785125644927,145.57643019571563,147.48222772807608,73084437
AMZN,2026-03-02 00:00:00+00:00,147.7185949027118,148.42714235370576,145.17290443824993,147.45692609429162,88858251
AMZN,2026-03-03 00:00:00+00:00,147.25922935717867,151.05388558258903,145.8779071439947,148.54807268339852,18392023
AMZN,2026-03-04 00:00:00+00:00,146.75624384916225,149.93198714605737,144.00495619981592,147.7710790744779,77016504
AMZN,2026-03-05 00:00:00+00:00,151.65744624697356,152.95265591395275,150.8142102717588,151.63888417323594,39759592
AMZN,2026-03-06 00:00:00+00:00,148.3708722159685,151.66459013459954,145.6518086535045,148.76293042747793,73106357
AMZN,2026-03-09 00:00:00+00:00,150.34669236746583,152.18501857757605,150.13987560500533,150.36821436157263,71342006
AMZN,2026-03-10 00:00:00+00:00,151.2685840894749,153.27576423794744,149.42607135881713,151.6541603842371,79434538
AMZN,2026-03-11 00:00:00+00:00,149.52503467600545,151.18019856373687,146.79147457863587,148.68050141884265,89651677
AMZN,2026-03-12 00:00:00+00:00,149.163528618266,151.40269345726892,146.86446589160354,150.2746048371104,29580923
AMZN,2026-03-13 00:00:00+00:00,150.88788324396904,153.368490050286,150.21672932254,151.6959891584001,16163224
AMZN,2026-03-16 00:00:00+00:00,149.4400437131053,150.43252634102413,148.3191931628792,150.01592858352515,52470638
AMZN,2026-03-17 00:00:00+00:00,155.24643511303125,158.03294078495406,152.37503890448005,156.07935192469208,27534156
AMZN,2026-03-18 00:00:00+00:00,157.60883391459484,159.1519953464233,156.86058009215307,157.97316789748191,59240650
AMZN,2026-03-19 00:00:00+00:00,157.02822663729404,159.1872012884138,155.98805593366268,157.05926770010706,30940501
AMZN,2026-03-20 00:00:00+00:00,154.93587272124395,157.6949043425012,153.0824560686422,155.75221309176192,13992205
AMZN,2026-03-23 00:00:00+00:00,153.9575674982863,157.01481910223768,150.71365006330294,153.75364930620094,60445840
AMZN,2026-03-24 00:00:00+00:00,155.18203473073768,157.51382300319767,153.28886471921368,154.41336042132363,29919307
AMZN,2026-03-25 00:00:00+00:00,155.19241563894965,155.37126076765594,153.89239422917584,154.55282161981245,67302453
